# Made in Blockbench 4.12.6
mtllib cracker.mtl

o Nade
v 2.2981 15.8898 -14.9571
v 0 21 0
v 0 20.681 -3.6466
v -0.6332 20.681 -3.5912
v -1.2472 20.681 -3.4267
v -1.8233 20.681 -3.1581
v -2.344 20.681 -2.7935
v -2.7935 20.681 -2.344
v -3.1581 20.681 -1.8233
v -3.4267 20.681 -1.2472
v -3.5912 20.681 -0.6332
v -3.6466 20.681 0
v -3.5912 20.681 0.6332
v -3.4267 20.681 1.2472
v -3.1581 20.681 1.8233
v -2.7935 20.681 2.344
v -2.344 20.681 2.7935
v -1.8233 20.681 3.1581
v -1.2472 20.681 3.4267
v -0.6332 20.681 3.5912
v 0 20.681 3.6466
v 0 19.7335 -7.1824
v -1.2472 19.7335 -7.0733
v -2.4565 19.7335 -6.7493
v -3.5912 19.7335 -6.2202
v -4.6168 19.7335 -5.5021
v -5.5021 19.7335 -4.6168
v -6.2202 19.7335 -3.5912
v -6.7493 19.7335 -2.4565
v -7.0733 19.7335 -1.2472
v -7.1824 19.7335 0
v -7.0733 19.7335 1.2472
v -6.7493 19.7335 2.4565
v -6.2202 19.7335 3.5912
v -5.5021 19.7335 4.6168
v -4.6168 19.7335 5.5021
v -3.5912 19.7335 6.2202
v -2.4565 19.7335 6.7493
v -1.2472 19.7335 7.0733
v 0 19.7335 7.1824
v 0 18.1865 -10.5
v -1.8233 18.1865 -10.3405
v -3.5912 18.1865 -9.8668
v -5.25 18.1865 -9.0933
v -6.7493 18.1865 -8.0435
v -8.0435 18.1865 -6.7493
v -9.0933 18.1865 -5.25
v -9.8668 18.1865 -3.5912
v -10.3405 18.1865 -1.8233
v -10.5 18.1865 0
v -10.3405 18.1865 1.8233
v -9.8668 18.1865 3.5912
v -9.0933 18.1865 5.25
v -8.0435 18.1865 6.7493
v -6.7493 18.1865 8.0435
v -5.25 18.1865 9.0933
v -3.5912 18.1865 9.8668
v -1.8233 18.1865 10.3405
v 0 18.1865 10.5
v 0 16.0869 -13.4985
v -2.344 16.0869 -13.2935
v -4.6168 16.0869 -12.6845
v -6.7493 16.0869 -11.6901
v -8.6767 16.0869 -10.3405
v -10.3405 16.0869 -8.6767
v -11.6901 16.0869 -6.7493
v -12.6845 16.0869 -4.6168
v -13.2935 16.0869 -2.344
v -13.4985 16.0869 0
v -13.2935 16.0869 2.344
v -12.6845 16.0869 4.6168
v -11.6901 16.0869 6.7493
v -10.3405 16.0869 8.6767
v -8.6767 16.0869 10.3405
v -6.7493 16.0869 11.6901
v -4.6168 16.0869 12.6845
v -2.344 16.0869 13.2935
v 0 16.0869 13.4985
v 0 13.4985 -16.0869
v -2.7935 13.4985 -15.8425
v -5.5021 13.4985 -15.1168
v -8.0435 13.4985 -13.9317
v -10.3405 13.4985 -12.3233
v -12.3233 13.4985 -10.3405
v -13.9317 13.4985 -8.0435
v -15.1168 13.4985 -5.5021
v -15.8425 13.4985 -2.7935
v -16.0869 13.4985 0
v -15.8425 13.4985 2.7935
v -15.1168 13.4985 5.5021
v -13.9317 13.4985 8.0435
v -12.3233 13.4985 10.3405
v -10.3405 13.4985 12.3233
v -8.0435 13.4985 13.9317
v -5.5021 13.4985 15.1168
v -2.7935 13.4985 15.8425
v 0 13.4985 16.0869
v 0 10.5 -18.1865
v -3.1581 10.5 -17.9102
v -6.2202 10.5 -17.0898
v -9.0933 10.5 -15.75
v -11.6901 10.5 -13.9317
v -13.9317 10.5 -11.6901
v -15.75 10.5 -9.0933
v -17.0898 10.5 -6.2202
v -17.9102 10.5 -3.1581
v -18.1865 10.5 0
v -17.9102 10.5 3.1581
v -17.0898 10.5 6.2202
v -15.75 10.5 9.0933
v -13.9317 10.5 11.6901
v -11.6901 10.5 13.9317
v -9.0933 10.5 15.75
v -5.7887 10.8539 16.9498
v -3.115 10.885 17.5808
v 0 11.0002 17.8278
v 0 7.1824 -19.7335
v -3.4267 7.1824 -19.4337
v -6.7493 7.1824 -18.5435
v -9.8668 7.1824 -17.0898
v -12.6845 7.1824 -15.1168
v -15.1168 7.1824 -12.6845
v -17.0898 7.1824 -9.8668
v -18.5435 7.1824 -6.7493
v -19.4338 7.1824 -3.4267
v -19.7336 7.1824 0
v -19.4338 7.1824 3.4267
v -18.5435 7.1824 6.7493
v -17.0898 7.1824 9.8668
v -15.1168 7.1824 12.6845
v -12.6845 7.1824 15.1168
v -9.8668 7.1824 17.0897
v -7.8655 7.1824 18.023
v 0 3.6466 -20.681
v -3.5912 3.6466 -20.3668
v -7.0733 3.6466 -19.4338
v -10.3405 3.6466 -17.9102
v -13.2935 3.6466 -15.8425
v -15.8425 3.6466 -13.2935
v -17.9102 3.6466 -10.3405
v -19.4338 3.6466 -7.0733
v -20.3668 3.6466 -3.5912
v -20.681 3.6466 0
v -20.3668 3.6466 3.5912
v -19.4338 3.6466 7.0733
v -17.9102 3.6466 10.3405
v -15.8425 3.6466 13.2935
v -13.2935 3.6466 15.8425
v -10.3405 3.6466 17.9102
v 0 0 -21
v -3.6466 0 -20.681
v -7.1824 0 -19.7336
v -10.5 0 -18.1865
v -13.4985 0 -16.0869
v -16.0869 0 -13.4985
v -18.1865 0 -10.5
v -19.7336 0 -7.1824
v -20.681 0 -3.6466
v -21 0 0
v -20.681 0 3.6466
v -19.7336 0 7.1824
v -18.1865 0 10.5
v -16.0869 0 13.4985
v -13.4986 0 16.0869
v -10.5 0 18.1865
v -7.1824 0 19.7335
v -5.3844 1.3202 20.0962
v -9.0387 5.1082 18.0868
v 0 -3.6466 -20.681
v -3.5912 -3.6466 -20.3668
v -7.0733 -3.6466 -19.4338
v -10.3405 -3.6466 -17.9102
v -13.2935 -3.6466 -15.8425
v -15.8425 -3.6466 -13.2935
v -17.9102 -3.6466 -10.3405
v -19.4338 -3.6466 -7.0733
v -20.3668 -3.6466 -3.5912
v -20.681 -3.6466 0
v -20.3668 -3.6466 3.5912
v -19.4338 -3.6466 7.0733
v -17.9103 -3.6466 10.3405
v -15.8425 -3.6466 13.2935
v -13.2935 -3.6466 15.8425
v -10.3405 -3.6466 17.9102
v -7.0733 -3.6466 19.4337
v -4.8367 0 20.3621
v -3.6014 -2.978 20.4244
v 0 -7.1824 -19.7335
v -3.4267 -7.1824 -19.4338
v -6.7493 -7.1824 -18.5435
v -9.8668 -7.1824 -17.0898
v -12.6845 -7.1824 -15.1168
v -15.1168 -7.1824 -12.6845
v -17.0898 -7.1824 -9.8668
v -18.5435 -7.1824 -6.7493
v -19.4338 -7.1824 -3.4267
v -19.7336 -7.1824 0
v -19.4338 -7.1824 3.4267
v -18.5435 -7.1824 6.7493
v -17.0898 -7.1824 9.8668
v -15.1168 -7.1824 12.6845
v -12.6845 -7.1824 15.1168
v -9.8668 -7.1824 17.0898
v -6.7493 -7.1824 18.5435
v -3.4267 -7.1824 19.4337
v -1.8573 -7.1824 19.5711
v 0 -10.5 -18.1865
v -3.1581 -10.5 -17.9102
v -6.2202 -10.5 -17.0898
v -9.0933 -10.5 -15.75
v -11.6901 -10.5 -13.9317
v -13.9317 -10.5 -11.6901
v -15.75 -10.5 -9.0933
v -17.0898 -10.5 -6.2202
v -17.9102 -10.5 -3.1581
v -18.1865 -10.5 0
v -17.9102 -10.5 3.1581
v -17.0898 -10.5 6.2202
v -15.75 -10.5 9.0933
v -13.9317 -10.5 11.6901
v -11.6901 -10.5 13.9317
v -9.0933 -10.5 15.75
v -6.2202 -10.5 17.0898
v -3.1581 -10.5 17.9102
v 0 -13.4985 -16.0869
v -2.7935 -13.4985 -15.8425
v -5.5021 -13.4985 -15.1168
v -8.0435 -13.4985 -13.9317
v -10.3405 -13.4985 -12.3233
v -12.3233 -13.4985 -10.3405
v -13.9317 -13.4985 -8.0435
v -15.1168 -13.4985 -5.5021
v -15.8425 -13.4985 -2.7935
v -16.0869 -13.4985 0
v -15.8425 -13.4985 2.7935
v -15.1168 -13.4985 5.5021
v -13.9317 -13.4985 8.0435
v -12.3233 -13.4985 10.3405
v -10.3405 -13.4985 12.3233
v -8.0435 -13.4985 13.9317
v -5.5021 -13.4985 15.1168
v -2.7935 -13.4985 15.8425
v 0 -11.6596 17.3745
v -0.4811 -10.5 18.1444
v 0 -13.4985 16.0869
v 0 -16.0869 -13.4985
v -2.344 -16.0869 -13.2935
v -4.6168 -16.0869 -12.6845
v -6.7493 -16.0869 -11.6901
v -8.6767 -16.0869 -10.3405
v -10.3405 -16.0869 -8.6767
v -11.6901 -16.0869 -6.7493
v -12.6845 -16.0869 -4.6168
v -13.2935 -16.0869 -2.344
v -13.4986 -16.0869 0
v -13.2935 -16.0869 2.344
v -12.6845 -16.0869 4.6168
v -11.6901 -16.0869 6.7493
v -10.3405 -16.0869 8.6767
v -8.6767 -16.0869 10.3405
v -6.7493 -16.0869 11.6901
v -4.6168 -16.0869 12.6845
v -2.344 -16.0869 13.2935
v 0 -16.0869 13.4985
v 0 -18.1865 -10.5
v -1.8233 -18.1865 -10.3405
v -3.5912 -18.1865 -9.8668
v -5.25 -18.1865 -9.0933
v -6.7493 -18.1865 -8.0435
v -8.0435 -18.1865 -6.7493
v -9.0933 -18.1865 -5.25
v -9.8668 -18.1865 -3.5912
v -10.3405 -18.1865 -1.8233
v -10.5 -18.1865 0
v -10.3405 -18.1865 1.8233
v -9.8668 -18.1865 3.5912
v -9.0933 -18.1865 5.25
v -8.0435 -18.1865 6.7493
v -6.7493 -18.1865 8.0435
v -5.25 -18.1865 9.0933
v -3.5912 -18.1865 9.8668
v -1.8233 -18.1865 10.3405
v 0 -18.1865 10.5
v 0 -19.7335 -7.1824
v -1.2472 -19.7335 -7.0733
v -2.4565 -19.7335 -6.7493
v -3.5912 -19.7335 -6.2202
v -4.6168 -19.7335 -5.5021
v -5.5021 -19.7335 -4.6168
v -6.2202 -19.7335 -3.5912
v -6.7493 -19.7335 -2.4565
v -7.0733 -19.7335 -1.2472
v -7.1824 -19.7335 0
v -7.0733 -19.7335 1.2472
v -6.7493 -19.7335 2.4565
v -6.2202 -19.7335 3.5912
v -5.5021 -19.7335 4.6168
v -4.6168 -19.7335 5.5021
v -3.5912 -19.7335 6.2202
v -2.4565 -19.7335 6.7493
v -1.2472 -19.7335 7.0733
v 0 -19.7335 7.1824
v 0 -20.681 -3.6466
v -0.6332 -20.681 -3.5912
v -1.2472 -20.681 -3.4267
v -1.8233 -20.681 -3.1581
v -2.344 -20.681 -2.7935
v -2.7935 -20.681 -2.344
v -3.1581 -20.681 -1.8233
v -3.4267 -20.681 -1.2472
v -3.5912 -20.681 -0.6332
v -3.6466 -20.681 0
v -3.5912 -20.681 0.6332
v -3.4267 -20.681 1.2472
v -3.1581 -20.681 1.8233
v -2.7935 -20.681 2.344
v -2.344 -20.681 2.7935
v -1.8233 -20.681 3.1581
v -1.2472 -20.681 3.4267
v -0.6332 -20.681 3.5912
v 0 -20.681 3.6466
v 0 -21 0
v -8.438 5.1629 18.3508
v -7.2956 7.1824 18.2887
v -5.0265 1.6267 20.1645
v -5.4191 10.5 17.3044
v 0 -10.4904 18.191
v -1.3723 -7.1824 19.6135
v -4.3517 0 20.492
v -3.115 10.4113 17.4025
v -3.2449 0.2363 19.2274
v -3.9935 2.0508 18.8907
v -0.2759 -6.9224 18.3444
v 0 -7.8809 18.275
v -3.115 9.029 16.124
v 0 9.029 16.124
v 0 10.4113 17.4025
v -4.7066 9.029 16.124
v -6.2479 6.3952 17.1682
v -6.9664 5.2334 17.6289
v -2.8444 0.5888 19.2101
v -3.5511 2.2762 18.8013
v 0 -6.1796 18.2597
v -2.8949 8.5423 16.317
v 0 8.5423 16.317
v -4.2635 8.5423 16.317
v -5.6444 6.1716 17.2569
v -6.2463 5.1989 17.6425
v 2.8444 0.5888 19.2101
v 3.5511 2.2762 18.8013
v 0.6332 20.681 -3.5912
v 1.2472 20.681 -3.4267
v 1.8233 20.681 -3.1581
v 2.344 20.681 -2.7935
v 2.7935 20.681 -2.344
v 3.1581 20.681 -1.8233
v 3.4267 20.681 -1.2472
v 3.5912 20.681 -0.6332
v 3.6466 20.681 0
v 3.5912 20.681 0.6332
v 3.4267 20.681 1.2472
v 3.1581 20.681 1.8233
v 2.7935 20.681 2.344
v 2.344 20.681 2.7935
v 1.8233 20.681 3.1581
v 1.2472 20.681 3.4267
v 0.6332 20.681 3.5912
v 1.2472 19.7335 -7.0733
v 2.4565 19.7335 -6.7493
v 3.5912 19.7335 -6.2202
v 4.6168 19.7335 -5.5021
v 5.5021 19.7335 -4.6168
v 6.2202 19.7335 -3.5912
v 6.7493 19.7335 -2.4565
v 7.0733 19.7335 -1.2472
v 7.1824 19.7335 0
v 7.0733 19.7335 1.2472
v 6.7493 19.7335 2.4565
v 6.2202 19.7335 3.5912
v 5.5021 19.7335 4.6168
v 4.6168 19.7335 5.5021
v 3.5912 19.7335 6.2202
v 2.4565 19.7335 6.7493
v 1.2472 19.7335 7.0733
v 1.8233 18.1865 -10.3405
v 3.5912 18.1865 -9.8668
v 5.25 18.1865 -9.0933
v 6.7493 18.1865 -8.0435
v 8.0435 18.1865 -6.7493
v 9.0933 18.1865 -5.25
v 9.8668 18.1865 -3.5912
v 10.3405 18.1865 -1.8233
v 10.5 18.1865 0
v 10.3405 18.1865 1.8233
v 9.8668 18.1865 3.5912
v 9.0933 18.1865 5.25
v 8.0435 18.1865 6.7493
v 6.7493 18.1865 8.0435
v 5.25 18.1865 9.0933
v 3.5912 18.1865 9.8668
v 1.8233 18.1865 10.3405
v 2.344 16.0869 -13.2935
v 4.6168 16.0869 -12.6845
v 6.7493 16.0869 -11.6901
v 8.6767 16.0869 -10.3405
v 10.3405 16.0869 -8.6767
v 11.6901 16.0869 -6.7493
v 12.6845 16.0869 -4.6168
v 13.2935 16.0869 -2.344
v 13.4985 16.0869 0
v 13.2935 16.0869 2.344
v 12.6845 16.0869 4.6168
v 11.6901 16.0869 6.7493
v 10.3405 16.0869 8.6767
v 8.6767 16.0869 10.3405
v 6.7493 16.0869 11.6901
v 4.6168 16.0869 12.6845
v 2.344 16.0869 13.2935
v 2.7935 13.4985 -15.8425
v 5.5021 13.4985 -15.1168
v 8.0435 13.4985 -13.9317
v 10.3405 13.4985 -12.3233
v 12.3233 13.4985 -10.3405
v 13.9317 13.4985 -8.0435
v 15.1168 13.4985 -5.5021
v 15.8425 13.4985 -2.7935
v 16.0869 13.4985 0
v 15.8425 13.4985 2.7935
v 15.1168 13.4985 5.5021
v 13.9317 13.4985 8.0435
v 12.3233 13.4985 10.3405
v 10.3405 13.4985 12.3233
v 8.0435 13.4985 13.9317
v 5.5021 13.4985 15.1168
v 2.7935 13.4985 15.8425
v 3.1581 10.5 -17.9102
v 6.2202 10.5 -17.0898
v 9.0933 10.5 -15.75
v 11.6901 10.5 -13.9317
v 13.9317 10.5 -11.6901
v 15.75 10.5 -9.0933
v 17.0898 10.5 -6.2202
v 17.9102 10.5 -3.1581
v 18.1865 10.5 0
v 17.9102 10.5 3.1581
v 17.0898 10.5 6.2202
v 15.75 10.5 9.0933
v 13.9317 10.5 11.6901
v 11.6901 10.5 13.9317
v 9.0933 10.5 15.75
v 5.7887 10.8539 16.9498
v 3.115 10.885 17.5808
v 3.4267 7.1824 -19.4337
v 6.7493 7.1824 -18.5435
v 9.8668 7.1824 -17.0898
v 12.6845 7.1824 -15.1168
v 15.1168 7.1824 -12.6845
v 17.0898 7.1824 -9.8668
v 18.5435 7.1824 -6.7493
v 19.4338 7.1824 -3.4267
v 19.7335 7.1824 0
v 19.4338 7.1824 3.4267
v 18.5435 7.1824 6.7493
v 17.0898 7.1824 9.8668
v 15.1168 7.1824 12.6845
v 12.6845 7.1824 15.1168
v 9.8668 7.1824 17.0898
v 7.8655 7.1824 18.023
v 3.5912 3.6466 -20.3668
v 7.0733 3.6466 -19.4337
v 10.3405 3.6466 -17.9102
v 13.2935 3.6466 -15.8425
v 15.8425 3.6466 -13.2935
v 17.9102 3.6466 -10.3405
v 19.4338 3.6466 -7.0733
v 20.3668 3.6466 -3.5912
v 20.681 3.6466 0
v 20.3668 3.6466 3.5912
v 19.4338 3.6466 7.0733
v 17.9102 3.6466 10.3405
v 15.8425 3.6466 13.2935
v 13.2935 3.6466 15.8425
v 10.3405 3.6466 17.9102
v 3.6466 0 -20.681
v 7.1824 0 -19.7335
v 10.5 0 -18.1865
v 13.4985 0 -16.0869
v 16.0869 0 -13.4985
v 18.1865 0 -10.5
v 19.7335 0 -7.1824
v 20.681 0 -3.6466
v 21 0 0
v 20.681 0 3.6466
v 19.7335 0 7.1824
v 18.1865 0 10.5
v 16.0869 0 13.4985
v 13.4985 0 16.0869
v 10.5 0 18.1865
v 9.0387 5.1082 18.0868
v 5.3844 1.3202 20.0962
v 7.1824 0 19.7335
v 3.5912 -3.6466 -20.3668
v 7.0733 -3.6466 -19.4337
v 10.3405 -3.6466 -17.9102
v 13.2935 -3.6466 -15.8425
v 15.8425 -3.6466 -13.2935
v 17.9102 -3.6466 -10.3405
v 19.4338 -3.6466 -7.0733
v 20.3668 -3.6466 -3.5912
v 20.681 -3.6466 0
v 20.3668 -3.6466 3.5912
v 19.4338 -3.6466 7.0733
v 17.9102 -3.6466 10.3405
v 15.8425 -3.6466 13.2935
v 13.2935 -3.6466 15.8425
v 10.3405 -3.6466 17.9102
v 7.0733 -3.6466 19.4338
v 4.8367 0 20.3621
v 3.6014 -2.978 20.4244
v 3.4267 -7.1824 -19.4337
v 6.7493 -7.1824 -18.5435
v 9.8668 -7.1824 -17.0898
v 12.6845 -7.1824 -15.1168
v 15.1168 -7.1824 -12.6845
v 17.0898 -7.1824 -9.8668
v 18.5435 -7.1824 -6.7493
v 19.4338 -7.1824 -3.4267
v 19.7335 -7.1824 0
v 19.4338 -7.1824 3.4267
v 18.5435 -7.1824 6.7493
v 17.0898 -7.1824 9.8668
v 15.1168 -7.1824 12.6845
v 12.6845 -7.1824 15.1168
v 9.8668 -7.1824 17.0898
v 6.7493 -7.1824 18.5435
v 3.4267 -7.1824 19.4337
v 1.8573 -7.1824 19.5711
v 3.1581 -10.5 -17.9102
v 6.2202 -10.5 -17.0898
v 9.0933 -10.5 -15.75
v 11.6901 -10.5 -13.9317
v 13.9317 -10.5 -11.6901
v 15.75 -10.5 -9.0933
v 17.0898 -10.5 -6.2202
v 17.9102 -10.5 -3.1581
v 18.1865 -10.5 0
v 17.9102 -10.5 3.1581
v 17.0898 -10.5 6.2202
v 15.75 -10.5 9.0933
v 13.9317 -10.5 11.6901
v 11.6901 -10.5 13.9317
v 9.0933 -10.5 15.75
v 6.2202 -10.5 17.0898
v 3.1581 -10.5 17.9102
v 2.7935 -13.4985 -15.8425
v 5.5021 -13.4985 -15.1168
v 8.0435 -13.4985 -13.9317
v 10.3405 -13.4985 -12.3233
v 12.3233 -13.4985 -10.3405
v 13.9317 -13.4985 -8.0435
v 15.1168 -13.4985 -5.5021
v 15.8425 -13.4985 -2.7935
v 16.0869 -13.4985 0
v 15.8425 -13.4985 2.7935
v 15.1168 -13.4985 5.5021
v 13.9317 -13.4985 8.0435
v 12.3233 -13.4985 10.3405
v 10.3405 -13.4985 12.3233
v 8.0435 -13.4985 13.9317
v 5.5021 -13.4985 15.1168
v 2.7935 -13.4985 15.8425
v 0.4811 -10.5 18.1444
v 2.344 -16.0869 -13.2935
v 4.6168 -16.0869 -12.6845
v 6.7493 -16.0869 -11.6901
v 8.6767 -16.0869 -10.3405
v 10.3405 -16.0869 -8.6767
v 11.6901 -16.0869 -6.7493
v 12.6845 -16.0869 -4.6168
v 13.2935 -16.0869 -2.344
v 13.4985 -16.0869 0
v 13.2935 -16.0869 2.344
v 12.6845 -16.0869 4.6168
v 11.6901 -16.0869 6.7493
v 10.3405 -16.0869 8.6767
v 8.6767 -16.0869 10.3405
v 6.7493 -16.0869 11.6901
v 4.6168 -16.0869 12.6845
v 2.344 -16.0869 13.2935
v 1.8233 -18.1865 -10.3405
v 3.5912 -18.1865 -9.8668
v 5.25 -18.1865 -9.0933
v 6.7493 -18.1865 -8.0435
v 8.0435 -18.1865 -6.7493
v 9.0933 -18.1865 -5.25
v 9.8668 -18.1865 -3.5912
v 10.3405 -18.1865 -1.8233
v 10.5 -18.1865 0
v 10.3405 -18.1865 1.8233
v 9.8668 -18.1865 3.5912
v 9.0933 -18.1865 5.25
v 8.0435 -18.1865 6.7493
v 6.7493 -18.1865 8.0435
v 5.25 -18.1865 9.0933
v 3.5912 -18.1865 9.8668
v 1.8233 -18.1865 10.3405
v 1.2472 -19.7335 -7.0733
v 2.4565 -19.7335 -6.7493
v 3.5912 -19.7335 -6.2202
v 4.6168 -19.7335 -5.5021
v 5.5021 -19.7335 -4.6168
v 6.2202 -19.7335 -3.5912
v 6.7493 -19.7335 -2.4565
v 7.0733 -19.7335 -1.2472
v 7.1824 -19.7335 0
v 7.0733 -19.7335 1.2472
v 6.7493 -19.7335 2.4565
v 6.2202 -19.7335 3.5912
v 5.5021 -19.7335 4.6168
v 4.6168 -19.7335 5.5021
v 3.5912 -19.7335 6.2202
v 2.4565 -19.7335 6.7493
v 1.2472 -19.7335 7.0733
v 0.6332 -20.681 -3.5912
v 1.2472 -20.681 -3.4267
v 1.8233 -20.681 -3.1581
v 2.344 -20.681 -2.7935
v 2.7935 -20.681 -2.344
v 3.1581 -20.681 -1.8233
v 3.4267 -20.681 -1.2472
v 3.5912 -20.681 -0.6332
v 3.6466 -20.681 0
v 3.5912 -20.681 0.6332
v 3.4267 -20.681 1.2472
v 3.1581 -20.681 1.8233
v 2.7935 -20.681 2.344
v 2.344 -20.681 2.7935
v 1.8233 -20.681 3.1581
v 1.2472 -20.681 3.4267
v 0.6332 -20.681 3.5912
v 7.2956 7.1824 18.2887
v 8.438 5.1629 18.3508
v 5.0265 1.6267 20.1645
v 5.6444 6.1716 17.2569
v 4.2635 8.5423 16.317
v 2.8949 8.5423 16.317
v 5.4191 10.5 17.3044
v 1.3722 -7.1824 19.6135
v 4.3517 0 20.492
v 3.115 10.4113 17.4025
v 3.9935 2.0508 18.8907
v 3.2449 0.2363 19.2274
v 0.2759 -6.9224 18.3444
v 3.115 9.029 16.124
v 4.7066 9.029 16.124
v 6.2479 6.3952 17.1682
v 6.9664 5.2334 17.6289
v 6.2463 5.1989 17.6425
v 11.5629 15.1213 6.7393
v 12.288 15.1194 5.9912
v 12.1867 14.9934 5.9147
v 12.4321 15.3562 6.2151
v 12.4848 15.5492 6.51
v 12.4396 15.6752 6.8403
v 12.302 15.7189 7.1661
v 12.0886 15.6752 7.4481
v 11.8252 15.5492 7.6524
v 11.5435 15.3562 7.7542
v 11.2775 15.1194 7.7414
v 11.1606 14.9934 7.6919
v 13.1473 14.8618 5.4612
v 12.9569 14.625 5.3175
v 13.4181 15.3068 5.8821
v 13.5171 15.6696 6.4363
v 13.4321 15.9063 7.057
v 13.1736 15.9886 7.6693
v 12.7726 15.9063 8.1993
v 12.2775 15.6696 8.5832
v 11.7481 15.3068 8.7746
v 11.2482 14.8618 8.7505
v 11.0285 14.625 8.6575
v 14.037 14.3797 5.2134
v 13.7805 14.0607 5.0197
v 14.4019 14.9792 5.7804
v 14.5352 15.468 6.5271
v 14.4208 15.787 7.3633
v 14.0724 15.8978 8.1882
v 13.5322 15.787 8.9024
v 12.8652 15.468 9.4196
v 12.1519 14.9792 9.6775
v 11.4784 14.3797 9.645
v 11.1824 14.0607 9.5197
v 14.8499 13.7311 5.2775
v 14.5582 13.3684 5.0572
v 15.2649 14.4129 5.9223
v 15.4165 14.9687 6.7713
v 15.2863 15.3315 7.7223
v 14.8902 15.4575 8.6604
v 14.2759 15.3315 9.4725
v 13.5174 14.9687 10.0606
v 12.7063 14.4129 10.3539
v 11.9404 13.7311 10.3169
v 11.6038 13.3684 10.1744
v 15.4879 12.9944 5.6458
v 15.1962 12.6316 5.4256
v 15.9029 13.6762 6.2906
v 16.0545 14.232 7.1397
v 15.9243 14.5947 8.0906
v 15.5282 14.7207 9.0287
v 14.9139 14.5947 9.8408
v 14.1554 14.232 10.429
v 13.3443 13.6762 10.7223
v 12.5784 12.9944 10.6853
v 12.2418 12.6316 10.5428
v 15.8741 12.2583 6.274
v 15.6176 11.9393 6.0803
v 16.2391 12.8579 6.8411
v 16.3723 13.3467 7.5877
v 16.2579 13.6657 8.4239
v 15.9095 13.7765 9.2489
v 15.3693 13.6657 9.963
v 14.7023 13.3467 10.4803
v 13.9891 12.8579 10.7382
v 13.3155 12.2584 10.7057
v 13.0195 11.9393 10.5803
v 15.9619 11.6118 7.0863
v 15.7715 11.375 6.9425
v 16.2328 12.0568 7.5071
v 16.3317 12.4195 8.0613
v 16.2467 12.6563 8.682
v 15.9882 12.7385 9.2943
v 15.5872 12.6563 9.8244
v 15.0922 12.4195 10.2082
v 14.5627 12.0568 10.3997
v 14.0628 11.6118 10.3755
v 13.8431 11.375 10.2825
v 15.7407 11.1326 7.9846
v 15.6394 11.0066 7.9081
v 15.8848 11.3694 8.2085
v 15.9374 11.5624 8.5034
v 15.8922 11.6884 8.8337
v 15.7547 11.7321 9.1595
v 15.5413 11.6884 9.4415
v 15.2779 11.5624 9.6458
v 14.9962 11.3694 9.7476
v 14.7302 11.1326 9.7348
v 14.6133 11.0066 9.6853
v 15.2371 10.8787 8.8607
v 11.5629 -15.1213 6.7393
v 12.1867 -14.9934 5.9147
v 12.288 -15.1194 5.9912
v 12.4321 -15.3562 6.2151
v 12.4848 -15.5492 6.51
v 12.4396 -15.6752 6.8403
v 12.302 -15.7189 7.1661
v 12.0886 -15.6752 7.4481
v 11.8252 -15.5492 7.6524
v 11.5435 -15.3562 7.7542
v 11.2775 -15.1194 7.7414
v 11.1606 -14.9934 7.6919
v 13.1473 -14.8618 5.4612
v 12.9569 -14.625 5.3175
v 13.4181 -15.3068 5.8821
v 13.5171 -15.6696 6.4363
v 13.4321 -15.9064 7.057
v 13.1736 -15.9886 7.6693
v 12.7726 -15.9064 8.1993
v 12.2775 -15.6696 8.5832
v 11.7481 -15.3068 8.7747
v 11.2482 -14.8618 8.7505
v 11.0285 -14.625 8.6575
v 14.037 -14.3797 5.2134
v 13.7805 -14.0607 5.0197
v 14.4019 -14.9792 5.7804
v 14.5352 -15.468 6.5271
v 14.4208 -15.787 7.3633
v 14.0724 -15.8978 8.1882
v 13.5322 -15.787 8.9024
v 12.8652 -15.468 9.4196
v 12.1519 -14.9792 9.6775
v 11.4784 -14.3797 9.645
v 11.1824 -14.0607 9.5197
v 14.8499 -13.7311 5.2775
v 14.5582 -13.3684 5.0572
v 15.2649 -14.4129 5.9223
v 15.4165 -14.9687 6.7713
v 15.2863 -15.3315 7.7223
v 14.8902 -15.4575 8.6604
v 14.2758 -15.3315 9.4725
v 13.5174 -14.9687 10.0606
v 12.7063 -14.4129 10.3539
v 11.9404 -13.7311 10.3169
v 11.6038 -13.3684 10.1744
v 15.4879 -12.9944 5.6458
v 15.1962 -12.6316 5.4256
v 15.9029 -13.6762 6.2906
v 16.0545 -14.232 7.1397
v 15.9243 -14.5947 8.0906
v 15.5282 -14.7207 9.0287
v 14.9139 -14.5947 9.8408
v 14.1554 -14.232 10.429
v 13.3443 -13.6762 10.7223
v 12.5784 -12.9944 10.6853
v 12.2418 -12.6316 10.5428
v 15.8741 -12.2583 6.274
v 15.6176 -11.9393 6.0803
v 16.2391 -12.8579 6.8411
v 16.3723 -13.3467 7.5877
v 16.2579 -13.6657 8.424
v 15.9095 -13.7765 9.2489
v 15.3693 -13.6657 9.963
v 14.7023 -13.3467 10.4803
v 13.9891 -12.8579 10.7382
v 13.3155 -12.2584 10.7057
v 13.0195 -11.9393 10.5803
v 15.9619 -11.6118 7.0863
v 15.7715 -11.375 6.9425
v 16.2328 -12.0568 7.5071
v 16.3317 -12.4195 8.0613
v 16.2467 -12.6563 8.682
v 15.9882 -12.7385 9.2943
v 15.5872 -12.6563 9.8244
v 15.0922 -12.4195 10.2083
v 14.5627 -12.0568 10.3997
v 14.0628 -11.6118 10.3755
v 13.8431 -11.375 10.2825
v 15.7407 -11.1326 7.9846
v 15.6394 -11.0066 7.9081
v 15.8848 -11.3694 8.2085
v 15.9374 -11.5624 8.5034
v 15.8922 -11.6884 8.8337
v 15.7547 -11.7321 9.1595
v 15.5413 -11.6884 9.4415
v 15.2779 -11.5624 9.6458
v 14.9962 -11.3694 9.7476
v 14.7302 -11.1326 9.7348
v 14.6133 -11.0066 9.6853
v 15.2371 -10.8787 8.8607
v 20 3 0
v 20.1782 2.8191 -1.0105
v 20 2.8191 -1.0261
v 20.513 2.8191 -0.8886
v 20.786 2.8191 -0.6595
v 20.9642 2.8191 -0.3509
v 21.0261 2.8191 0
v 20.9642 2.8191 0.3509
v 20.786 2.8191 0.6595
v 20.513 2.8191 0.8886
v 20.1782 2.8191 1.0105
v 20 2.8191 1.0261
v 20.3349 2.2981 -1.8991
v 20 2.2981 -1.9284
v 20.9642 2.2981 -1.67
v 21.4772 2.2981 -1.2395
v 21.8121 2.2981 -0.6595
v 21.9284 2.2981 0
v 21.8121 2.2981 0.6595
v 21.4772 2.2981 1.2395
v 20.9642 2.2981 1.67
v 20.3349 2.2981 1.8991
v 20 2.2981 1.9284
v 20.4512 1.5 -2.5586
v 20 1.5 -2.5981
v 21.299 1.5 -2.25
v 21.9902 1.5 -1.67
v 22.4414 1.5 -0.8886
v 22.5981 1.5 0
v 22.4414 1.5 0.8886
v 21.9902 1.5 1.67
v 21.299 1.5 2.25
v 20.4512 1.5 2.5586
v 20 1.5 2.5981
v 20.513 0.5209 -2.9095
v 20 0.5209 -2.9544
v 21.4772 0.5209 -2.5586
v 22.2632 0.5209 -1.8991
v 22.7762 0.5209 -1.0105
v 22.9544 0.5209 0
v 22.7762 0.5209 1.0105
v 22.2632 0.5209 1.8991
v 21.4772 0.5209 2.5586
v 20.513 0.5209 2.9095
v 20 0.5209 2.9544
v 20.513 -0.5209 -2.9095
v 20 -0.5209 -2.9544
v 21.4772 -0.5209 -2.5586
v 22.2632 -0.5209 -1.8991
v 22.7762 -0.5209 -1.0105
v 22.9544 -0.5209 0
v 22.7762 -0.5209 1.0105
v 22.2632 -0.5209 1.8991
v 21.4772 -0.5209 2.5586
v 20.513 -0.5209 2.9095
v 20 -0.5209 2.9544
v 20.4511 -1.5 -2.5586
v 20 -1.5 -2.5981
v 21.299 -1.5 -2.25
v 21.9902 -1.5 -1.67
v 22.4414 -1.5 -0.8886
v 22.5981 -1.5 0
v 22.4414 -1.5 0.8886
v 21.9902 -1.5 1.67
v 21.299 -1.5 2.25
v 20.4511 -1.5 2.5586
v 20 -1.5 2.5981
v 20.3349 -2.2981 -1.8991
v 20 -2.2981 -1.9284
v 20.9642 -2.2981 -1.67
v 21.4772 -2.2981 -1.2395
v 21.8121 -2.2981 -0.6595
v 21.9284 -2.2981 0
v 21.8121 -2.2981 0.6595
v 21.4772 -2.2981 1.2395
v 20.9642 -2.2981 1.67
v 20.3349 -2.2981 1.8991
v 20 -2.2981 1.9284
v 20.1782 -2.8191 -1.0105
v 20 -2.8191 -1.0261
v 20.513 -2.8191 -0.8886
v 20.786 -2.8191 -0.6595
v 20.9642 -2.8191 -0.3509
v 21.0261 -2.8191 0
v 20.9642 -2.8191 0.3509
v 20.786 -2.8191 0.6595
v 20.513 -2.8191 0.8886
v 20.1782 -2.8191 1.0105
v 20 -2.8191 1.0261
v 20 -3 0
v 11.5629 15.1213 -6.7393
v 12.1867 14.9934 -5.9147
v 12.288 15.1194 -5.9912
v 12.4321 15.3562 -6.2151
v 12.4848 15.5492 -6.51
v 12.4396 15.6752 -6.8403
v 12.302 15.7189 -7.1661
v 12.0886 15.6752 -7.4481
v 11.8252 15.5492 -7.6524
v 11.5435 15.3562 -7.7542
v 11.2776 15.1194 -7.7414
v 11.1606 14.9934 -7.6919
v 13.1473 14.8618 -5.4612
v 12.9569 14.625 -5.3175
v 13.4181 15.3068 -5.8821
v 13.5171 15.6696 -6.4363
v 13.4321 15.9063 -7.057
v 13.1736 15.9886 -7.6693
v 12.7726 15.9063 -8.1993
v 12.2775 15.6696 -8.5832
v 11.7481 15.3068 -8.7747
v 11.2482 14.8618 -8.7505
v 11.0285 14.625 -8.6575
v 14.037 14.3797 -5.2134
v 13.7805 14.0607 -5.0197
v 14.4019 14.9792 -5.7804
v 14.5352 15.468 -6.5271
v 14.4208 15.787 -7.3633
v 14.0724 15.8978 -8.1882
v 13.5322 15.787 -8.9024
v 12.8652 15.468 -9.4196
v 12.1519 14.9792 -9.6775
v 11.4784 14.3797 -9.645
v 11.1824 14.0607 -9.5197
v 14.8499 13.7311 -5.2775
v 14.5582 13.3684 -5.0572
v 15.2649 14.4129 -5.9223
v 15.4165 14.9687 -6.7713
v 15.2863 15.3315 -7.7223
v 14.8902 15.4575 -8.6604
v 14.2759 15.3315 -9.4725
v 13.5174 14.9687 -10.0606
v 12.7063 14.4129 -10.3539
v 11.9404 13.7311 -10.3169
v 11.6038 13.3684 -10.1744
v 15.488 12.9944 -5.6458
v 15.1962 12.6316 -5.4256
v 15.9029 13.6762 -6.2906
v 16.0545 14.232 -7.1397
v 15.9244 14.5947 -8.0906
v 15.5282 14.7207 -9.0287
v 14.9139 14.5947 -9.8408
v 14.1554 14.232 -10.429
v 13.3443 13.6762 -10.7223
v 12.5784 12.9944 -10.6853
v 12.2418 12.6316 -10.5428
v 15.8741 12.2583 -6.274
v 15.6176 11.9393 -6.0803
v 16.2391 12.8579 -6.8411
v 16.3723 13.3466 -7.5877
v 16.2579 13.6657 -8.424
v 15.9096 13.7765 -9.2489
v 15.3693 13.6657 -9.963
v 14.7023 13.3467 -10.4803
v 13.9891 12.8579 -10.7382
v 13.3155 12.2583 -10.7057
v 13.0195 11.9393 -10.5803
v 15.9619 11.6118 -7.0863
v 15.7715 11.375 -6.9425
v 16.2328 12.0568 -7.5071
v 16.3317 12.4195 -8.0613
v 16.2467 12.6563 -8.682
v 15.9882 12.7385 -9.2943
v 15.5872 12.6563 -9.8244
v 15.0922 12.4195 -10.2083
v 14.5628 12.0568 -10.3997
v 14.0628 11.6118 -10.3755
v 13.8431 11.375 -10.2825
v 15.7407 11.1326 -7.9846
v 15.6394 11.0066 -7.9081
v 15.8848 11.3694 -8.2085
v 15.9374 11.5624 -8.5034
v 15.8922 11.6884 -8.8337
v 15.7547 11.7321 -9.1595
v 15.5413 11.6884 -9.4415
v 15.2779 11.5624 -9.6458
v 14.9962 11.3694 -9.7476
v 14.7302 11.1326 -9.7348
v 14.6133 11.0066 -9.6853
v 15.2371 10.8787 -8.8607
v 11.5629 -15.1213 -6.7393
v 12.288 -15.1194 -5.9912
v 12.1867 -14.9934 -5.9147
v 12.4321 -15.3562 -6.2151
v 12.4848 -15.5492 -6.51
v 12.4396 -15.6752 -6.8403
v 12.302 -15.7189 -7.1661
v 12.0886 -15.6752 -7.4481
v 11.8252 -15.5492 -7.6524
v 11.5435 -15.3562 -7.7542
v 11.2775 -15.1194 -7.7414
v 11.1606 -14.9934 -7.6919
v 13.1473 -14.8618 -5.4612
v 12.9569 -14.625 -5.3175
v 13.4181 -15.3068 -5.8821
v 13.5171 -15.6696 -6.4363
v 13.4321 -15.9063 -7.057
v 13.1736 -15.9886 -7.6693
v 12.7726 -15.9064 -8.1993
v 12.2775 -15.6696 -8.5832
v 11.7481 -15.3068 -8.7746
v 11.2482 -14.8618 -8.7505
v 11.0285 -14.625 -8.6575
v 14.037 -14.3797 -5.2134
v 13.7805 -14.0607 -5.0197
v 14.4019 -14.9792 -5.7804
v 14.5352 -15.468 -6.5271
v 14.4208 -15.787 -7.3633
v 14.0724 -15.8978 -8.1882
v 13.5322 -15.787 -8.9024
v 12.8652 -15.468 -9.4196
v 12.1519 -14.9792 -9.6775
v 11.4784 -14.3797 -9.645
v 11.1824 -14.0607 -9.5197
v 14.8499 -13.7311 -5.2775
v 14.5582 -13.3684 -5.0572
v 15.2649 -14.4129 -5.9223
v 15.4165 -14.9687 -6.7713
v 15.2863 -15.3315 -7.7223
v 14.8902 -15.4575 -8.6604
v 14.2759 -15.3315 -9.4725
v 13.5174 -14.9687 -10.0606
v 12.7063 -14.4129 -10.3539
v 11.9404 -13.7311 -10.3169
v 11.6038 -13.3684 -10.1744
v 15.4879 -12.9944 -5.6458
v 15.1962 -12.6316 -5.4256
v 15.9029 -13.6762 -6.2906
v 16.0545 -14.232 -7.1397
v 15.9243 -14.5947 -8.0906
v 15.5282 -14.7207 -9.0287
v 14.9139 -14.5947 -9.8408
v 14.1554 -14.232 -10.429
v 13.3443 -13.6762 -10.7223
v 12.5784 -12.9944 -10.6853
v 12.2418 -12.6316 -10.5428
v 15.8741 -12.2583 -6.274
v 15.6176 -11.9393 -6.0803
v 16.2391 -12.8579 -6.8411
v 16.3723 -13.3467 -7.5877
v 16.2579 -13.6657 -8.4239
v 15.9096 -13.7765 -9.2489
v 15.3693 -13.6657 -9.963
v 14.7023 -13.3467 -10.4803
v 13.9891 -12.8579 -10.7382
v 13.3155 -12.2584 -10.7057
v 13.0195 -11.9393 -10.5803
v 15.9619 -11.6118 -7.0863
v 15.7715 -11.375 -6.9425
v 16.2328 -12.0568 -7.5071
v 16.3317 -12.4195 -8.0613
v 16.2467 -12.6563 -8.682
v 15.9882 -12.7385 -9.2943
v 15.5872 -12.6563 -9.8244
v 15.0922 -12.4195 -10.2083
v 14.5627 -12.0567 -10.3997
v 14.0628 -11.6118 -10.3755
v 13.8431 -11.375 -10.2825
v 15.7407 -11.1326 -7.9846
v 15.6394 -11.0066 -7.9081
v 15.8848 -11.3694 -8.2085
v 15.9374 -11.5624 -8.5034
v 15.8922 -11.6884 -8.8337
v 15.7547 -11.7321 -9.1595
v 15.5413 -11.6884 -9.4415
v 15.2779 -11.5624 -9.6458
v 14.9962 -11.3694 -9.7476
v 14.7302 -11.1326 -9.7348
v 14.6133 -11.0066 -9.6853
v 15.2371 -10.8787 -8.8607
v 3 20 0
v 2.8191 20 -1.0261
v 2.8191 20.1782 -1.0105
v 2.8191 20.513 -0.8886
v 2.8191 20.786 -0.6595
v 2.8191 20.9642 -0.3509
v 2.8191 21.0261 0
v 2.8191 20.9642 0.3509
v 2.8191 20.786 0.6595
v 2.8191 20.513 0.8886
v 2.8191 20.1782 1.0105
v 2.8191 20 1.0261
v 2.2981 20.3349 -1.8991
v 2.2981 20 -1.9284
v 2.2981 20.9642 -1.67
v 2.2981 21.4772 -1.2395
v 2.2981 21.8121 -0.6595
v 2.2981 21.9284 0
v 2.2981 21.8121 0.6595
v 2.2981 21.4772 1.2395
v 2.2981 20.9642 1.67
v 2.2981 20.3349 1.8991
v 2.2981 20 1.9284
v 1.5 20.4512 -2.5586
v 1.5 20 -2.5981
v 1.5 21.299 -2.25
v 1.5 21.9902 -1.67
v 1.5 22.4414 -0.8886
v 1.5 22.5981 0
v 1.5 22.4414 0.8886
v 1.5 21.9902 1.67
v 1.5 21.299 2.25
v 1.5 20.4512 2.5586
v 1.5 20 2.5981
v 0.5209 20.513 -2.9095
v 0.5209 20 -2.9544
v 0.5209 21.4772 -2.5586
v 0.5209 22.2632 -1.8991
v 0.5209 22.7763 -1.0105
v 0.5209 22.9544 0
v 0.5209 22.7763 1.0105
v 0.5209 22.2632 1.8991
v 0.5209 21.4772 2.5586
v 0.5209 20.513 2.9095
v 0.5209 20 2.9544
v -0.5209 20.513 -2.9095
v -0.5209 20 -2.9544
v -0.5209 21.4772 -2.5586
v -0.5209 22.2632 -1.8991
v -0.5209 22.7762 -1.0105
v -0.5209 22.9544 0
v -0.5209 22.7762 1.0105
v -0.5209 22.2632 1.8991
v -0.5209 21.4772 2.5586
v -0.5209 20.513 2.9095
v -0.5209 20 2.9544
v -1.5 20.4512 -2.5586
v -1.5 20 -2.5981
v -1.5 21.299 -2.25
v -1.5 21.9902 -1.67
v -1.5 22.4414 -0.8886
v -1.5 22.5981 0
v -1.5 22.4414 0.8886
v -1.5 21.9902 1.67
v -1.5 21.299 2.25
v -1.5 20.4512 2.5586
v -1.5 20 2.5981
v -2.2981 20.3349 -1.8991
v -2.2981 20 -1.9284
v -2.2981 20.9642 -1.67
v -2.2981 21.4772 -1.2395
v -2.2981 21.8121 -0.6595
v -2.2981 21.9284 0
v -2.2981 21.8121 0.6595
v -2.2981 21.4772 1.2395
v -2.2981 20.9642 1.67
v -2.2981 20.3349 1.8991
v -2.2981 20 1.9284
v -2.8191 20.1782 -1.0105
v -2.8191 20 -1.0261
v -2.8191 20.513 -0.8886
v -2.8191 20.786 -0.6595
v -2.8191 20.9642 -0.3509
v -2.8191 21.0261 0
v -2.8191 20.9642 0.3509
v -2.8191 20.786 0.6595
v -2.8191 20.513 0.8886
v -2.8191 20.1782 1.0105
v -2.8191 20 1.0261
v -3 20 0
v -11.5629 15.1213 6.7393
v -12.1867 14.9934 5.9147
v -12.288 15.1194 5.9912
v -12.4321 15.3562 6.2151
v -12.4848 15.5492 6.51
v -12.4396 15.6752 6.8403
v -12.302 15.7189 7.1661
v -12.0887 15.6752 7.4481
v -11.8252 15.5492 7.6524
v -11.5436 15.3562 7.7542
v -11.2776 15.1194 7.7414
v -11.1607 14.9934 7.6919
v -13.1473 14.8618 5.4612
v -12.9569 14.625 5.3175
v -13.4181 15.3068 5.8821
v -13.5171 15.6696 6.4363
v -13.4321 15.9064 7.057
v -13.1736 15.9886 7.6693
v -12.7726 15.9064 8.1993
v -12.2775 15.6696 8.5832
v -11.7481 15.3068 8.7746
v -11.2482 14.8618 8.7505
v -11.0285 14.625 8.6575
v -14.037 14.3797 5.2134
v -13.7805 14.0607 5.0197
v -14.4019 14.9792 5.7804
v -14.5352 15.468 6.5271
v -14.4208 15.787 7.3633
v -14.0724 15.8978 8.1882
v -13.5322 15.787 8.9024
v -12.8652 15.468 9.4196
v -12.1519 14.9792 9.6775
v -11.4784 14.3797 9.645
v -11.1824 14.0607 9.5197
v -14.8499 13.7311 5.2775
v -14.5582 13.3684 5.0572
v -15.2649 14.4129 5.9223
v -15.4165 14.9687 6.7713
v -15.2863 15.3315 7.7223
v -14.8902 15.4575 8.6604
v -14.2759 15.3315 9.4725
v -13.5174 14.9687 10.0606
v -12.7063 14.4129 10.3539
v -11.9404 13.7311 10.3169
v -11.6038 13.3684 10.1744
v -15.488 12.9944 5.6458
v -15.1962 12.6316 5.4256
v -15.9029 13.6762 6.2906
v -16.0545 14.232 7.1397
v -15.9244 14.5947 8.0906
v -15.5282 14.7207 9.0287
v -14.9139 14.5947 9.8408
v -14.1554 14.232 10.429
v -13.3443 13.6762 10.7223
v -12.5784 12.9944 10.6853
v -12.2418 12.6316 10.5428
v -15.8741 12.2584 6.274
v -15.6176 11.9393 6.0803
v -16.2391 12.8579 6.8411
v -16.3723 13.3467 7.5877
v -16.2579 13.6657 8.4239
v -15.9096 13.7765 9.2489
v -15.3693 13.6657 9.963
v -14.7023 13.3467 10.4803
v -13.9891 12.8579 10.7382
v -13.3155 12.2584 10.7057
v -13.0195 11.9393 10.5803
v -15.9619 11.6118 7.0863
v -15.7715 11.375 6.9425
v -16.2328 12.0568 7.5071
v -16.3317 12.4195 8.0613
v -16.2468 12.6563 8.682
v -15.9882 12.7385 9.2943
v -15.5872 12.6563 9.8244
v -15.0922 12.4195 10.2082
v -14.5628 12.0568 10.3997
v -14.0628 11.6118 10.3755
v -13.8431 11.375 10.2825
v -15.7407 11.1326 7.9846
v -15.6394 11.0066 7.9081
v -15.8848 11.3694 8.2085
v -15.9374 11.5624 8.5034
v -15.8922 11.6884 8.8337
v -15.7547 11.7321 9.1595
v -15.5413 11.6884 9.4415
v -15.2779 11.5624 9.6458
v -14.9962 11.3694 9.7476
v -14.7302 11.1326 9.7348
v -14.6133 11.0066 9.6853
v -15.2371 10.8787 8.8607
v -11.5629 -15.1213 6.7393
v -12.288 -15.1194 5.9912
v -12.1867 -14.9934 5.9147
v -12.4321 -15.3562 6.2151
v -12.4848 -15.5492 6.51
v -12.4396 -15.6752 6.8403
v -12.302 -15.7189 7.1661
v -12.0887 -15.6752 7.4481
v -11.8252 -15.5492 7.6524
v -11.5436 -15.3562 7.7542
v -11.2776 -15.1194 7.7414
v -11.1607 -14.9934 7.6919
v -13.1473 -14.8618 5.4612
v -12.9569 -14.625 5.3175
v -13.4181 -15.3068 5.8821
v -13.5171 -15.6696 6.4363
v -13.4321 -15.9064 7.057
v -13.1736 -15.9886 7.6693
v -12.7726 -15.9063 8.1993
v -12.2775 -15.6696 8.5832
v -11.7481 -15.3068 8.7747
v -11.2482 -14.8618 8.7505
v -11.0285 -14.625 8.6575
v -14.037 -14.3797 5.2134
v -13.7805 -14.0607 5.0197
v -14.4019 -14.9792 5.7804
v -14.5352 -15.468 6.5271
v -14.4208 -15.787 7.3633
v -14.0724 -15.8978 8.1882
v -13.5322 -15.787 8.9024
v -12.8652 -15.468 9.4196
v -12.1519 -14.9792 9.6775
v -11.4784 -14.3797 9.645
v -11.1824 -14.0607 9.5197
v -14.8499 -13.7311 5.2775
v -14.5582 -13.3684 5.0572
v -15.2649 -14.4129 5.9223
v -15.4165 -14.9687 6.7713
v -15.2863 -15.3315 7.7223
v -14.8902 -15.4575 8.6604
v -14.2759 -15.3315 9.4725
v -13.5174 -14.9687 10.0606
v -12.7063 -14.4129 10.3539
v -11.9404 -13.7311 10.3169
v -11.6038 -13.3684 10.1744
v -15.488 -12.9944 5.6458
v -15.1962 -12.6316 5.4256
v -15.9029 -13.6762 6.2906
v -16.0545 -14.232 7.1397
v -15.9244 -14.5947 8.0906
v -15.5282 -14.7207 9.0287
v -14.9139 -14.5947 9.8408
v -14.1554 -14.232 10.429
v -13.3443 -13.6762 10.7223
v -12.5784 -12.9944 10.6853
v -12.2418 -12.6316 10.5428
v -15.8741 -12.2583 6.274
v -15.6176 -11.9393 6.0803
v -16.2391 -12.8579 6.8411
v -16.3723 -13.3467 7.5877
v -16.2579 -13.6657 8.4239
v -15.9096 -13.7765 9.2489
v -15.3693 -13.6657 9.963
v -14.7023 -13.3467 10.4803
v -13.9891 -12.8579 10.7382
v -13.3155 -12.2583 10.7057
v -13.0195 -11.9393 10.5803
v -15.9619 -11.6118 7.0863
v -15.7715 -11.375 6.9425
v -16.2328 -12.0568 7.5071
v -16.3317 -12.4195 8.0613
v -16.2468 -12.6563 8.682
v -15.9882 -12.7385 9.2943
v -15.5872 -12.6563 9.8244
v -15.0922 -12.4195 10.2083
v -14.5628 -12.0568 10.3997
v -14.0628 -11.6118 10.3755
v -13.8431 -11.375 10.2825
v -15.7407 -11.1326 7.9846
v -15.6394 -11.0066 7.9081
v -15.8848 -11.3694 8.2085
v -15.9374 -11.5624 8.5034
v -15.8922 -11.6884 8.8337
v -15.7547 -11.7321 9.1595
v -15.5413 -11.6884 9.4415
v -15.2779 -11.5624 9.6458
v -14.9962 -11.3694 9.7476
v -14.7302 -11.1326 9.7348
v -14.6133 -11.0066 9.6853
v -15.2371 -10.8787 8.8607
v -20 3 0
v -20 2.8191 -1.0261
v -20.1782 2.8191 -1.0105
v -20.513 2.8191 -0.8886
v -20.786 2.8191 -0.6595
v -20.9642 2.8191 -0.3509
v -21.0261 2.8191 0
v -20.9642 2.8191 0.3509
v -20.786 2.8191 0.6595
v -20.513 2.8191 0.8886
v -20.1782 2.8191 1.0105
v -20 2.8191 1.0261
v -20.3349 2.2981 -1.8991
v -20 2.2981 -1.9284
v -20.9642 2.2981 -1.67
v -21.4772 2.2981 -1.2395
v -21.8121 2.2981 -0.6595
v -21.9284 2.2981 0
v -21.8121 2.2981 0.6595
v -21.4772 2.2981 1.2395
v -20.9642 2.2981 1.67
v -20.3349 2.2981 1.8991
v -20 2.2981 1.9284
v -20.4512 1.5 -2.5586
v -20 1.5 -2.5981
v -21.299 1.5 -2.25
v -21.9903 1.5 -1.67
v -22.4414 1.5 -0.8886
v -22.5981 1.5 0
v -22.4414 1.5 0.8886
v -21.9902 1.5 1.67
v -21.299 1.5 2.25
v -20.4512 1.5 2.5586
v -20 1.5 2.5981
v -20.513 0.5209 -2.9095
v -20 0.5209 -2.9544
v -21.4772 0.5209 -2.5586
v -22.2632 0.5209 -1.8991
v -22.7763 0.5209 -1.0105
v -22.9544 0.5209 0
v -22.7763 0.5209 1.0105
v -22.2632 0.5209 1.8991
v -21.4772 0.5209 2.5586
v -20.513 0.5209 2.9095
v -20 0.5209 2.9544
v -20.513 -0.5209 -2.9095
v -20 -0.5209 -2.9544
v -21.4772 -0.5209 -2.5586
v -22.2632 -0.5209 -1.8991
v -22.7763 -0.5209 -1.0105
v -22.9544 -0.5209 0
v -22.7763 -0.5209 1.0105
v -22.2632 -0.5209 1.8991
v -21.4772 -0.5209 2.5586
v -20.513 -0.5209 2.9095
v -20 -0.5209 2.9544
v -20.4512 -1.5 -2.5586
v -20 -1.5 -2.5981
v -21.299 -1.5 -2.25
v -21.9902 -1.5 -1.67
v -22.4414 -1.5 -0.8886
v -22.5981 -1.5 0
v -22.4414 -1.5 0.8886
v -21.9902 -1.5 1.67
v -21.299 -1.5 2.25
v -20.4512 -1.5 2.5586
v -20 -1.5 2.5981
v -20.3349 -2.2981 -1.8991
v -20 -2.2981 -1.9284
v -20.9642 -2.2981 -1.67
v -21.4772 -2.2981 -1.2395
v -21.8121 -2.2981 -0.6595
v -21.9284 -2.2981 0
v -21.8121 -2.2981 0.6595
v -21.4772 -2.2981 1.2395
v -20.9642 -2.2981 1.67
v -20.3349 -2.2981 1.8991
v -20 -2.2981 1.9284
v -20.1782 -2.8191 -1.0105
v -20 -2.8191 -1.0261
v -20.513 -2.8191 -0.8886
v -20.786 -2.8191 -0.6595
v -20.9642 -2.8191 -0.3509
v -21.0261 -2.8191 0
v -20.9642 -2.8191 0.3509
v -20.786 -2.8191 0.6595
v -20.513 -2.8191 0.8886
v -20.1782 -2.8191 1.0105
v -20 -2.8191 1.0261
v -20 -3 0
v -11.5629 15.1213 -6.7393
v -12.288 15.1194 -5.9912
v -12.1867 14.9934 -5.9147
v -12.4321 15.3562 -6.2151
v -12.4848 15.5492 -6.51
v -12.4396 15.6752 -6.8403
v -12.302 15.7189 -7.1661
v -12.0887 15.6752 -7.4481
v -11.8252 15.5492 -7.6524
v -11.5435 15.3562 -7.7542
v -11.4065 15.2415 -7.7624
v -11.2776 15.1194 -7.7414
v -11.1607 14.9934 -7.6919
v -13.1473 14.8618 -5.4612
v -12.9569 14.625 -5.3175
v -13.4181 15.3068 -5.8821
v -13.5171 15.6696 -6.4363
v -13.4321 15.9064 -7.057
v -13.1736 15.9886 -7.6693
v -12.7726 15.9064 -8.1993
v -12.2775 15.6696 -8.5832
v -11.7481 15.3068 -8.7747
v -11.4905 15.0914 -8.79
v -11.2482 14.8618 -8.7505
v -11.0285 14.625 -8.6575
v -14.037 14.3797 -5.2134
v -13.7805 14.0607 -5.0197
v -14.4019 14.9792 -5.7804
v -14.5352 15.468 -6.5271
v -14.4208 15.787 -7.3633
v -14.0724 15.8978 -8.1882
v -13.5322 15.787 -8.9024
v -12.8652 15.468 -9.4196
v -12.1519 14.9792 -9.6775
v -11.8049 14.689 -9.6981
v -11.4784 14.3797 -9.645
v -11.1824 14.0607 -9.5197
v -14.8499 13.7311 -5.2775
v -14.5582 13.3684 -5.0572
v -15.2649 14.4129 -5.9223
v -15.4165 14.9687 -6.7714
v -15.2863 15.3315 -7.7223
v -14.8902 15.4575 -8.6604
v -14.2759 15.3315 -9.4725
v -13.5174 14.9687 -10.0606
v -12.7063 14.4129 -10.3539
v -12.3117 14.0829 -10.3774
v -11.9404 13.7311 -10.3169
v -11.6038 13.3684 -10.1744
v -15.488 12.9944 -5.6458
v -15.1962 12.6316 -5.4256
v -15.9029 13.6762 -6.2906
v -16.0545 14.232 -7.1397
v -15.9244 14.5947 -8.0906
v -15.5282 14.7207 -9.0287
v -14.9139 14.5947 -9.8408
v -14.1554 14.232 -10.429
v -13.3443 13.6762 -10.7223
v -12.5784 12.9944 -10.6853
v -12.2418 12.6316 -10.5428
v -15.8741 12.2584 -6.274
v -15.6176 11.9393 -6.0803
v -16.2391 12.8579 -6.8411
v -16.3723 13.3467 -7.5877
v -16.2579 13.6657 -8.424
v -15.9096 13.7765 -9.2489
v -15.3693 13.6657 -9.963
v -14.7023 13.3467 -10.4803
v -13.9891 12.8579 -10.7382
v -13.3155 12.2584 -10.7057
v -13.642 12.5677 -10.7588
v -13.0195 11.9393 -10.5803
v -15.9619 11.6118 -7.0863
v -15.7715 11.375 -6.9425
v -16.2328 12.0568 -7.5071
v -16.3317 12.4195 -8.0613
v -16.2468 12.6563 -8.682
v -15.9882 12.7385 -9.2943
v -15.5872 12.6563 -9.8244
v -15.0922 12.4195 -10.2083
v -14.5628 12.0568 -10.3997
v -14.3052 11.8413 -10.415
v -14.0628 11.6118 -10.3755
v -13.8431 11.375 -10.2825
v -15.7407 11.1326 -7.9846
v -15.6394 11.0066 -7.9081
v -15.8848 11.3694 -8.2085
v -15.9374 11.5624 -8.5034
v -15.8922 11.6884 -8.8337
v -15.7547 11.7321 -9.1595
v -15.5413 11.6884 -9.4415
v -15.2779 11.5624 -9.6458
v -14.9962 11.3694 -9.7476
v -14.8591 11.2548 -9.7558
v -14.7302 11.1326 -9.7348
v -14.6133 11.0066 -9.6853
v -15.2371 10.8787 -8.8607
v -11.5629 -15.1213 -6.7393
v -12.1867 -14.9934 -5.9147
v -12.288 -15.1194 -5.9912
v -12.4321 -15.3562 -6.2151
v -12.4848 -15.5492 -6.51
v -12.4396 -15.6752 -6.8403
v -12.302 -15.7189 -7.1661
v -12.0887 -15.6752 -7.4481
v -11.8252 -15.5492 -7.6524
v -11.5436 -15.3562 -7.7542
v -11.2776 -15.1194 -7.7414
v -11.1606 -14.9934 -7.6919
v -13.1473 -14.8618 -5.4612
v -12.9569 -14.625 -5.3175
v -13.4181 -15.3068 -5.8821
v -13.5171 -15.6696 -6.4363
v -13.4321 -15.9063 -7.057
v -13.1736 -15.9886 -7.6693
v -12.7726 -15.9063 -8.1993
v -12.2775 -15.6696 -8.5832
v -11.7481 -15.3068 -8.7747
v -11.2482 -14.8618 -8.7505
v -11.0285 -14.625 -8.6575
v -14.037 -14.3797 -5.2134
v -13.7805 -14.0607 -5.0197
v -14.4019 -14.9792 -5.7804
v -14.5352 -15.468 -6.5271
v -14.4208 -15.787 -7.3633
v -14.0724 -15.8978 -8.1882
v -13.5322 -15.787 -8.9024
v -12.8652 -15.468 -9.4196
v -12.1519 -14.9792 -9.6775
v -11.4784 -14.3797 -9.645
v -11.1824 -14.0607 -9.5197
v -14.8499 -13.7311 -5.2775
v -14.5582 -13.3684 -5.0572
v -15.2649 -14.4129 -5.9223
v -15.4165 -14.9687 -6.7713
v -15.2863 -15.3315 -7.7223
v -14.8902 -15.4575 -8.6604
v -14.2759 -15.3315 -9.4725
v -13.5174 -14.9687 -10.0606
v -12.7063 -14.4129 -10.3539
v -11.9404 -13.7311 -10.3169
v -11.6038 -13.3684 -10.1744
v -15.488 -12.9944 -5.6458
v -15.1962 -12.6316 -5.4256
v -15.9029 -13.6762 -6.2906
v -16.0545 -14.232 -7.1397
v -15.9244 -14.5947 -8.0906
v -15.5282 -14.7207 -9.0287
v -14.9139 -14.5947 -9.8408
v -14.1554 -14.232 -10.429
v -13.3443 -13.6762 -10.7223
v -12.5784 -12.9944 -10.6853
v -12.2418 -12.6316 -10.5428
v -15.8741 -12.2583 -6.274
v -15.6176 -11.9393 -6.0803
v -16.2391 -12.8579 -6.8411
v -16.3723 -13.3467 -7.5877
v -16.2579 -13.6657 -8.424
v -15.9096 -13.7765 -9.2489
v -15.3693 -13.6657 -9.963
v -14.7023 -13.3467 -10.4803
v -13.9891 -12.8579 -10.7382
v -13.3155 -12.2583 -10.7057
v -13.0195 -11.9393 -10.5803
v -15.9619 -11.6117 -7.0863
v -15.7715 -11.375 -6.9425
v -16.2328 -12.0568 -7.5071
v -16.3317 -12.4195 -8.0613
v -16.2467 -12.6563 -8.682
v -15.9882 -12.7385 -9.2943
v -15.5872 -12.6563 -9.8244
v -15.0922 -12.4195 -10.2082
v -14.5628 -12.0567 -10.3997
v -14.0628 -11.6118 -10.3755
v -13.8431 -11.375 -10.2825
v -15.7407 -11.1326 -7.9846
v -15.6394 -11.0066 -7.9081
v -15.8848 -11.3694 -8.2085
v -15.9374 -11.5624 -8.5034
v -15.8922 -11.6884 -8.8337
v -15.7547 -11.7321 -9.1595
v -15.5413 -11.6884 -9.4415
v -15.2779 -11.5624 -9.6458
v -14.9962 -11.3694 -9.7476
v -14.7302 -11.1326 -9.7348
v -14.6133 -11.0066 -9.6853
v -15.2371 -10.8787 -8.8607
v 3 14.1421 -14.1421
v 2.8191 13.4166 -14.8677
v 2.8191 13.5536 -14.9826
v 2.8191 13.8766 -15.1332
v 2.8191 14.2316 -15.1643
v 2.8191 14.5758 -15.0721
v 2.8191 14.8677 -14.8677
v 2.8191 15.0721 -14.5758
v 2.8191 15.1643 -14.2316
v 2.8191 15.1332 -13.8766
v 2.8191 14.9826 -13.5536
v 2.8191 14.8677 -13.4166
v 2.2981 13.0361 -15.7218
v 2.2981 12.7786 -15.5057
v 2.2981 13.643 -16.0048
v 2.2981 14.3102 -16.0632
v 2.2981 14.9571 -15.8898
v 2.2981 15.5057 -15.5057
v 2.2981 16.0632 -14.3102
v 2.2981 16.0048 -13.643
v 2.2981 15.7218 -13.0361
v 2.2981 15.5057 -12.7786
v 1.5 12.6519 -16.2704
v 1.5 12.305 -15.9793
v 1.5 13.4697 -16.6517
v 1.5 14.3686 -16.7303
v 1.5 15.2401 -16.4968
v 1.5 15.9793 -15.9793
v 1.5 16.4968 -15.2401
v 1.5 16.7303 -14.3686
v 1.5 16.6517 -13.4697
v 1.5 16.2704 -12.6519
v 1.5 15.9793 -12.305
v 0.5209 12.4475 -16.5623
v 0.5209 12.053 -16.2312
v 0.5209 13.3775 -16.9959
v 0.5209 14.3996 -17.0853
v 0.5209 15.3907 -16.8198
v 0.5209 16.2312 -16.2312
v 0.5209 16.8198 -15.3907
v 0.5209 17.0853 -14.3996
v 0.5209 16.9959 -13.3775
v 0.5209 16.5623 -12.4476
v 0.5209 16.2312 -12.053
v -0.5209 12.4475 -16.5623
v -0.5209 12.053 -16.2312
v -0.5209 13.3775 -16.9959
v -0.5209 14.3996 -17.0853
v -0.5209 15.3907 -16.8198
v -0.5209 16.2312 -16.2312
v -0.5209 16.8198 -15.3907
v -0.5209 17.0853 -14.3996
v -0.5209 16.9959 -13.3775
v -0.5209 16.5623 -12.4476
v -0.5209 16.2312 -12.053
v -1.5 12.6519 -16.2704
v -1.5 12.305 -15.9793
v -1.5 13.4697 -16.6517
v -1.5 14.3686 -16.7303
v -1.5 15.2401 -16.4968
v -1.5 15.9793 -15.9793
v -1.5 16.4968 -15.2401
v -1.5 16.7303 -14.3686
v -1.5 16.6517 -13.4697
v -1.5 16.2704 -12.6519
v -1.5 15.9793 -12.305
v -2.2981 13.0361 -15.7218
v -2.2981 12.7786 -15.5057
v -2.2981 13.643 -16.0048
v -2.2981 14.3102 -16.0632
v -2.2981 14.9571 -15.8898
v -2.2981 15.5057 -15.5057
v -2.2981 15.8898 -14.9571
v -2.2981 16.0632 -14.3102
v -2.2981 16.0048 -13.643
v -2.2981 15.7218 -13.0361
v -2.2981 15.5057 -12.7786
v -2.8191 13.5536 -14.9826
v -2.8191 13.4166 -14.8677
v -2.8191 13.8766 -15.1332
v -2.8191 14.2316 -15.1643
v -2.8191 14.5758 -15.0721
v -2.8191 14.8677 -14.8677
v -2.8191 15.0721 -14.5758
v -2.8191 15.1643 -14.2316
v -2.8191 15.1332 -13.8766
v -2.8191 14.9826 -13.5536
v -2.8191 14.8677 -13.4166
v -3 14.1421 -14.1421
v -12.5981 0 -15.8205
v -12.5305 -1.0105 -16.0653
v -12.4414 -1.0261 -15.911
v -12.6979 -0.8886 -16.3553
v -12.8344 -0.6595 -16.5917
v -12.9235 -0.3509 -16.746
v -12.9544 0 -16.7996
v -12.9235 0.3509 -16.746
v -12.8344 0.6595 -16.5917
v -12.6979 0.8886 -16.3553
v -12.5305 1.0105 -16.0653
v -12.4414 1.0261 -15.911
v -12.1577 -1.8991 -16.4614
v -11.9902 -1.9284 -16.1714
v -12.4723 -1.67 -17.0065
v -12.7289 -1.2395 -17.4507
v -12.8963 -0.6595 -17.7407
v -12.9544 0 -17.8415
v -12.8963 0.6595 -17.7407
v -12.7289 1.2395 -17.4507
v -12.4723 1.67 -17.0065
v -12.1577 1.8991 -16.4614
v -11.9902 1.9284 -16.1714
v -11.5246 -2.5586 -16.9612
v -11.299 -2.5981 -16.5705
v -11.9486 -2.25 -17.6955
v -12.2942 -1.67 -18.2941
v -12.5197 -0.8886 -18.6848
v -12.5981 0 -18.8205
v -12.5197 0.8886 -18.6848
v -12.2942 1.67 -18.2941
v -11.9486 2.25 -17.6955
v -11.5246 2.5586 -16.9612
v -11.299 2.5981 -16.5705
v -10.7077 -2.9095 -17.5043
v -10.4512 -2.9544 -17.06
v -11.1898 -2.5586 -18.3393
v -11.5828 -1.8991 -19.02
v -11.8393 -1.0105 -19.4643
v -11.9284 0 -19.6186
v -11.8393 1.0105 -19.4643
v -11.5828 1.8991 -19.02
v -11.1898 2.5586 -18.3393
v -10.7077 2.9095 -17.5043
v -10.4512 2.9544 -17.06
v -9.8054 -2.9095 -18.0253
v -9.5489 -2.9544 -17.581
v -10.2875 -2.5586 -18.8603
v -10.6805 -1.8991 -19.541
v -10.937 -1.0105 -19.9853
v -11.0261 0 -20.1396
v -10.937 1.0105 -19.9853
v -10.6805 1.8991 -19.541
v -10.2875 2.5586 -18.8603
v -9.8054 2.9095 -18.0253
v -9.5489 2.9544 -17.581
v -8.9265 -2.5586 -18.4612
v -8.701 -2.5981 -18.0705
v -9.3505 -2.25 -19.1955
v -9.6961 -1.67 -19.7941
v -9.9217 -0.8886 -20.1848
v -10 0 -20.3205
v -9.9217 0.8886 -20.1848
v -9.6961 1.67 -19.7941
v -9.3505 2.25 -19.1955
v -8.9265 2.5586 -18.4612
v -8.701 2.5981 -18.0705
v -8.1772 -1.8991 -18.7596
v -8.0098 -1.9284 -18.4696
v -8.4919 -1.67 -19.3046
v -8.7484 -1.2395 -19.7489
v -8.9158 -0.6595 -20.0389
v -8.9739 0 -20.1396
v -8.9158 0.6595 -20.0389
v -8.7484 1.2395 -19.7489
v -8.4919 1.67 -19.3046
v -8.1772 1.8991 -18.7596
v -8.0098 1.9284 -18.4696
v -7.6477 -1.0105 -18.8844
v -7.5586 -1.0261 -18.7301
v -7.8151 -0.8886 -19.1743
v -7.9516 -0.6595 -19.4108
v -8.0407 -0.3509 -19.5651
v -8.0716 0 -19.6186
v -8.0407 0.3509 -19.5651
v -7.9516 0.6595 -19.4108
v -7.8151 0.8886 -19.1744
v -7.6477 1.0105 -18.8844
v -7.5586 1.0261 -18.7301
v -7.4019 0 -18.8205
v 3 -14.1421 -14.1421
v 2.8191 -14.8677 -13.4166
v 2.8191 -14.9826 -13.5536
v 2.8191 -15.1332 -13.8766
v 2.8191 -15.1643 -14.2316
v 2.8191 -15.0721 -14.5758
v 2.8191 -14.8677 -14.8677
v 2.8191 -14.5758 -15.0721
v 2.8191 -14.2316 -15.1643
v 2.8191 -13.8766 -15.1332
v 2.8191 -13.5536 -14.9826
v 2.8191 -13.4166 -14.8677
v 2.2981 -15.7218 -13.0361
v 2.2981 -15.5057 -12.7786
v 2.2981 -16.0048 -13.643
v 2.2981 -16.0632 -14.3102
v 2.2981 -15.8898 -14.9571
v 2.2981 -15.5057 -15.5057
v 2.2981 -14.9571 -15.8898
v 2.2981 -14.3102 -16.0632
v 2.2981 -13.643 -16.0048
v 2.2981 -13.0361 -15.7218
v 2.2981 -12.7786 -15.5057
v 1.5 -16.2704 -12.6519
v 1.5 -15.9793 -12.305
v 1.5 -16.6517 -13.4697
v 1.5 -16.7303 -14.3686
v 1.5 -16.4968 -15.2401
v 1.5 -15.9793 -15.9793
v 1.5 -15.2401 -16.4968
v 1.5 -14.3686 -16.7303
v 1.5 -13.4697 -16.6517
v 1.5 -12.6519 -16.2704
v 1.5 -12.305 -15.9793
v 0.5209 -16.5623 -12.4475
v 0.5209 -16.2312 -12.053
v 0.5209 -16.9959 -13.3775
v 0.5209 -17.0853 -14.3996
v 0.5209 -16.8198 -15.3907
v 0.5209 -16.2312 -16.2312
v 0.5209 -15.3907 -16.8198
v 0.5209 -14.3996 -17.0853
v 0.5209 -13.3775 -16.9959
v 0.5209 -12.4476 -16.5623
v 0.5209 -12.053 -16.2312
v -0.5209 -16.5623 -12.4475
v -0.5209 -16.2312 -12.053
v -0.5209 -16.9959 -13.3775
v -0.5209 -17.0853 -14.3996
v -0.5209 -16.8198 -15.3907
v -0.5209 -16.2312 -16.2312
v -0.5209 -15.3907 -16.8198
v -0.5209 -14.3996 -17.0853
v -0.5209 -13.3775 -16.9959
v -0.5209 -12.4476 -16.5623
v -0.5209 -12.053 -16.2312
v -1.5 -16.2704 -12.6519
v -1.5 -15.9793 -12.305
v -1.5 -16.6517 -13.4697
v -1.5 -16.7303 -14.3686
v -1.5 -16.4968 -15.2401
v -1.5 -15.9793 -15.9793
v -1.5 -15.2401 -16.4968
v -1.5 -14.3686 -16.7303
v -1.5 -13.4697 -16.6517
v -1.5 -12.6519 -16.2704
v -1.5 -12.305 -15.9793
v -2.2981 -15.7218 -13.0361
v -2.2981 -15.5057 -12.7786
v -2.2981 -16.0048 -13.643
v -2.2981 -16.0632 -14.3102
v -2.2981 -15.8898 -14.9571
v -2.2981 -15.5057 -15.5057
v -2.2981 -14.9571 -15.8898
v -2.2981 -14.3102 -16.0632
v -2.2981 -13.643 -16.0048
v -2.2981 -13.0361 -15.7218
v -2.2981 -12.7786 -15.5057
v -2.8191 -14.9826 -13.5536
v -2.8191 -14.8677 -13.4166
v -2.8191 -15.1332 -13.8766
v -2.8191 -15.1643 -14.2316
v -2.8191 -15.0721 -14.5758
v -2.8191 -14.8677 -14.8677
v -2.8191 -14.5758 -15.0721
v -2.8191 -14.2316 -15.1643
v -2.8191 -13.8766 -15.1332
v -2.8191 -13.5536 -14.9826
v -2.8191 -13.4166 -14.8677
v -3 -14.1421 -14.1421
v 3 -20 0
v 2.8191 -20 1.0261
v 2.8191 -20.1782 1.0105
v 2.8191 -20.513 0.8886
v 2.8191 -20.786 0.6595
v 2.8191 -20.9642 0.3509
v 2.8191 -21.0261 0
v 2.8191 -20.9642 -0.3509
v 2.8191 -20.786 -0.6595
v 2.8191 -20.513 -0.8886
v 2.8191 -20.1782 -1.0105
v 2.8191 -20 -1.0261
v 2.2981 -20.3349 1.8991
v 2.2981 -20 1.9284
v 2.2981 -20.9642 1.67
v 2.2981 -21.4772 1.2395
v 2.2981 -21.8121 0.6595
v 2.2981 -21.9284 0
v 2.2981 -21.8121 -0.6595
v 2.2981 -21.4772 -1.2395
v 2.2981 -20.9642 -1.67
v 2.2981 -20.3349 -1.8991
v 2.2981 -20 -1.9284
v 1.5 -20.4511 2.5586
v 1.5 -20 2.5981
v 1.5 -21.299 2.25
v 1.5 -21.9902 1.67
v 1.5 -22.4414 0.8886
v 1.5 -22.5981 0
v 1.5 -22.4414 -0.8886
v 1.5 -21.9902 -1.67
v 1.5 -21.299 -2.25
v 1.5 -20.4511 -2.5586
v 1.5 -20 -2.5981
v 0.5209 -20.513 2.9095
v 0.5209 -20 2.9544
v 0.5209 -21.4772 2.5586
v 0.5209 -22.2632 1.8991
v 0.5209 -22.7762 1.0105
v 0.5209 -22.9544 0
v 0.5209 -22.7762 -1.0105
v 0.5209 -22.2632 -1.8991
v 0.5209 -21.4772 -2.5586
v 0.5209 -20.513 -2.9095
v 0.5209 -20 -2.9544
v -0.5209 -20.513 2.9095
v -0.5209 -20 2.9544
v -0.5209 -21.4772 2.5586
v -0.5209 -22.2632 1.8991
v -0.5209 -22.7762 1.0105
v -0.5209 -22.9544 0
v -0.5209 -22.7762 -1.0105
v -0.5209 -22.2632 -1.8991
v -0.5209 -21.4772 -2.5586
v -0.5209 -20.513 -2.9095
v -0.5209 -20 -2.9544
v -1.5 -20.4512 2.5586
v -1.5 -20 2.5981
v -1.5 -21.299 2.25
v -1.5 -21.9902 1.67
v -1.5 -22.4414 0.8886
v -1.5 -22.5981 0
v -1.5 -22.4414 -0.8886
v -1.5 -21.9902 -1.67
v -1.5 -21.299 -2.25
v -1.5 -20.4512 -2.5586
v -1.5 -20 -2.5981
v -2.2981 -20.3349 1.8991
v -2.2981 -20 1.9284
v -2.2981 -20.9642 1.67
v -2.2981 -21.4772 1.2395
v -2.2981 -21.8121 0.6595
v -2.2981 -21.9284 0
v -2.2981 -21.8121 -0.6595
v -2.2981 -21.4772 -1.2395
v -2.2981 -20.9642 -1.67
v -2.2981 -20.3349 -1.8991
v -2.2981 -20 -1.9284
v -2.8191 -20.1782 1.0105
v -2.8191 -20 1.0261
v -2.8191 -20.513 0.8886
v -2.8191 -20.786 0.6595
v -2.8191 -20.9642 0.3509
v -2.8191 -21.0261 0
v -2.8191 -20.9642 -0.3509
v -2.8191 -20.786 -0.6595
v -2.8191 -20.513 -0.8886
v -2.8191 -20.1782 -1.0105
v -2.8191 -20 -1.0261
v -3 -20 0
v 12.5981 0 -15.8205
v 12.4414 -1.0261 -15.911
v 12.5305 -1.0105 -16.0653
v 12.6979 -0.8886 -16.3553
v 12.8344 -0.6595 -16.5917
v 12.9235 -0.3509 -16.746
v 12.9544 0 -16.7996
v 12.9235 0.3509 -16.746
v 12.8344 0.6595 -16.5917
v 12.6979 0.8886 -16.3553
v 12.5305 1.0105 -16.0653
v 12.4414 1.0261 -15.911
v 12.1577 -1.8991 -16.4614
v 11.9902 -1.9284 -16.1714
v 12.4723 -1.67 -17.0064
v 12.7288 -1.2395 -17.4507
v 12.8963 -0.6595 -17.7407
v 12.9544 0 -17.8415
v 12.8963 0.6595 -17.7407
v 12.7289 1.2395 -17.4507
v 12.4723 1.67 -17.0064
v 12.1577 1.8991 -16.4614
v 11.9902 1.9284 -16.1714
v 11.5246 -2.5586 -16.9612
v 11.299 -2.5981 -16.5705
v 11.9486 -2.25 -17.6955
v 12.2942 -1.67 -18.2941
v 12.5197 -0.8886 -18.6848
v 12.5981 0 -18.8205
v 12.5197 0.8886 -18.6848
v 12.2942 1.67 -18.2941
v 11.9486 2.25 -17.6955
v 11.5246 2.5586 -16.9612
v 11.299 2.5981 -16.5705
v 10.7077 -2.9095 -17.5043
v 10.4512 -2.9544 -17.06
v 11.1898 -2.5586 -18.3393
v 11.5828 -1.8991 -19.02
v 11.8393 -1.0105 -19.4643
v 11.9284 0 -19.6186
v 11.8393 1.0105 -19.4643
v 11.5828 1.8991 -19.02
v 11.1898 2.5586 -18.3393
v 10.7077 2.9095 -17.5043
v 10.4512 2.9544 -17.06
v 9.8054 -2.9095 -18.0253
v 9.5489 -2.9544 -17.581
v 10.2875 -2.5586 -18.8603
v 10.6805 -1.8991 -19.541
v 10.937 -1.0105 -19.9853
v 11.0261 0 -20.1396
v 10.937 1.0105 -19.9853
v 10.6805 1.8991 -19.541
v 10.2875 2.5586 -18.8603
v 9.8054 2.9095 -18.0253
v 9.5489 2.9544 -17.581
v 8.9265 -2.5586 -18.4612
v 8.701 -2.5981 -18.0705
v 9.3505 -2.25 -19.1955
v 9.6961 -1.67 -19.7941
v 9.9217 -0.8886 -20.1848
v 10 0 -20.3205
v 9.9217 0.8886 -20.1848
v 9.6961 1.67 -19.7941
v 9.3505 2.25 -19.1955
v 8.9265 2.5586 -18.4612
v 8.701 2.5981 -18.0705
v 8.1772 -1.8991 -18.7596
v 8.0098 -1.9284 -18.4696
v 8.4919 -1.67 -19.3046
v 8.7484 -1.2395 -19.7489
v 8.9158 -0.6595 -20.0389
v 8.9739 0 -20.1396
v 8.9158 0.6595 -20.0389
v 8.7484 1.2395 -19.7489
v 8.4919 1.67 -19.3046
v 8.1772 1.8991 -18.7596
v 8.0098 1.9284 -18.4696
v 7.6477 -1.0105 -18.8843
v 7.5586 -1.0261 -18.7301
v 7.8151 -0.8886 -19.1743
v 7.9516 -0.6595 -19.4108
v 8.0407 -0.3509 -19.5651
v 8.0716 0 -19.6186
v 8.0407 0.3509 -19.5651
v 7.9516 0.6595 -19.4108
v 7.8151 0.8886 -19.1743
v 7.6477 1.0105 -18.8844
v 7.5586 1.0261 -18.73
v 7.4019 0 -18.8205
vt 0.1324 0.46640000000000004
vt 0.1324 0.5305
vt 0.1212 0.5296000000000001
vt 0.1324 0.46640000000000004
vt 0.1212 0.5296000000000001
vt 0.1104 0.5267
vt 0.1324 0.46640000000000004
vt 0.1104 0.5267
vt 0.1003 0.5219
vt 0.1324 0.46640000000000004
vt 0.1003 0.5219
vt 0.0912 0.5155000000000001
vt 0.1324 0.46640000000000004
vt 0.0912 0.5155000000000001
vt 0.0833 0.5076
vt 0.1324 0.46640000000000004
vt 0.0833 0.5076
vt 0.0769 0.49850000000000005
vt 0.1324 0.46640000000000004
vt 0.0769 0.49850000000000005
vt 0.0721 0.48839999999999995
vt 0.1324 0.46640000000000004
vt 0.0721 0.48839999999999995
vt 0.0692 0.4776
vt 0.1324 0.46640000000000004
vt 0.0692 0.4776
vt 0.0683 0.46640000000000004
vt 0.1324 0.46640000000000004
vt 0.0683 0.46640000000000004
vt 0.0692 0.45530000000000004
vt 0.1324 0.46640000000000004
vt 0.0692 0.45530000000000004
vt 0.0721 0.4445
vt 0.1324 0.46640000000000004
vt 0.0721 0.4445
vt 0.0769 0.4344
vt 0.1324 0.46640000000000004
vt 0.0769 0.4344
vt 0.0833 0.4252
vt 0.1324 0.46640000000000004
vt 0.0833 0.4252
vt 0.0912 0.4174
vt 0.1324 0.46640000000000004
vt 0.0912 0.4174
vt 0.1003 0.41090000000000004
vt 0.1324 0.46640000000000004
vt 0.1003 0.41090000000000004
vt 0.1104 0.4062
vt 0.1324 0.46640000000000004
vt 0.1104 0.4062
vt 0.1212 0.4033
vt 0.1324 0.46640000000000004
vt 0.1212 0.4033
vt 0.1324 0.4024
vt 0.1324 0.5927
vt 0.1104 0.5907
vt 0.1212 0.5296000000000001
vt 0.1324 0.5305
vt 0.1104 0.5907
vt 0.0892 0.5851
vt 0.1104 0.5267
vt 0.1212 0.5296000000000001
vt 0.0892 0.5851
vt 0.0692 0.5758
vt 0.1003 0.5219
vt 0.1104 0.5267
vt 0.0692 0.5758
vt 0.0512 0.5630999999999999
vt 0.0912 0.5155000000000001
vt 0.1003 0.5219
vt 0.0512 0.5630999999999999
vt 0.0357 0.5476
vt 0.0833 0.5076
vt 0.0912 0.5155000000000001
vt 0.0357 0.5476
vt 0.023 0.5296000000000001
vt 0.0769 0.49850000000000005
vt 0.0833 0.5076
vt 0.023 0.5296000000000001
vt 0.0137 0.5096
vt 0.0721 0.48839999999999995
vt 0.0769 0.49850000000000005
vt 0.0137 0.5096
vt 0.008 0.48839999999999995
vt 0.0692 0.4776
vt 0.0721 0.48839999999999995
vt 0.008 0.48839999999999995
vt 0.0061 0.46640000000000004
vt 0.0683 0.46640000000000004
vt 0.0692 0.4776
vt 0.0061 0.46640000000000004
vt 0.008 0.4445
vt 0.0692 0.45530000000000004
vt 0.0683 0.46640000000000004
vt 0.008 0.4445
vt 0.0137 0.4233
vt 0.0721 0.4445
vt 0.0692 0.45530000000000004
vt 0.0137 0.4233
vt 0.023 0.4033
vt 0.0769 0.4344
vt 0.0721 0.4445
vt 0.023 0.4033
vt 0.0357 0.3853
vt 0.0833 0.4252
vt 0.0769 0.4344
vt 0.0357 0.3853
vt 0.0512 0.3698
vt 0.0912 0.4174
vt 0.0833 0.4252
vt 0.0512 0.3698
vt 0.0692 0.3571
vt 0.1003 0.41090000000000004
vt 0.0912 0.4174
vt 0.0692 0.3571
vt 0.0892 0.3478
vt 0.1104 0.4062
vt 0.1003 0.41090000000000004
vt 0.0892 0.3478
vt 0.1104 0.34209999999999996
vt 0.1212 0.4033
vt 0.1104 0.4062
vt 0.1104 0.34209999999999996
vt 0.1324 0.34019999999999995
vt 0.1324 0.4024
vt 0.1212 0.4033
vt 0.2278 0.9685
vt 0.2555 0.9685
vt 0.2558 0.9951
vt 0.2278 0.9951
vt 0.2555 0.9685
vt 0.2831 0.9685
vt 0.2838 0.995
vt 0.2558 0.9951
vt 0.2831 0.9685
vt 0.3109 0.9685
vt 0.3118 0.995
vt 0.2838 0.995
vt 0.3109 0.9685
vt 0.3386 0.9685
vt 0.3398 0.9949
vt 0.3118 0.995
vt 0.3386 0.9685
vt 0.3664 0.9684
vt 0.3678 0.9948
vt 0.3398 0.9949
vt 0.3664 0.9684
vt 0.3943 0.9683
vt 0.3958 0.9946
vt 0.3678 0.9948
vt 0.3943 0.9683
vt 0.4221 0.9681
vt 0.4238 0.9944
vt 0.3958 0.9946
vt 0.4221 0.9681
vt 0.4499 0.9679
vt 0.4516 0.9942
vt 0.4238 0.9944
vt 0.4499 0.9679
vt 0.4776 0.9677
vt 0.4793 0.9939
vt 0.4516 0.9942
vt 0.4776 0.9677
vt 0.5052 0.9674
vt 0.5069 0.9936
vt 0.4793 0.9939
vt 0.5052 0.9674
vt 0.5326 0.967
vt 0.5342 0.9932
vt 0.5069 0.9936
vt 0.5326 0.967
vt 0.5598 0.9667
vt 0.5613 0.9929
vt 0.5342 0.9932
vt 0.5598 0.9667
vt 0.5869 0.9663
vt 0.5882 0.9926
vt 0.5613 0.9929
vt 0.5869 0.9663
vt 0.6137 0.966
vt 0.6148 0.9923
vt 0.5882 0.9926
vt 0.6137 0.966
vt 0.6404 0.9657
vt 0.6412 0.992
vt 0.6148 0.9923
vt 0.6404 0.9657
vt 0.6669 0.9655
vt 0.6675 0.9918
vt 0.6412 0.992
vt 0.6669 0.9655
vt 0.6933 0.9654
vt 0.6936 0.9917
vt 0.6675 0.9918
vt 0.6933 0.9654
vt 0.7197 0.9653
vt 0.7197 0.9916
vt 0.6936 0.9917
vt 0.2278 0.9415
vt 0.2553 0.9415
vt 0.2555 0.9685
vt 0.2278 0.9685
vt 0.2553 0.9415
vt 0.2828 0.9415
vt 0.2831 0.9685
vt 0.2555 0.9685
vt 0.2828 0.9415
vt 0.3104 0.9415
vt 0.3109 0.9685
vt 0.2831 0.9685
vt 0.3104 0.9415
vt 0.3381 0.9415
vt 0.3386 0.9685
vt 0.3109 0.9685
vt 0.3381 0.9415
vt 0.3658 0.9415
vt 0.3664 0.9684
vt 0.3386 0.9685
vt 0.3658 0.9415
vt 0.3935 0.9415
vt 0.3943 0.9683
vt 0.3664 0.9684
vt 0.3935 0.9415
vt 0.4213 0.9414
vt 0.4221 0.9681
vt 0.3943 0.9683
vt 0.4213 0.9414
vt 0.449 0.9412
vt 0.4499 0.9679
vt 0.4221 0.9681
vt 0.449 0.9412
vt 0.4767 0.9410000000000001
vt 0.4776 0.9677
vt 0.4499 0.9679
vt 0.4767 0.9410000000000001
vt 0.5043 0.9407
vt 0.5052 0.9674
vt 0.4776 0.9677
vt 0.5043 0.9407
vt 0.5318 0.9404
vt 0.5326 0.967
vt 0.5052 0.9674
vt 0.5318 0.9404
vt 0.5591 0.94
vt 0.5598 0.9667
vt 0.5326 0.967
vt 0.5591 0.94
vt 0.5862 0.9397
vt 0.5869 0.9663
vt 0.5598 0.9667
vt 0.5862 0.9397
vt 0.6132 0.9393
vt 0.6137 0.966
vt 0.5869 0.9663
vt 0.6132 0.9393
vt 0.64 0.9390000000000001
vt 0.6404 0.9657
vt 0.6137 0.966
vt 0.64 0.9390000000000001
vt 0.6666 0.9388
vt 0.6669 0.9655
vt 0.6404 0.9657
vt 0.6666 0.9388
vt 0.6932 0.9387
vt 0.6933 0.9654
vt 0.6669 0.9655
vt 0.6932 0.9387
vt 0.7197 0.9386
vt 0.7197 0.9653
vt 0.6933 0.9654
vt 0.2278 0.914
vt 0.2552 0.914
vt 0.2553 0.9415
vt 0.2278 0.9415
vt 0.2552 0.914
vt 0.2827 0.914
vt 0.2828 0.9415
vt 0.2553 0.9415
vt 0.2827 0.914
vt 0.3102 0.9141
vt 0.3104 0.9415
vt 0.2828 0.9415
vt 0.3102 0.9141
vt 0.3378 0.9141
vt 0.3381 0.9415
vt 0.3104 0.9415
vt 0.3378 0.9141
vt 0.3654 0.9141
vt 0.3658 0.9415
vt 0.3381 0.9415
vt 0.3654 0.9141
vt 0.3931 0.9141
vt 0.3935 0.9415
vt 0.3658 0.9415
vt 0.3931 0.9141
vt 0.4208 0.914
vt 0.4213 0.9414
vt 0.3935 0.9415
vt 0.4208 0.914
vt 0.4486 0.9139
vt 0.449 0.9412
vt 0.4213 0.9414
vt 0.4486 0.9139
vt 0.4762 0.9137
vt 0.4767 0.9410000000000001
vt 0.449 0.9412
vt 0.4762 0.9137
vt 0.5039 0.9134
vt 0.5043 0.9407
vt 0.4767 0.9410000000000001
vt 0.5039 0.9134
vt 0.5314 0.9132
vt 0.5318 0.9404
vt 0.5043 0.9407
vt 0.5314 0.9132
vt 0.5587 0.9128000000000001
vt 0.5591 0.94
vt 0.5318 0.9404
vt 0.5587 0.9128000000000001
vt 0.5859 0.9125
vt 0.5862 0.9397
vt 0.5591 0.94
vt 0.5859 0.9125
vt 0.6129 0.9122
vt 0.6132 0.9393
vt 0.5862 0.9397
vt 0.6129 0.9122
vt 0.6398 0.9119
vt 0.64 0.9390000000000001
vt 0.6132 0.9393
vt 0.6398 0.9119
vt 0.6665 0.9117
vt 0.6666 0.9388
vt 0.64 0.9390000000000001
vt 0.6665 0.9117
vt 0.6931 0.9116
vt 0.6932 0.9387
vt 0.6666 0.9388
vt 0.6931 0.9116
vt 0.7197 0.9115
vt 0.7197 0.9386
vt 0.6932 0.9387
vt 0.2278 0.886
vt 0.2552 0.886
vt 0.2552 0.914
vt 0.2278 0.914
vt 0.2552 0.886
vt 0.2826 0.886
vt 0.2827 0.914
vt 0.2552 0.914
vt 0.2826 0.886
vt 0.31 0.8861
vt 0.3102 0.9141
vt 0.2827 0.914
vt 0.31 0.8861
vt 0.3376 0.8861
vt 0.3378 0.9141
vt 0.3102 0.9141
vt 0.3376 0.8861
vt 0.3652 0.8861
vt 0.3654 0.9141
vt 0.3378 0.9141
vt 0.3652 0.8861
vt 0.3928 0.8861
vt 0.3931 0.9141
vt 0.3654 0.9141
vt 0.3928 0.8861
vt 0.4206 0.8861
vt 0.4208 0.914
vt 0.3931 0.9141
vt 0.4206 0.8861
vt 0.4483 0.886
vt 0.4486 0.9139
vt 0.4208 0.914
vt 0.4483 0.886
vt 0.476 0.8858
vt 0.4762 0.9137
vt 0.4486 0.9139
vt 0.476 0.8858
vt 0.5036 0.8855999999999999
vt 0.5039 0.9134
vt 0.4762 0.9137
vt 0.5036 0.8855999999999999
vt 0.5311 0.8854
vt 0.5314 0.9132
vt 0.5039 0.9134
vt 0.5311 0.8854
vt 0.5585 0.8851
vt 0.5587 0.9128000000000001
vt 0.5314 0.9132
vt 0.5585 0.8851
vt 0.5857 0.8848
vt 0.5859 0.9125
vt 0.5587 0.9128000000000001
vt 0.5857 0.8848
vt 0.6127 0.8846
vt 0.6129 0.9122
vt 0.5859 0.9125
vt 0.6127 0.8846
vt 0.6396 0.8844
vt 0.6398 0.9119
vt 0.6129 0.9122
vt 0.6398 0.9119
vt 0.6396 0.8844
vt 0.6695 0.8875
vt 0.6665 0.9117
vt 0.693 0.8879
vt 0.7197 0.8887
vt 0.7197 0.9115
vt 0.6931 0.9116
vt 0.2278 0.8575
vt 0.2551 0.8575
vt 0.2552 0.886
vt 0.2278 0.886
vt 0.2551 0.8575
vt 0.2825 0.8575
vt 0.2826 0.886
vt 0.2552 0.886
vt 0.2825 0.8575
vt 0.31 0.8575
vt 0.31 0.8861
vt 0.2826 0.886
vt 0.31 0.8575
vt 0.3375 0.8576
vt 0.3376 0.8861
vt 0.31 0.8861
vt 0.3375 0.8576
vt 0.365 0.8576
vt 0.3652 0.8861
vt 0.3376 0.8861
vt 0.365 0.8576
vt 0.3927 0.8576
vt 0.3928 0.8861
vt 0.3652 0.8861
vt 0.3927 0.8576
vt 0.4204 0.8576
vt 0.4206 0.8861
vt 0.3928 0.8861
vt 0.4204 0.8576
vt 0.4481 0.8575
vt 0.4483 0.886
vt 0.4206 0.8861
vt 0.4481 0.8575
vt 0.4758 0.8573999999999999
vt 0.476 0.8858
vt 0.4483 0.886
vt 0.4758 0.8573999999999999
vt 0.5034 0.8573
vt 0.5036 0.8855999999999999
vt 0.476 0.8858
vt 0.5034 0.8573
vt 0.5309 0.8571
vt 0.5311 0.8854
vt 0.5036 0.8855999999999999
vt 0.5309 0.8571
vt 0.5583 0.8569
vt 0.5585 0.8851
vt 0.5311 0.8854
vt 0.5583 0.8569
vt 0.5855 0.8567
vt 0.5857 0.8848
vt 0.5585 0.8851
vt 0.5855 0.8567
vt 0.6126 0.8565
vt 0.6127 0.8846
vt 0.5857 0.8848
vt 0.6126 0.8565
vt 0.6395 0.8564
vt 0.6396 0.8844
vt 0.6127 0.8846
vt 0.6396 0.8844
vt 0.6395 0.8564
vt 0.6568 0.8565
vt 0.6695 0.8875
vt 0.2278 0.8286
vt 0.2551 0.8286
vt 0.2551 0.8575
vt 0.2278 0.8575
vt 0.2551 0.8286
vt 0.2825 0.8286
vt 0.2825 0.8575
vt 0.2551 0.8575
vt 0.2825 0.8286
vt 0.3099 0.8287
vt 0.31 0.8575
vt 0.2825 0.8575
vt 0.3099 0.8287
vt 0.3374 0.8287
vt 0.3375 0.8576
vt 0.31 0.8575
vt 0.3374 0.8287
vt 0.365 0.8287
vt 0.365 0.8576
vt 0.3375 0.8576
vt 0.365 0.8287
vt 0.3926 0.8287
vt 0.3927 0.8576
vt 0.365 0.8576
vt 0.3926 0.8287
vt 0.4203 0.8287
vt 0.4204 0.8576
vt 0.3927 0.8576
vt 0.4203 0.8287
vt 0.448 0.8287
vt 0.4481 0.8575
vt 0.4204 0.8576
vt 0.448 0.8287
vt 0.4757 0.8286
vt 0.4758 0.8573999999999999
vt 0.4481 0.8575
vt 0.4757 0.8286
vt 0.5033 0.8285
vt 0.5034 0.8573
vt 0.4758 0.8573999999999999
vt 0.5033 0.8285
vt 0.5308 0.8284
vt 0.5309 0.8571
vt 0.5034 0.8573
vt 0.5308 0.8284
vt 0.5582 0.8283
vt 0.5583 0.8569
vt 0.5309 0.8571
vt 0.5582 0.8283
vt 0.5855 0.8282
vt 0.5855 0.8567
vt 0.5583 0.8569
vt 0.5855 0.8282
vt 0.6126 0.8281000000000001
vt 0.6126 0.8565
vt 0.5855 0.8567
vt 0.6126 0.8281000000000001
vt 0.6395 0.8281000000000001
vt 0.6395 0.8564
vt 0.6126 0.8565
vt 0.2278 0.7996
vt 0.2551 0.7996
vt 0.2551 0.8286
vt 0.2278 0.8286
vt 0.2551 0.7996
vt 0.2825 0.7996
vt 0.2825 0.8286
vt 0.2551 0.8286
vt 0.2825 0.7996
vt 0.3099 0.7996
vt 0.3099 0.8287
vt 0.2825 0.8286
vt 0.3099 0.7996
vt 0.3374 0.7996
vt 0.3374 0.8287
vt 0.3099 0.8287
vt 0.3374 0.7996
vt 0.365 0.7996
vt 0.365 0.8287
vt 0.3374 0.8287
vt 0.365 0.7996
vt 0.3926 0.7996
vt 0.3926 0.8287
vt 0.365 0.8287
vt 0.3926 0.7996
vt 0.4203 0.7996
vt 0.4203 0.8287
vt 0.3926 0.8287
vt 0.4203 0.7996
vt 0.448 0.7996
vt 0.448 0.8287
vt 0.4203 0.8287
vt 0.448 0.7996
vt 0.4757 0.7996
vt 0.4757 0.8286
vt 0.448 0.8287
vt 0.4757 0.7996
vt 0.5033 0.7996
vt 0.5033 0.8285
vt 0.4757 0.8286
vt 0.5033 0.7996
vt 0.5308 0.7996
vt 0.5308 0.8284
vt 0.5033 0.8285
vt 0.5308 0.7996
vt 0.5582 0.7996
vt 0.5582 0.8283
vt 0.5308 0.8284
vt 0.5582 0.7996
vt 0.5854 0.7996
vt 0.5855 0.8282
vt 0.5582 0.8283
vt 0.5854 0.7996
vt 0.6125 0.7996
vt 0.6126 0.8281000000000001
vt 0.5855 0.8282
vt 0.6125 0.7996
vt 0.6395 0.7996
vt 0.6395 0.8281000000000001
vt 0.6126 0.8281000000000001
vt 0.6663 0.7996
vt 0.6797 0.8099000000000001
vt 0.6488 0.8399
vt 0.6395 0.8281000000000001
vt 0.2278 0.7705
vt 0.2551 0.7705
vt 0.2551 0.7996
vt 0.2278 0.7996
vt 0.2551 0.7705
vt 0.2825 0.7705
vt 0.2825 0.7996
vt 0.2551 0.7996
vt 0.2825 0.7705
vt 0.3099 0.7705
vt 0.3099 0.7996
vt 0.2825 0.7996
vt 0.3099 0.7705
vt 0.3374 0.7705
vt 0.3374 0.7996
vt 0.3099 0.7996
vt 0.3374 0.7705
vt 0.365 0.7704
vt 0.365 0.7996
vt 0.3374 0.7996
vt 0.365 0.7704
vt 0.3926 0.7704
vt 0.3926 0.7996
vt 0.365 0.7996
vt 0.3926 0.7704
vt 0.4203 0.7704
vt 0.4203 0.7996
vt 0.3926 0.7996
vt 0.4203 0.7704
vt 0.448 0.7705
vt 0.448 0.7996
vt 0.4203 0.7996
vt 0.448 0.7705
vt 0.4757 0.7705
vt 0.4757 0.7996
vt 0.448 0.7996
vt 0.4757 0.7705
vt 0.5033 0.7706
vt 0.5033 0.7996
vt 0.4757 0.7996
vt 0.5033 0.7706
vt 0.5308 0.7706999999999999
vt 0.5308 0.7996
vt 0.5033 0.7996
vt 0.5308 0.7706999999999999
vt 0.5582 0.7708
vt 0.5582 0.7996
vt 0.5308 0.7996
vt 0.5582 0.7708
vt 0.5855 0.7709
vt 0.5854 0.7996
vt 0.5582 0.7996
vt 0.5855 0.7709
vt 0.6126 0.771
vt 0.6125 0.7996
vt 0.5854 0.7996
vt 0.6126 0.771
vt 0.6395 0.7711
vt 0.6395 0.7996
vt 0.6125 0.7996
vt 0.6395 0.7711
vt 0.6663 0.7711
vt 0.6663 0.7996
vt 0.6395 0.7996
vt 0.684 0.7996
vt 0.6663 0.7996
vt 0.6663 0.7711
vt 0.693 0.7764
vt 0.2278 0.7417
vt 0.2551 0.7417
vt 0.2551 0.7705
vt 0.2278 0.7705
vt 0.2551 0.7417
vt 0.2825 0.7416
vt 0.2825 0.7705
vt 0.2551 0.7705
vt 0.2825 0.7416
vt 0.31 0.7416
vt 0.3099 0.7705
vt 0.2825 0.7705
vt 0.31 0.7416
vt 0.3375 0.7416
vt 0.3374 0.7705
vt 0.3099 0.7705
vt 0.3375 0.7416
vt 0.365 0.7415
vt 0.365 0.7704
vt 0.3374 0.7705
vt 0.365 0.7415
vt 0.3927 0.7415
vt 0.3926 0.7704
vt 0.365 0.7704
vt 0.3927 0.7415
vt 0.4204 0.7415
vt 0.4203 0.7704
vt 0.3926 0.7704
vt 0.4204 0.7415
vt 0.4481 0.7416
vt 0.448 0.7705
vt 0.4203 0.7704
vt 0.4481 0.7416
vt 0.4758 0.7417
vt 0.4757 0.7705
vt 0.448 0.7705
vt 0.4758 0.7417
vt 0.5034 0.7418
vt 0.5033 0.7706
vt 0.4757 0.7705
vt 0.5034 0.7418
vt 0.5309 0.742
vt 0.5308 0.7706999999999999
vt 0.5033 0.7706
vt 0.5309 0.742
vt 0.5583 0.7422
vt 0.5582 0.7708
vt 0.5308 0.7706999999999999
vt 0.5583 0.7422
vt 0.5855 0.7424
vt 0.5855 0.7709
vt 0.5582 0.7708
vt 0.5855 0.7424
vt 0.6126 0.7425999999999999
vt 0.6126 0.771
vt 0.5855 0.7709
vt 0.6126 0.7425999999999999
vt 0.6395 0.7428
vt 0.6395 0.7711
vt 0.6126 0.771
vt 0.6395 0.7428
vt 0.6663 0.7429
vt 0.6663 0.7711
vt 0.6395 0.7711
vt 0.6663 0.7711
vt 0.6663 0.7429
vt 0.693 0.743
vt 0.693 0.7764
vt 0.693 0.7764
vt 0.693 0.743
vt 0.7053 0.7428
vt 0.2278 0.7132000000000001
vt 0.2552 0.7132000000000001
vt 0.2551 0.7417
vt 0.2278 0.7417
vt 0.2552 0.7132000000000001
vt 0.2826 0.7131000000000001
vt 0.2825 0.7416
vt 0.2551 0.7417
vt 0.2826 0.7131000000000001
vt 0.31 0.7131000000000001
vt 0.31 0.7416
vt 0.2825 0.7416
vt 0.31 0.7131000000000001
vt 0.3376 0.7130000000000001
vt 0.3375 0.7416
vt 0.31 0.7416
vt 0.3376 0.7130000000000001
vt 0.3652 0.7130000000000001
vt 0.365 0.7415
vt 0.3375 0.7416
vt 0.3652 0.7130000000000001
vt 0.3928 0.7130000000000001
vt 0.3927 0.7415
vt 0.365 0.7415
vt 0.3928 0.7130000000000001
vt 0.4206 0.7131000000000001
vt 0.4204 0.7415
vt 0.3927 0.7415
vt 0.4206 0.7131000000000001
vt 0.4483 0.7132000000000001
vt 0.4481 0.7416
vt 0.4204 0.7415
vt 0.4483 0.7132000000000001
vt 0.476 0.7133
vt 0.4758 0.7417
vt 0.4481 0.7416
vt 0.476 0.7133
vt 0.5036 0.7135
vt 0.5034 0.7418
vt 0.4758 0.7417
vt 0.5036 0.7135
vt 0.5311 0.7137
vt 0.5309 0.742
vt 0.5034 0.7418
vt 0.5311 0.7137
vt 0.5585 0.714
vt 0.5583 0.7422
vt 0.5309 0.742
vt 0.5585 0.714
vt 0.5857 0.7142999999999999
vt 0.5855 0.7424
vt 0.5583 0.7422
vt 0.5857 0.7142999999999999
vt 0.6127 0.7145
vt 0.6126 0.7425999999999999
vt 0.5855 0.7424
vt 0.6127 0.7145
vt 0.6396 0.7148
vt 0.6395 0.7428
vt 0.6126 0.7425999999999999
vt 0.6396 0.7148
vt 0.6664 0.7150000000000001
vt 0.6663 0.7429
vt 0.6395 0.7428
vt 0.6664 0.7150000000000001
vt 0.6931 0.7151000000000001
vt 0.693 0.743
vt 0.6663 0.7429
vt 0.2278 0.6851
vt 0.2552 0.6851
vt 0.2552 0.7132000000000001
vt 0.2278 0.7132000000000001
vt 0.2552 0.6851
vt 0.2827 0.6851
vt 0.2826 0.7131000000000001
vt 0.2552 0.7132000000000001
vt 0.2827 0.6851
vt 0.3102 0.6851
vt 0.31 0.7131000000000001
vt 0.2826 0.7131000000000001
vt 0.3102 0.6851
vt 0.3378 0.685
vt 0.3376 0.7130000000000001
vt 0.31 0.7131000000000001
vt 0.3378 0.685
vt 0.3654 0.685
vt 0.3652 0.7130000000000001
vt 0.3376 0.7130000000000001
vt 0.3654 0.685
vt 0.3931 0.685
vt 0.3928 0.7130000000000001
vt 0.3652 0.7130000000000001
vt 0.3931 0.685
vt 0.4208 0.6851
vt 0.4206 0.7131000000000001
vt 0.3928 0.7130000000000001
vt 0.4208 0.6851
vt 0.4486 0.6852
vt 0.4483 0.7132000000000001
vt 0.4206 0.7131000000000001
vt 0.4486 0.6852
vt 0.4762 0.6854
vt 0.476 0.7133
vt 0.4483 0.7132000000000001
vt 0.4762 0.6854
vt 0.5039 0.6857
vt 0.5036 0.7135
vt 0.476 0.7133
vt 0.5039 0.6857
vt 0.5314 0.6859999999999999
vt 0.5311 0.7137
vt 0.5036 0.7135
vt 0.5314 0.6859999999999999
vt 0.5587 0.6863
vt 0.5585 0.714
vt 0.5311 0.7137
vt 0.5587 0.6863
vt 0.5859 0.6866
vt 0.5857 0.7142999999999999
vt 0.5585 0.714
vt 0.5859 0.6866
vt 0.6129 0.6869000000000001
vt 0.6127 0.7145
vt 0.5857 0.7142999999999999
vt 0.6129 0.6869000000000001
vt 0.6398 0.6872
vt 0.6396 0.7148
vt 0.6127 0.7145
vt 0.6398 0.6872
vt 0.6665 0.6874
vt 0.6664 0.7150000000000001
vt 0.6396 0.7148
vt 0.6665 0.6874
vt 0.6931 0.6875
vt 0.6931 0.7151000000000001
vt 0.6664 0.7150000000000001
vt 0.7197 0.7044
vt 0.7157 0.7150000000000001
vt 0.6931 0.7151000000000001
vt 0.7197 0.6876
vt 0.6931 0.6875
vt 0.7197 0.6876
vt 0.6931 0.7151000000000001
vt 0.2278 0.6576
vt 0.2553 0.6576
vt 0.2552 0.6851
vt 0.2278 0.6851
vt 0.2553 0.6576
vt 0.2828 0.6576
vt 0.2827 0.6851
vt 0.2552 0.6851
vt 0.2828 0.6576
vt 0.3104 0.6576
vt 0.3102 0.6851
vt 0.2827 0.6851
vt 0.3104 0.6576
vt 0.3381 0.6576
vt 0.3378 0.685
vt 0.3102 0.6851
vt 0.3381 0.6576
vt 0.3658 0.6576
vt 0.3654 0.685
vt 0.3378 0.685
vt 0.3658 0.6576
vt 0.3935 0.6577
vt 0.3931 0.685
vt 0.3654 0.685
vt 0.3935 0.6577
vt 0.4213 0.6577999999999999
vt 0.4208 0.6851
vt 0.3931 0.685
vt 0.4213 0.6577999999999999
vt 0.449 0.6578999999999999
vt 0.4486 0.6852
vt 0.4208 0.6851
vt 0.449 0.6578999999999999
vt 0.4767 0.6582
vt 0.4762 0.6854
vt 0.4486 0.6852
vt 0.4767 0.6582
vt 0.5043 0.6584
vt 0.5039 0.6857
vt 0.4762 0.6854
vt 0.5043 0.6584
vt 0.5318 0.6588
vt 0.5314 0.6859999999999999
vt 0.5039 0.6857
vt 0.5318 0.6588
vt 0.5591 0.6591
vt 0.5587 0.6863
vt 0.5314 0.6859999999999999
vt 0.5591 0.6591
vt 0.5862 0.6595
vt 0.5859 0.6866
vt 0.5587 0.6863
vt 0.5862 0.6595
vt 0.6132 0.6597999999999999
vt 0.6129 0.6869000000000001
vt 0.5859 0.6866
vt 0.6132 0.6597999999999999
vt 0.64 0.6601
vt 0.6398 0.6872
vt 0.6129 0.6869000000000001
vt 0.64 0.6601
vt 0.6666 0.6603
vt 0.6665 0.6874
vt 0.6398 0.6872
vt 0.6666 0.6603
vt 0.6932 0.6605
vt 0.6931 0.6875
vt 0.6665 0.6874
vt 0.6932 0.6605
vt 0.7197 0.6605
vt 0.7197 0.6876
vt 0.6931 0.6875
vt 0.2278 0.6306
vt 0.2555 0.6306
vt 0.2553 0.6576
vt 0.2278 0.6576
vt 0.2555 0.6306
vt 0.2831 0.6306
vt 0.2828 0.6576
vt 0.2553 0.6576
vt 0.2831 0.6306
vt 0.3109 0.6306
vt 0.3104 0.6576
vt 0.2828 0.6576
vt 0.3109 0.6306
vt 0.3386 0.6307
vt 0.3381 0.6576
vt 0.3104 0.6576
vt 0.3386 0.6307
vt 0.3664 0.6307
vt 0.3658 0.6576
vt 0.3381 0.6576
vt 0.3664 0.6307
vt 0.3943 0.6308
vt 0.3935 0.6577
vt 0.3658 0.6576
vt 0.3943 0.6308
vt 0.4221 0.631
vt 0.4213 0.6577999999999999
vt 0.3935 0.6577
vt 0.4221 0.631
vt 0.4499 0.6312
vt 0.449 0.6578999999999999
vt 0.4213 0.6577999999999999
vt 0.4499 0.6312
vt 0.4776 0.6315
vt 0.4767 0.6582
vt 0.449 0.6578999999999999
vt 0.4776 0.6315
vt 0.5052 0.6317999999999999
vt 0.5043 0.6584
vt 0.4767 0.6582
vt 0.5052 0.6317999999999999
vt 0.5326 0.6321
vt 0.5318 0.6588
vt 0.5043 0.6584
vt 0.5326 0.6321
vt 0.5598 0.6325000000000001
vt 0.5591 0.6591
vt 0.5318 0.6588
vt 0.5598 0.6325000000000001
vt 0.5869 0.6328
vt 0.5862 0.6595
vt 0.5591 0.6591
vt 0.5869 0.6328
vt 0.6137 0.6331
vt 0.6132 0.6597999999999999
vt 0.5862 0.6595
vt 0.6137 0.6331
vt 0.6404 0.6334
vt 0.64 0.6601
vt 0.6132 0.6597999999999999
vt 0.6404 0.6334
vt 0.6669 0.6335999999999999
vt 0.6666 0.6603
vt 0.64 0.6601
vt 0.6669 0.6335999999999999
vt 0.6933 0.6337999999999999
vt 0.6932 0.6605
vt 0.6666 0.6603
vt 0.6933 0.6337999999999999
vt 0.7197 0.6337999999999999
vt 0.7197 0.6605
vt 0.6932 0.6605
vt 0.2278 0.6041000000000001
vt 0.2558 0.6041000000000001
vt 0.2555 0.6306
vt 0.2278 0.6306
vt 0.2558 0.6041000000000001
vt 0.2838 0.6041000000000001
vt 0.2831 0.6306
vt 0.2555 0.6306
vt 0.2838 0.6041000000000001
vt 0.3118 0.6042000000000001
vt 0.3109 0.6306
vt 0.2831 0.6306
vt 0.3118 0.6042000000000001
vt 0.3398 0.6042000000000001
vt 0.3386 0.6307
vt 0.3109 0.6306
vt 0.3398 0.6042000000000001
vt 0.3678 0.6044
vt 0.3664 0.6307
vt 0.3386 0.6307
vt 0.3678 0.6044
vt 0.3958 0.6045
vt 0.3943 0.6308
vt 0.3664 0.6307
vt 0.3958 0.6045
vt 0.4238 0.6047
vt 0.4221 0.631
vt 0.3943 0.6308
vt 0.4238 0.6047
vt 0.4516 0.6049
vt 0.4499 0.6312
vt 0.4221 0.631
vt 0.4516 0.6049
vt 0.4793 0.6052
vt 0.4776 0.6315
vt 0.4499 0.6312
vt 0.4793 0.6052
vt 0.5069 0.6056
vt 0.5052 0.6317999999999999
vt 0.4776 0.6315
vt 0.5069 0.6056
vt 0.5342 0.6059
vt 0.5326 0.6321
vt 0.5052 0.6317999999999999
vt 0.5342 0.6059
vt 0.5613 0.6062000000000001
vt 0.5598 0.6325000000000001
vt 0.5326 0.6321
vt 0.5613 0.6062000000000001
vt 0.5882 0.6066
vt 0.5869 0.6328
vt 0.5598 0.6325000000000001
vt 0.5882 0.6066
vt 0.6148 0.6069
vt 0.6137 0.6331
vt 0.5869 0.6328
vt 0.6148 0.6069
vt 0.6412 0.6071
vt 0.6404 0.6334
vt 0.6137 0.6331
vt 0.6412 0.6071
vt 0.6675 0.6073
vt 0.6669 0.6335999999999999
vt 0.6404 0.6334
vt 0.6675 0.6073
vt 0.6936 0.6074999999999999
vt 0.6933 0.6337999999999999
vt 0.6669 0.6335999999999999
vt 0.6936 0.6074999999999999
vt 0.7197 0.6074999999999999
vt 0.7197 0.6337999999999999
vt 0.6933 0.6337999999999999
vt 0.3918 0.5305
vt 0.3807 0.5296000000000001
vt 0.3699 0.5907
vt 0.3918 0.5927
vt 0.3807 0.5296000000000001
vt 0.3699 0.5267
vt 0.3486 0.5851
vt 0.3699 0.5907
vt 0.3699 0.5267
vt 0.3598 0.5219
vt 0.3287 0.5758
vt 0.3486 0.5851
vt 0.3598 0.5219
vt 0.3506 0.5155000000000001
vt 0.3107 0.5630999999999999
vt 0.3287 0.5758
vt 0.3506 0.5155000000000001
vt 0.3427 0.5076
vt 0.2951 0.5476
vt 0.3107 0.5630999999999999
vt 0.3427 0.5076
vt 0.3363 0.49850000000000005
vt 0.2825 0.5296000000000001
vt 0.2951 0.5476
vt 0.3363 0.49850000000000005
vt 0.3316 0.48839999999999995
vt 0.2732 0.5096
vt 0.2825 0.5296000000000001
vt 0.3316 0.48839999999999995
vt 0.3287 0.4776
vt 0.2675 0.48839999999999995
vt 0.2732 0.5096
vt 0.3287 0.4776
vt 0.3277 0.46640000000000004
vt 0.2656 0.46640000000000004
vt 0.2675 0.48839999999999995
vt 0.3277 0.46640000000000004
vt 0.3287 0.45530000000000004
vt 0.2675 0.4445
vt 0.2656 0.46640000000000004
vt 0.3287 0.45530000000000004
vt 0.3316 0.4445
vt 0.2732 0.4233
vt 0.2675 0.4445
vt 0.3316 0.4445
vt 0.3363 0.4344
vt 0.2825 0.4033
vt 0.2732 0.4233
vt 0.3363 0.4344
vt 0.3427 0.4252
vt 0.2951 0.3853
vt 0.2825 0.4033
vt 0.3427 0.4252
vt 0.3506 0.4174
vt 0.3107 0.3698
vt 0.2951 0.3853
vt 0.3506 0.4174
vt 0.3598 0.41090000000000004
vt 0.3287 0.3571
vt 0.3107 0.3698
vt 0.3598 0.41090000000000004
vt 0.3699 0.4062
vt 0.3486 0.3478
vt 0.3287 0.3571
vt 0.3699 0.4062
vt 0.3807 0.4033
vt 0.3699 0.34209999999999996
vt 0.3486 0.3478
vt 0.3807 0.4033
vt 0.3918 0.4024
vt 0.3918 0.34019999999999995
vt 0.3699 0.34209999999999996
vt 0.3918 0.46640000000000004
vt 0.3807 0.5296000000000001
vt 0.3918 0.5305
vt 0.3918 0.46640000000000004
vt 0.3699 0.5267
vt 0.3807 0.5296000000000001
vt 0.3918 0.46640000000000004
vt 0.3598 0.5219
vt 0.3699 0.5267
vt 0.3918 0.46640000000000004
vt 0.3506 0.5155000000000001
vt 0.3598 0.5219
vt 0.3918 0.46640000000000004
vt 0.3427 0.5076
vt 0.3506 0.5155000000000001
vt 0.3918 0.46640000000000004
vt 0.3363 0.49850000000000005
vt 0.3427 0.5076
vt 0.3918 0.46640000000000004
vt 0.3316 0.48839999999999995
vt 0.3363 0.49850000000000005
vt 0.3918 0.46640000000000004
vt 0.3287 0.4776
vt 0.3316 0.48839999999999995
vt 0.3918 0.46640000000000004
vt 0.3277 0.46640000000000004
vt 0.3287 0.4776
vt 0.3918 0.46640000000000004
vt 0.3287 0.45530000000000004
vt 0.3277 0.46640000000000004
vt 0.3918 0.46640000000000004
vt 0.3316 0.4445
vt 0.3287 0.45530000000000004
vt 0.3918 0.46640000000000004
vt 0.3363 0.4344
vt 0.3316 0.4445
vt 0.3918 0.46640000000000004
vt 0.3427 0.4252
vt 0.3363 0.4344
vt 0.3918 0.46640000000000004
vt 0.3506 0.4174
vt 0.3427 0.4252
vt 0.3918 0.46640000000000004
vt 0.3598 0.41090000000000004
vt 0.3506 0.4174
vt 0.3918 0.46640000000000004
vt 0.3699 0.4062
vt 0.3598 0.41090000000000004
vt 0.3918 0.46640000000000004
vt 0.3807 0.4033
vt 0.3699 0.4062
vt 0.3918 0.46640000000000004
vt 0.3918 0.4024
vt 0.3807 0.4033
vt 0.6568 0.8565
vt 0.6488 0.8399
vt 0.6538 0.8403
vt 0.6617 0.8564
vt 0.7053 0.7428
vt 0.693 0.743
vt 0.6931 0.7151000000000001
vt 0.7157 0.7150000000000001
vt 0.6395 0.8564
vt 0.6395 0.8281000000000001
vt 0.6488 0.8399
vt 0.6568 0.8565
vt 0.6695 0.8875
vt 0.693 0.8879
vt 0.6931 0.9116
vt 0.6665 0.9117
vt 0.6797 0.8099000000000001
vt 0.6663 0.7996
vt 0.684 0.7996
vt 0.6797 0.8099000000000001
vt 0.6824 0.8123
vt 0.6538 0.8403
vt 0.6488 0.8399
vt 0.6734 0.8843
vt 0.6695 0.8875
vt 0.6568 0.8565
vt 0.6617 0.8564
vt 0.7157 0.7150000000000001
vt 0.7197 0.7044
vt 0.7197 0.7152000000000001
vt 0.7157 0.7150000000000001
vt 0.7197 0.7152000000000001
vt 0.709 0.7428
vt 0.7053 0.7428
vt 0.684 0.7996
vt 0.6877 0.7996
vt 0.6824 0.8123
vt 0.6797 0.8099000000000001
vt 0.693 0.7764
vt 0.7053 0.7428
vt 0.709 0.7428
vt 0.6877 0.7996
vt 0.684 0.7996
vt 0.693 0.7764
vt 0.6877 0.7996
vt 0.693 0.8879
vt 0.6695 0.8875
vt 0.6734 0.8843
vt 0.6927 0.8854
vt 0.6395 0.8281000000000001
vt 0.6395 0.7996
vt 0.6663 0.7996
vt 0.6143 0.3156
vt 0.6329 0.2731
vt 0.6638 0.28369999999999995
vt 0.6432 0.33099999999999996
vt 0.7154 0.09409999999999996
vt 0.746 0.10529999999999995
vt 0.6638 0.28369999999999995
vt 0.6329 0.2731
vt 0.7154 0.09409999999999996
vt 0.7537 0.01539999999999997
vt 0.7536 0.08130000000000004
vt 0.746 0.10529999999999995
vt 0.6678 0.5485
vt 0.6682 0.5181
vt 0.7542 0.518
vt 0.7539 0.5484
vt 0.6678 0.5485
vt 0.6042 0.5512
vt 0.6242 0.5182
vt 0.6682 0.5181
vt 0.5522 0.4635
vt 0.5814 0.4476
vt 0.6242 0.5182
vt 0.6042 0.5512
vt 0.5522 0.4635
vt 0.5206 0.4121
vt 0.5614 0.4165
vt 0.5814 0.4476
vt 0.6143 0.3156
vt 0.6432 0.33099999999999996
vt 0.5614 0.4165
vt 0.5206 0.4121
vt 0.7197 0.8865
vt 0.7197 0.8887
vt 0.693 0.8879
vt 0.6927 0.8854
vt 0.6432 0.33099999999999996
vt 0.6638 0.28369999999999995
vt 0.6748 0.29269999999999996
vt 0.6554 0.33699999999999997
vt 0.6638 0.28369999999999995
vt 0.746 0.10529999999999995
vt 0.7536 0.12450000000000006
vt 0.6748 0.29269999999999996
vt 0.746 0.10529999999999995
vt 0.7536 0.08130000000000004
vt 0.7536 0.12450000000000006
vt 0.7542 0.518
vt 0.6682 0.5181
vt 0.6742 0.5051
vt 0.7541 0.505
vt 0.6682 0.5181
vt 0.6242 0.5182
vt 0.6364 0.5051
vt 0.6742 0.5051
vt 0.5814 0.4476
vt 0.598 0.4416
vt 0.6364 0.5051
vt 0.6242 0.5182
vt 0.5814 0.4476
vt 0.5614 0.4165
vt 0.5813 0.4155
vt 0.598 0.4416
vt 0.6432 0.33099999999999996
vt 0.6554 0.33699999999999997
vt 0.5813 0.4155
vt 0.5614 0.4165
vt 0.6748 0.29269999999999996
vt 0.7536 0.12450000000000006
vt 0.8319 0.2925
vt 0.6748 0.29269999999999996
vt 0.8319 0.2925
vt 0.8516 0.3368
vt 0.6554 0.33699999999999997
vt 0.1324 0.46640000000000004
vt 0.1435 0.5296000000000001
vt 0.1324 0.5305
vt 0.1324 0.46640000000000004
vt 0.1543 0.5267
vt 0.1435 0.5296000000000001
vt 0.1324 0.46640000000000004
vt 0.1644 0.5219
vt 0.1543 0.5267
vt 0.1324 0.46640000000000004
vt 0.1735 0.5155000000000001
vt 0.1644 0.5219
vt 0.1324 0.46640000000000004
vt 0.1814 0.5076
vt 0.1735 0.5155000000000001
vt 0.1324 0.46640000000000004
vt 0.1879 0.49850000000000005
vt 0.1814 0.5076
vt 0.1324 0.46640000000000004
vt 0.1926 0.48839999999999995
vt 0.1879 0.49850000000000005
vt 0.1324 0.46640000000000004
vt 0.1955 0.4776
vt 0.1926 0.48839999999999995
vt 0.1324 0.46640000000000004
vt 0.1964 0.46640000000000004
vt 0.1955 0.4776
vt 0.1324 0.46640000000000004
vt 0.1955 0.45530000000000004
vt 0.1964 0.46640000000000004
vt 0.1324 0.46640000000000004
vt 0.1926 0.4445
vt 0.1955 0.45530000000000004
vt 0.1324 0.46640000000000004
vt 0.1879 0.4344
vt 0.1926 0.4445
vt 0.1324 0.46640000000000004
vt 0.1814 0.4252
vt 0.1879 0.4344
vt 0.1324 0.46640000000000004
vt 0.1735 0.4174
vt 0.1814 0.4252
vt 0.1324 0.46640000000000004
vt 0.1644 0.41090000000000004
vt 0.1735 0.4174
vt 0.1324 0.46640000000000004
vt 0.1543 0.4062
vt 0.1644 0.41090000000000004
vt 0.1324 0.46640000000000004
vt 0.1435 0.4033
vt 0.1543 0.4062
vt 0.1324 0.46640000000000004
vt 0.1324 0.4024
vt 0.1435 0.4033
vt 0.1435 0.5296000000000001
vt 0.1543 0.5907
vt 0.1324 0.5927
vt 0.1324 0.5305
vt 0.1543 0.5267
vt 0.1755 0.5851
vt 0.1543 0.5907
vt 0.1435 0.5296000000000001
vt 0.1644 0.5219
vt 0.1955 0.5758
vt 0.1755 0.5851
vt 0.1543 0.5267
vt 0.1735 0.5155000000000001
vt 0.2135 0.5630999999999999
vt 0.1955 0.5758
vt 0.1644 0.5219
vt 0.1814 0.5076
vt 0.229 0.5476
vt 0.2135 0.5630999999999999
vt 0.1735 0.5155000000000001
vt 0.1879 0.49850000000000005
vt 0.2417 0.5296000000000001
vt 0.229 0.5476
vt 0.1814 0.5076
vt 0.1926 0.48839999999999995
vt 0.251 0.5096
vt 0.2417 0.5296000000000001
vt 0.1879 0.49850000000000005
vt 0.1955 0.4776
vt 0.2567 0.48839999999999995
vt 0.251 0.5096
vt 0.1926 0.48839999999999995
vt 0.1964 0.46640000000000004
vt 0.2586 0.46640000000000004
vt 0.2567 0.48839999999999995
vt 0.1955 0.4776
vt 0.1955 0.45530000000000004
vt 0.2567 0.4445
vt 0.2586 0.46640000000000004
vt 0.1964 0.46640000000000004
vt 0.1926 0.4445
vt 0.251 0.4233
vt 0.2567 0.4445
vt 0.1955 0.45530000000000004
vt 0.1879 0.4344
vt 0.2417 0.4033
vt 0.251 0.4233
vt 0.1926 0.4445
vt 0.1814 0.4252
vt 0.229 0.3853
vt 0.2417 0.4033
vt 0.1879 0.4344
vt 0.1735 0.4174
vt 0.2135 0.3698
vt 0.229 0.3853
vt 0.1814 0.4252
vt 0.1644 0.41090000000000004
vt 0.1955 0.3571
vt 0.2135 0.3698
vt 0.1735 0.4174
vt 0.1543 0.4062
vt 0.1755 0.3478
vt 0.1955 0.3571
vt 0.1644 0.41090000000000004
vt 0.1435 0.4033
vt 0.1543 0.34209999999999996
vt 0.1755 0.3478
vt 0.1543 0.4062
vt 0.1324 0.4024
vt 0.1324 0.34019999999999995
vt 0.1543 0.34209999999999996
vt 0.1435 0.4033
vt 0.1998 0.9951
vt 0.2001 0.9685
vt 0.2278 0.9685
vt 0.2278 0.9951
vt 0.1718 0.995
vt 0.1724 0.9685
vt 0.2001 0.9685
vt 0.1998 0.9951
vt 0.1438 0.995
vt 0.1447 0.9685
vt 0.1724 0.9685
vt 0.1718 0.995
vt 0.1157 0.9949
vt 0.1169 0.9685
vt 0.1447 0.9685
vt 0.1438 0.995
vt 0.0877 0.9948
vt 0.0891 0.9684
vt 0.1169 0.9685
vt 0.1157 0.9949
vt 0.0597 0.9946
vt 0.0613 0.9683
vt 0.0891 0.9684
vt 0.0877 0.9948
vt 0.0318 0.9944
vt 0.0335 0.9681
vt 0.0613 0.9683
vt 0.0597 0.9946
vt 0.0039 0.9942
vt 0.0057 0.9679
vt 0.0335 0.9681
vt 0.0318 0.9944
vt 0.9601 0.9939
vt 0.9618 0.9677
vt 0.9895 0.9679
vt 0.9878 0.9942
vt 0.9325 0.9936
vt 0.9343 0.9674
vt 0.9618 0.9677
vt 0.9601 0.9939
vt 0.9052 0.9932
vt 0.9068 0.967
vt 0.9343 0.9674
vt 0.9325 0.9936
vt 0.8781 0.9929
vt 0.8796 0.9667
vt 0.9068 0.967
vt 0.9052 0.9932
vt 0.8513 0.9926
vt 0.8526 0.9663
vt 0.8796 0.9667
vt 0.8781 0.9929
vt 0.8246 0.9923
vt 0.8257 0.966
vt 0.8526 0.9663
vt 0.8513 0.9926
vt 0.7982 0.992
vt 0.799 0.9657
vt 0.8257 0.966
vt 0.8246 0.9923
vt 0.7719 0.9918
vt 0.7725 0.9655
vt 0.799 0.9657
vt 0.7982 0.992
vt 0.7458 0.9917
vt 0.7461 0.9654
vt 0.7725 0.9655
vt 0.7719 0.9918
vt 0.7197 0.9916
vt 0.7197 0.9653
vt 0.7461 0.9654
vt 0.7458 0.9917
vt 0.2001 0.9685
vt 0.2003 0.9415
vt 0.2278 0.9415
vt 0.2278 0.9685
vt 0.1724 0.9685
vt 0.1727 0.9415
vt 0.2003 0.9415
vt 0.2001 0.9685
vt 0.1447 0.9685
vt 0.1451 0.9415
vt 0.1727 0.9415
vt 0.1724 0.9685
vt 0.1169 0.9685
vt 0.1175 0.9415
vt 0.1451 0.9415
vt 0.1447 0.9685
vt 0.0891 0.9684
vt 0.0898 0.9415
vt 0.1175 0.9415
vt 0.1169 0.9685
vt 0.0613 0.9683
vt 0.062 0.9415
vt 0.0898 0.9415
vt 0.0891 0.9684
vt 0.0335 0.9681
vt 0.0343 0.9414
vt 0.062 0.9415
vt 0.0613 0.9683
vt 0.0057 0.9679
vt 0.0065 0.9412
vt 0.0343 0.9414
vt 0.0335 0.9681
vt 0.9618 0.9677
vt 0.9627 0.9410000000000001
vt 0.9904 0.9412
vt 0.9895 0.9679
vt 0.9343 0.9674
vt 0.9351 0.9407
vt 0.9627 0.9410000000000001
vt 0.9618 0.9677
vt 0.9068 0.967
vt 0.9076 0.9404
vt 0.9351 0.9407
vt 0.9343 0.9674
vt 0.8796 0.9667
vt 0.8803 0.94
vt 0.9076 0.9404
vt 0.9068 0.967
vt 0.8526 0.9663
vt 0.8532 0.9397
vt 0.8803 0.94
vt 0.8796 0.9667
vt 0.8257 0.966
vt 0.8262 0.9393
vt 0.8532 0.9397
vt 0.8526 0.9663
vt 0.799 0.9657
vt 0.7994 0.9390000000000001
vt 0.8262 0.9393
vt 0.8257 0.966
vt 0.7725 0.9655
vt 0.7728 0.9388
vt 0.7994 0.9390000000000001
vt 0.799 0.9657
vt 0.7461 0.9654
vt 0.7462 0.9387
vt 0.7728 0.9388
vt 0.7725 0.9655
vt 0.7197 0.9653
vt 0.7197 0.9386
vt 0.7462 0.9387
vt 0.7461 0.9654
vt 0.2003 0.9415
vt 0.2003 0.914
vt 0.2278 0.914
vt 0.2278 0.9415
vt 0.1727 0.9415
vt 0.1729 0.914
vt 0.2003 0.914
vt 0.2003 0.9415
vt 0.1451 0.9415
vt 0.1454 0.9141
vt 0.1729 0.914
vt 0.1727 0.9415
vt 0.1175 0.9415
vt 0.1178 0.9141
vt 0.1454 0.9141
vt 0.1451 0.9415
vt 0.0898 0.9415
vt 0.0902 0.9141
vt 0.1178 0.9141
vt 0.1175 0.9415
vt 0.062 0.9415
vt 0.0625 0.9141
vt 0.0902 0.9141
vt 0.0898 0.9415
vt 0.0343 0.9414
vt 0.0347 0.914
vt 0.0625 0.9141
vt 0.062 0.9415
vt 0.0065 0.9412
vt 0.007 0.9139
vt 0.0347 0.914
vt 0.0343 0.9414
vt 0.9627 0.9410000000000001
vt 0.9632 0.9137
vt 0.9909 0.9139
vt 0.9904 0.9412
vt 0.9351 0.9407
vt 0.9356 0.9134
vt 0.9632 0.9137
vt 0.9627 0.9410000000000001
vt 0.9076 0.9404
vt 0.9081 0.9132
vt 0.9356 0.9134
vt 0.9351 0.9407
vt 0.8803 0.94
vt 0.8807 0.9128000000000001
vt 0.9081 0.9132
vt 0.9076 0.9404
vt 0.8532 0.9397
vt 0.8535 0.9125
vt 0.8807 0.9128000000000001
vt 0.8803 0.94
vt 0.8262 0.9393
vt 0.8265 0.9122
vt 0.8535 0.9125
vt 0.8532 0.9397
vt 0.7994 0.9390000000000001
vt 0.7997 0.9119
vt 0.8265 0.9122
vt 0.8262 0.9393
vt 0.7728 0.9388
vt 0.7729 0.9117
vt 0.7997 0.9119
vt 0.7994 0.9390000000000001
vt 0.7462 0.9387
vt 0.7463 0.9116
vt 0.7729 0.9117
vt 0.7728 0.9388
vt 0.7197 0.9386
vt 0.7197 0.9115
vt 0.7463 0.9116
vt 0.7462 0.9387
vt 0.2003 0.914
vt 0.2004 0.886
vt 0.2278 0.886
vt 0.2278 0.914
vt 0.1729 0.914
vt 0.173 0.886
vt 0.2004 0.886
vt 0.2003 0.914
vt 0.1454 0.9141
vt 0.1455 0.8861
vt 0.173 0.886
vt 0.1729 0.914
vt 0.1178 0.9141
vt 0.118 0.8861
vt 0.1455 0.8861
vt 0.1454 0.9141
vt 0.0902 0.9141
vt 0.0904 0.8861
vt 0.118 0.8861
vt 0.1178 0.9141
vt 0.0625 0.9141
vt 0.0627 0.8861
vt 0.0904 0.8861
vt 0.0902 0.9141
vt 0.0347 0.914
vt 0.035 0.8861
vt 0.0627 0.8861
vt 0.0625 0.9141
vt 0.007 0.9139
vt 0.0073 0.886
vt 0.035 0.8861
vt 0.0347 0.914
vt 0.9632 0.9137
vt 0.9635 0.8858
vt 0.9912 0.886
vt 0.9909 0.9139
vt 0.9356 0.9134
vt 0.9358 0.8855999999999999
vt 0.9635 0.8858
vt 0.9632 0.9137
vt 0.9081 0.9132
vt 0.9083 0.8854
vt 0.9358 0.8855999999999999
vt 0.9356 0.9134
vt 0.8807 0.9128000000000001
vt 0.881 0.8851
vt 0.9083 0.8854
vt 0.9081 0.9132
vt 0.8535 0.9125
vt 0.8538 0.8848
vt 0.881 0.8851
vt 0.8807 0.9128000000000001
vt 0.8265 0.9122
vt 0.8267 0.8846
vt 0.8538 0.8848
vt 0.8535 0.9125
vt 0.7997 0.9119
vt 0.7998 0.8844
vt 0.8267 0.8846
vt 0.8265 0.9122
vt 0.7997 0.9119
vt 0.7729 0.9117
vt 0.77 0.8875
vt 0.7998 0.8844
vt 0.7197 0.9115
vt 0.7197 0.8887
vt 0.7465 0.8879
vt 0.7463 0.9116
vt 0.2004 0.886
vt 0.2004 0.8575
vt 0.2278 0.8575
vt 0.2278 0.886
vt 0.173 0.886
vt 0.173 0.8575
vt 0.2004 0.8575
vt 0.2004 0.886
vt 0.1455 0.8861
vt 0.1456 0.8575
vt 0.173 0.8575
vt 0.173 0.886
vt 0.118 0.8861
vt 0.1181 0.8576
vt 0.1456 0.8575
vt 0.1455 0.8861
vt 0.0904 0.8861
vt 0.0905 0.8576
vt 0.1181 0.8576
vt 0.118 0.8861
vt 0.0627 0.8861
vt 0.0629 0.8576
vt 0.0905 0.8576
vt 0.0904 0.8861
vt 0.035 0.8861
vt 0.0352 0.8576
vt 0.0629 0.8576
vt 0.0627 0.8861
vt 0.0073 0.886
vt 0.0075 0.8575
vt 0.0352 0.8576
vt 0.035 0.8861
vt 0.9635 0.8858
vt 0.9636 0.8573999999999999
vt 0.9913 0.8575
vt 0.9912 0.886
vt 0.9358 0.8855999999999999
vt 0.936 0.8573
vt 0.9636 0.8573999999999999
vt 0.9635 0.8858
vt 0.9083 0.8854
vt 0.9085 0.8571
vt 0.936 0.8573
vt 0.9358 0.8855999999999999
vt 0.881 0.8851
vt 0.8811 0.8569
vt 0.9085 0.8571
vt 0.9083 0.8854
vt 0.8538 0.8848
vt 0.8539 0.8567
vt 0.8811 0.8569
vt 0.881 0.8851
vt 0.8267 0.8846
vt 0.8268 0.8565
vt 0.8539 0.8567
vt 0.8538 0.8848
vt 0.7998 0.8844
vt 0.7999 0.8564
vt 0.8268 0.8565
vt 0.8267 0.8846
vt 0.7998 0.8844
vt 0.77 0.8875
vt 0.7827 0.8565
vt 0.7999 0.8564
vt 0.2004 0.8575
vt 0.2004 0.8286
vt 0.2278 0.8286
vt 0.2278 0.8575
vt 0.173 0.8575
vt 0.1731 0.8286
vt 0.2004 0.8286
vt 0.2004 0.8575
vt 0.1456 0.8575
vt 0.1456 0.8287
vt 0.1731 0.8286
vt 0.173 0.8575
vt 0.1181 0.8576
vt 0.1182 0.8287
vt 0.1456 0.8287
vt 0.1456 0.8575
vt 0.0905 0.8576
vt 0.0906 0.8287
vt 0.1182 0.8287
vt 0.1181 0.8576
vt 0.0629 0.8576
vt 0.0629 0.8287
vt 0.0906 0.8287
vt 0.0905 0.8576
vt 0.0352 0.8576
vt 0.0353 0.8287
vt 0.0629 0.8287
vt 0.0629 0.8576
vt 0.0075 0.8575
vt 0.0075 0.8287
vt 0.0353 0.8287
vt 0.0352 0.8576
vt 0.9636 0.8573999999999999
vt 0.9637 0.8286
vt 0.9914 0.8287
vt 0.9913 0.8575
vt 0.936 0.8573
vt 0.9361 0.8285
vt 0.9637 0.8286
vt 0.9636 0.8573999999999999
vt 0.9085 0.8571
vt 0.9086 0.8284
vt 0.9361 0.8285
vt 0.936 0.8573
vt 0.8811 0.8569
vt 0.8812 0.8283
vt 0.9086 0.8284
vt 0.9085 0.8571
vt 0.8539 0.8567
vt 0.854 0.8282
vt 0.8812 0.8283
vt 0.8811 0.8569
vt 0.8268 0.8565
vt 0.8269 0.8281000000000001
vt 0.854 0.8282
vt 0.8539 0.8567
vt 0.7999 0.8564
vt 0.7999 0.8281000000000001
vt 0.8269 0.8281000000000001
vt 0.8268 0.8565
vt 0.2004 0.8286
vt 0.2004 0.7996
vt 0.2278 0.7996
vt 0.2278 0.8286
vt 0.1731 0.8286
vt 0.1731 0.7996
vt 0.2004 0.7996
vt 0.2004 0.8286
vt 0.1456 0.8287
vt 0.1457 0.7996
vt 0.1731 0.7996
vt 0.1731 0.8286
vt 0.1182 0.8287
vt 0.1182 0.7996
vt 0.1457 0.7996
vt 0.1456 0.8287
vt 0.0906 0.8287
vt 0.0906 0.7996
vt 0.1182 0.7996
vt 0.1182 0.8287
vt 0.0629 0.8287
vt 0.063 0.7996
vt 0.0906 0.7996
vt 0.0906 0.8287
vt 0.0353 0.8287
vt 0.0353 0.7996
vt 0.063 0.7996
vt 0.0629 0.8287
vt 0.0075 0.8287
vt 0.0076 0.7996
vt 0.0353 0.7996
vt 0.0353 0.8287
vt 0.9637 0.8286
vt 0.9638 0.7996
vt 0.9914 0.7996
vt 0.9914 0.8287
vt 0.9361 0.8285
vt 0.9361 0.7996
vt 0.9638 0.7996
vt 0.9637 0.8286
vt 0.9086 0.8284
vt 0.9086 0.7996
vt 0.9361 0.7996
vt 0.9361 0.8285
vt 0.8812 0.8283
vt 0.8812 0.7996
vt 0.9086 0.7996
vt 0.9086 0.8284
vt 0.854 0.8282
vt 0.854 0.7996
vt 0.8812 0.7996
vt 0.8812 0.8283
vt 0.8269 0.8281000000000001
vt 0.8269 0.7996
vt 0.854 0.7996
vt 0.854 0.8282
vt 0.7999 0.8281000000000001
vt 0.7999 0.7996
vt 0.8269 0.7996
vt 0.8269 0.8281000000000001
vt 0.7907 0.8399
vt 0.7597 0.8099000000000001
vt 0.7731 0.7996
vt 0.7999 0.8281000000000001
vt 0.2004 0.7996
vt 0.2004 0.7705
vt 0.2278 0.7705
vt 0.2278 0.7996
vt 0.1731 0.7996
vt 0.1731 0.7705
vt 0.2004 0.7705
vt 0.2004 0.7996
vt 0.1457 0.7996
vt 0.1456 0.7705
vt 0.1731 0.7705
vt 0.1731 0.7996
vt 0.1182 0.7996
vt 0.1182 0.7705
vt 0.1456 0.7705
vt 0.1457 0.7996
vt 0.0906 0.7996
vt 0.0906 0.7704
vt 0.1182 0.7705
vt 0.1182 0.7996
vt 0.063 0.7996
vt 0.0629 0.7704
vt 0.0906 0.7704
vt 0.0906 0.7996
vt 0.0353 0.7996
vt 0.0353 0.7704
vt 0.0629 0.7704
vt 0.063 0.7996
vt 0.0076 0.7996
vt 0.0075 0.7705
vt 0.0353 0.7704
vt 0.0353 0.7996
vt 0.9638 0.7996
vt 0.9637 0.7705
vt 0.9914 0.7705
vt 0.9914 0.7996
vt 0.9361 0.7996
vt 0.9361 0.7706
vt 0.9637 0.7705
vt 0.9638 0.7996
vt 0.9086 0.7996
vt 0.9086 0.7706999999999999
vt 0.9361 0.7706
vt 0.9361 0.7996
vt 0.8812 0.7996
vt 0.8812 0.7708
vt 0.9086 0.7706999999999999
vt 0.9086 0.7996
vt 0.854 0.7996
vt 0.854 0.7709
vt 0.8812 0.7708
vt 0.8812 0.7996
vt 0.8269 0.7996
vt 0.8269 0.771
vt 0.854 0.7709
vt 0.854 0.7996
vt 0.7999 0.7996
vt 0.7999 0.7711
vt 0.8269 0.771
vt 0.8269 0.7996
vt 0.7731 0.7996
vt 0.7731 0.7711
vt 0.7999 0.7711
vt 0.7999 0.7996
vt 0.7731 0.7711
vt 0.7731 0.7996
vt 0.7554 0.7996
vt 0.7464 0.7764
vt 0.2004 0.7705
vt 0.2004 0.7417
vt 0.2278 0.7417
vt 0.2278 0.7705
vt 0.1731 0.7705
vt 0.173 0.7416
vt 0.2004 0.7417
vt 0.2004 0.7705
vt 0.1456 0.7705
vt 0.1456 0.7416
vt 0.173 0.7416
vt 0.1731 0.7705
vt 0.1182 0.7705
vt 0.1181 0.7416
vt 0.1456 0.7416
vt 0.1456 0.7705
vt 0.0906 0.7704
vt 0.0905 0.7415
vt 0.1181 0.7416
vt 0.1182 0.7705
vt 0.0629 0.7704
vt 0.0629 0.7415
vt 0.0905 0.7415
vt 0.0906 0.7704
vt 0.0353 0.7704
vt 0.0352 0.7415
vt 0.0629 0.7415
vt 0.0629 0.7704
vt 0.0075 0.7705
vt 0.0075 0.7416
vt 0.0352 0.7415
vt 0.0353 0.7704
vt 0.9637 0.7705
vt 0.9636 0.7417
vt 0.9913 0.7416
vt 0.9914 0.7705
vt 0.9361 0.7706
vt 0.936 0.7418
vt 0.9636 0.7417
vt 0.9637 0.7705
vt 0.9086 0.7706999999999999
vt 0.9085 0.742
vt 0.936 0.7418
vt 0.9361 0.7706
vt 0.8812 0.7708
vt 0.8811 0.7422
vt 0.9085 0.742
vt 0.9086 0.7706999999999999
vt 0.854 0.7709
vt 0.8539 0.7424
vt 0.8811 0.7422
vt 0.8812 0.7708
vt 0.8269 0.771
vt 0.8268 0.7425999999999999
vt 0.8539 0.7424
vt 0.854 0.7709
vt 0.7999 0.7711
vt 0.7999 0.7428
vt 0.8268 0.7425999999999999
vt 0.8269 0.771
vt 0.7731 0.7711
vt 0.7731 0.7429
vt 0.7999 0.7428
vt 0.7999 0.7711
vt 0.7731 0.7711
vt 0.7464 0.7764
vt 0.7464 0.743
vt 0.7731 0.7429
vt 0.7464 0.7764
vt 0.7342 0.7428
vt 0.7464 0.743
vt 0.2004 0.7417
vt 0.2004 0.7132000000000001
vt 0.2278 0.7132000000000001
vt 0.2278 0.7417
vt 0.173 0.7416
vt 0.173 0.7131000000000001
vt 0.2004 0.7132000000000001
vt 0.2004 0.7417
vt 0.1456 0.7416
vt 0.1455 0.7131000000000001
vt 0.173 0.7131000000000001
vt 0.173 0.7416
vt 0.1181 0.7416
vt 0.118 0.7130000000000001
vt 0.1455 0.7131000000000001
vt 0.1456 0.7416
vt 0.0905 0.7415
vt 0.0904 0.7130000000000001
vt 0.118 0.7130000000000001
vt 0.1181 0.7416
vt 0.0629 0.7415
vt 0.0627 0.7130000000000001
vt 0.0904 0.7130000000000001
vt 0.0905 0.7415
vt 0.0352 0.7415
vt 0.035 0.7131000000000001
vt 0.0627 0.7130000000000001
vt 0.0629 0.7415
vt 0.0075 0.7416
vt 0.0073 0.7132000000000001
vt 0.035 0.7131000000000001
vt 0.0352 0.7415
vt 0.9636 0.7417
vt 0.9635 0.7133
vt 0.9912 0.7132000000000001
vt 0.9913 0.7416
vt 0.936 0.7418
vt 0.9358 0.7135
vt 0.9635 0.7133
vt 0.9636 0.7417
vt 0.9085 0.742
vt 0.9083 0.7137
vt 0.9358 0.7135
vt 0.936 0.7418
vt 0.8811 0.7422
vt 0.881 0.714
vt 0.9083 0.7137
vt 0.9085 0.742
vt 0.8539 0.7424
vt 0.8538 0.7142999999999999
vt 0.881 0.714
vt 0.8811 0.7422
vt 0.8268 0.7425999999999999
vt 0.8267 0.7145
vt 0.8538 0.7142999999999999
vt 0.8539 0.7424
vt 0.7999 0.7428
vt 0.7998 0.7148
vt 0.8267 0.7145
vt 0.8268 0.7425999999999999
vt 0.7731 0.7429
vt 0.773 0.7150000000000001
vt 0.7998 0.7148
vt 0.7999 0.7428
vt 0.7464 0.743
vt 0.7463 0.7151000000000001
vt 0.773 0.7150000000000001
vt 0.7731 0.7429
vt 0.2004 0.7132000000000001
vt 0.2003 0.6851
vt 0.2278 0.6851
vt 0.2278 0.7132000000000001
vt 0.173 0.7131000000000001
vt 0.1729 0.6851
vt 0.2003 0.6851
vt 0.2004 0.7132000000000001
vt 0.1455 0.7131000000000001
vt 0.1454 0.6851
vt 0.1729 0.6851
vt 0.173 0.7131000000000001
vt 0.118 0.7130000000000001
vt 0.1178 0.685
vt 0.1454 0.6851
vt 0.1455 0.7131000000000001
vt 0.0904 0.7130000000000001
vt 0.0902 0.685
vt 0.1178 0.685
vt 0.118 0.7130000000000001
vt 0.0627 0.7130000000000001
vt 0.0625 0.685
vt 0.0902 0.685
vt 0.0904 0.7130000000000001
vt 0.035 0.7131000000000001
vt 0.0347 0.6851
vt 0.0625 0.685
vt 0.0627 0.7130000000000001
vt 0.0073 0.7132000000000001
vt 0.007 0.6852
vt 0.0347 0.6851
vt 0.035 0.7131000000000001
vt 0.9635 0.7133
vt 0.9632 0.6854
vt 0.9909 0.6852
vt 0.9912 0.7132000000000001
vt 0.9358 0.7135
vt 0.9356 0.6857
vt 0.9632 0.6854
vt 0.9635 0.7133
vt 0.9083 0.7137
vt 0.9081 0.6859999999999999
vt 0.9356 0.6857
vt 0.9358 0.7135
vt 0.881 0.714
vt 0.8807 0.6863
vt 0.9081 0.6859999999999999
vt 0.9083 0.7137
vt 0.8538 0.7142999999999999
vt 0.8535 0.6866
vt 0.8807 0.6863
vt 0.881 0.714
vt 0.8267 0.7145
vt 0.8265 0.6869000000000001
vt 0.8535 0.6866
vt 0.8538 0.7142999999999999
vt 0.7998 0.7148
vt 0.7997 0.6872
vt 0.8265 0.6869000000000001
vt 0.8267 0.7145
vt 0.773 0.7150000000000001
vt 0.7729 0.6874
vt 0.7997 0.6872
vt 0.7998 0.7148
vt 0.7463 0.7151000000000001
vt 0.7463 0.6875
vt 0.7729 0.6874
vt 0.773 0.7150000000000001
vt 0.7463 0.7151000000000001
vt 0.7238 0.7150000000000001
vt 0.7197 0.7044
vt 0.7197 0.6876
vt 0.7463 0.6875
vt 0.7463 0.7151000000000001
vt 0.7197 0.6876
vt 0.2003 0.6851
vt 0.2003 0.6576
vt 0.2278 0.6576
vt 0.2278 0.6851
vt 0.1729 0.6851
vt 0.1727 0.6576
vt 0.2003 0.6576
vt 0.2003 0.6851
vt 0.1454 0.6851
vt 0.1451 0.6576
vt 0.1727 0.6576
vt 0.1729 0.6851
vt 0.1178 0.685
vt 0.1175 0.6576
vt 0.1451 0.6576
vt 0.1454 0.6851
vt 0.0902 0.685
vt 0.0898 0.6576
vt 0.1175 0.6576
vt 0.1178 0.685
vt 0.0625 0.685
vt 0.062 0.6577
vt 0.0898 0.6576
vt 0.0902 0.685
vt 0.0347 0.6851
vt 0.0343 0.6577999999999999
vt 0.062 0.6577
vt 0.0625 0.685
vt 0.007 0.6852
vt 0.0065 0.6578999999999999
vt 0.0343 0.6577999999999999
vt 0.0347 0.6851
vt 0.9632 0.6854
vt 0.9627 0.6582
vt 0.9904 0.6578999999999999
vt 0.9909 0.6852
vt 0.9356 0.6857
vt 0.9351 0.6584
vt 0.9627 0.6582
vt 0.9632 0.6854
vt 0.9081 0.6859999999999999
vt 0.9076 0.6588
vt 0.9351 0.6584
vt 0.9356 0.6857
vt 0.8807 0.6863
vt 0.8803 0.6591
vt 0.9076 0.6588
vt 0.9081 0.6859999999999999
vt 0.8535 0.6866
vt 0.8532 0.6595
vt 0.8803 0.6591
vt 0.8807 0.6863
vt 0.8265 0.6869000000000001
vt 0.8262 0.6597999999999999
vt 0.8532 0.6595
vt 0.8535 0.6866
vt 0.7997 0.6872
vt 0.7994 0.6601
vt 0.8262 0.6597999999999999
vt 0.8265 0.6869000000000001
vt 0.7729 0.6874
vt 0.7728 0.6603
vt 0.7994 0.6601
vt 0.7997 0.6872
vt 0.7463 0.6875
vt 0.7462 0.6605
vt 0.7728 0.6603
vt 0.7729 0.6874
vt 0.7197 0.6876
vt 0.7197 0.6605
vt 0.7462 0.6605
vt 0.7463 0.6875
vt 0.2003 0.6576
vt 0.2001 0.6306
vt 0.2278 0.6306
vt 0.2278 0.6576
vt 0.1727 0.6576
vt 0.1724 0.6306
vt 0.2001 0.6306
vt 0.2003 0.6576
vt 0.1451 0.6576
vt 0.1447 0.6306
vt 0.1724 0.6306
vt 0.1727 0.6576
vt 0.1175 0.6576
vt 0.1169 0.6307
vt 0.1447 0.6306
vt 0.1451 0.6576
vt 0.0898 0.6576
vt 0.0891 0.6307
vt 0.1169 0.6307
vt 0.1175 0.6576
vt 0.062 0.6577
vt 0.0613 0.6308
vt 0.0891 0.6307
vt 0.0898 0.6576
vt 0.0343 0.6577999999999999
vt 0.0335 0.631
vt 0.0613 0.6308
vt 0.062 0.6577
vt 0.0065 0.6578999999999999
vt 0.0057 0.6312
vt 0.0335 0.631
vt 0.0343 0.6577999999999999
vt 0.9627 0.6582
vt 0.9618 0.6315
vt 0.9895 0.6312
vt 0.9904 0.6578999999999999
vt 0.9351 0.6584
vt 0.9343 0.6317999999999999
vt 0.9618 0.6315
vt 0.9627 0.6582
vt 0.9076 0.6588
vt 0.9068 0.6321
vt 0.9343 0.6317999999999999
vt 0.9351 0.6584
vt 0.8803 0.6591
vt 0.8796 0.6325000000000001
vt 0.9068 0.6321
vt 0.9076 0.6588
vt 0.8532 0.6595
vt 0.8526 0.6328
vt 0.8796 0.6325000000000001
vt 0.8803 0.6591
vt 0.8262 0.6597999999999999
vt 0.8257 0.6331
vt 0.8526 0.6328
vt 0.8532 0.6595
vt 0.7994 0.6601
vt 0.799 0.6334
vt 0.8257 0.6331
vt 0.8262 0.6597999999999999
vt 0.7728 0.6603
vt 0.7725 0.6335999999999999
vt 0.799 0.6334
vt 0.7994 0.6601
vt 0.7462 0.6605
vt 0.7461 0.6337999999999999
vt 0.7725 0.6335999999999999
vt 0.7728 0.6603
vt 0.7197 0.6605
vt 0.7197 0.6337999999999999
vt 0.7461 0.6337999999999999
vt 0.7462 0.6605
vt 0.2001 0.6306
vt 0.1998 0.6041000000000001
vt 0.2278 0.6041000000000001
vt 0.2278 0.6306
vt 0.1724 0.6306
vt 0.1718 0.6041000000000001
vt 0.1998 0.6041000000000001
vt 0.2001 0.6306
vt 0.1447 0.6306
vt 0.1438 0.6042000000000001
vt 0.1718 0.6041000000000001
vt 0.1724 0.6306
vt 0.1169 0.6307
vt 0.1157 0.6042000000000001
vt 0.1438 0.6042000000000001
vt 0.1447 0.6306
vt 0.0891 0.6307
vt 0.0877 0.6044
vt 0.1157 0.6042000000000001
vt 0.1169 0.6307
vt 0.0613 0.6308
vt 0.0597 0.6045
vt 0.0877 0.6044
vt 0.0891 0.6307
vt 0.0335 0.631
vt 0.0318 0.6047
vt 0.0597 0.6045
vt 0.0613 0.6308
vt 0.0057 0.6312
vt 0.0039 0.6049
vt 0.0318 0.6047
vt 0.0335 0.631
vt 0.9618 0.6315
vt 0.9601 0.6052
vt 0.9878 0.6049
vt 0.9895 0.6312
vt 0.9343 0.6317999999999999
vt 0.9325 0.6056
vt 0.9601 0.6052
vt 0.9618 0.6315
vt 0.9068 0.6321
vt 0.9052 0.6059
vt 0.9325 0.6056
vt 0.9343 0.6317999999999999
vt 0.8796 0.6325000000000001
vt 0.8781 0.6062000000000001
vt 0.9052 0.6059
vt 0.9068 0.6321
vt 0.8526 0.6328
vt 0.8513 0.6066
vt 0.8781 0.6062000000000001
vt 0.8796 0.6325000000000001
vt 0.8257 0.6331
vt 0.8246 0.6069
vt 0.8513 0.6066
vt 0.8526 0.6328
vt 0.799 0.6334
vt 0.7982 0.6071
vt 0.8246 0.6069
vt 0.8257 0.6331
vt 0.7725 0.6335999999999999
vt 0.7719 0.6073
vt 0.7982 0.6071
vt 0.799 0.6334
vt 0.7461 0.6337999999999999
vt 0.7458 0.6074999999999999
vt 0.7719 0.6073
vt 0.7725 0.6335999999999999
vt 0.7197 0.6337999999999999
vt 0.7197 0.6074999999999999
vt 0.7458 0.6074999999999999
vt 0.7461 0.6337999999999999
vt 0.4137 0.5907
vt 0.4029 0.5296000000000001
vt 0.3918 0.5305
vt 0.3918 0.5927
vt 0.435 0.5851
vt 0.4137 0.5267
vt 0.4029 0.5296000000000001
vt 0.4137 0.5907
vt 0.4549 0.5758
vt 0.4239 0.5219
vt 0.4137 0.5267
vt 0.435 0.5851
vt 0.4729 0.5630999999999999
vt 0.433 0.5155000000000001
vt 0.4239 0.5219
vt 0.4549 0.5758
vt 0.4885 0.5476
vt 0.4409 0.5076
vt 0.433 0.5155000000000001
vt 0.4729 0.5630999999999999
vt 0.5011 0.5296000000000001
vt 0.4473 0.49850000000000005
vt 0.4409 0.5076
vt 0.4885 0.5476
vt 0.5104 0.5096
vt 0.452 0.48839999999999995
vt 0.4473 0.49850000000000005
vt 0.5011 0.5296000000000001
vt 0.5161 0.48839999999999995
vt 0.4549 0.4776
vt 0.452 0.48839999999999995
vt 0.5104 0.5096
vt 0.518 0.46640000000000004
vt 0.4559 0.46640000000000004
vt 0.4549 0.4776
vt 0.5161 0.48839999999999995
vt 0.5161 0.4445
vt 0.4549 0.45530000000000004
vt 0.4559 0.46640000000000004
vt 0.518 0.46640000000000004
vt 0.5104 0.4233
vt 0.452 0.4445
vt 0.4549 0.45530000000000004
vt 0.5161 0.4445
vt 0.5011 0.4033
vt 0.4473 0.4344
vt 0.452 0.4445
vt 0.5104 0.4233
vt 0.4885 0.3853
vt 0.4409 0.4252
vt 0.4473 0.4344
vt 0.5011 0.4033
vt 0.4729 0.3698
vt 0.433 0.4174
vt 0.4409 0.4252
vt 0.4885 0.3853
vt 0.4549 0.3571
vt 0.4239 0.41090000000000004
vt 0.433 0.4174
vt 0.4729 0.3698
vt 0.435 0.3478
vt 0.4137 0.4062
vt 0.4239 0.41090000000000004
vt 0.4549 0.3571
vt 0.4137 0.34209999999999996
vt 0.4029 0.4033
vt 0.4137 0.4062
vt 0.435 0.3478
vt 0.3918 0.34019999999999995
vt 0.3918 0.4024
vt 0.4029 0.4033
vt 0.4137 0.34209999999999996
vt 0.3918 0.46640000000000004
vt 0.3918 0.5305
vt 0.4029 0.5296000000000001
vt 0.3918 0.46640000000000004
vt 0.4029 0.5296000000000001
vt 0.4137 0.5267
vt 0.3918 0.46640000000000004
vt 0.4137 0.5267
vt 0.4239 0.5219
vt 0.3918 0.46640000000000004
vt 0.4239 0.5219
vt 0.433 0.5155000000000001
vt 0.3918 0.46640000000000004
vt 0.433 0.5155000000000001
vt 0.4409 0.5076
vt 0.3918 0.46640000000000004
vt 0.4409 0.5076
vt 0.4473 0.49850000000000005
vt 0.3918 0.46640000000000004
vt 0.4473 0.49850000000000005
vt 0.452 0.48839999999999995
vt 0.3918 0.46640000000000004
vt 0.452 0.48839999999999995
vt 0.4549 0.4776
vt 0.3918 0.46640000000000004
vt 0.4549 0.4776
vt 0.4559 0.46640000000000004
vt 0.3918 0.46640000000000004
vt 0.4559 0.46640000000000004
vt 0.4549 0.45530000000000004
vt 0.3918 0.46640000000000004
vt 0.4549 0.45530000000000004
vt 0.452 0.4445
vt 0.3918 0.46640000000000004
vt 0.452 0.4445
vt 0.4473 0.4344
vt 0.3918 0.46640000000000004
vt 0.4473 0.4344
vt 0.4409 0.4252
vt 0.3918 0.46640000000000004
vt 0.4409 0.4252
vt 0.433 0.4174
vt 0.3918 0.46640000000000004
vt 0.433 0.4174
vt 0.4239 0.41090000000000004
vt 0.3918 0.46640000000000004
vt 0.4239 0.41090000000000004
vt 0.4137 0.4062
vt 0.3918 0.46640000000000004
vt 0.4137 0.4062
vt 0.4029 0.4033
vt 0.3918 0.46640000000000004
vt 0.4029 0.4033
vt 0.3918 0.4024
vt 0.7827 0.8565
vt 0.7778 0.8564
vt 0.7857 0.8403
vt 0.7907 0.8399
vt 0.7342 0.7428
vt 0.7238 0.7150000000000001
vt 0.7463 0.7151000000000001
vt 0.7464 0.743
vt 0.7907 0.8399
vt 0.7999 0.8281000000000001
vt 0.7999 0.8564
vt 0.7827 0.8565
vt 0.77 0.8875
vt 0.7729 0.9117
vt 0.7463 0.9116
vt 0.7465 0.8879
vt 0.7597 0.8099000000000001
vt 0.7554 0.7996
vt 0.7731 0.7996
vt 0.7857 0.8403
vt 0.7571 0.8123
vt 0.7597 0.8099000000000001
vt 0.7907 0.8399
vt 0.9098 0.44120000000000004
vt 0.8719 0.5048
vt 0.8341 0.5049
vt 0.7827 0.8565
vt 0.77 0.8875
vt 0.7661 0.8843
vt 0.7778 0.8564
vt 0.7238 0.7150000000000001
vt 0.7197 0.7152000000000001
vt 0.7197 0.7044
vt 0.7304 0.7428
vt 0.7197 0.7152000000000001
vt 0.7238 0.7150000000000001
vt 0.7342 0.7428
vt 0.7571 0.8123
vt 0.7517 0.7996
vt 0.7554 0.7996
vt 0.7597 0.8099000000000001
vt 0.7304 0.7428
vt 0.7342 0.7428
vt 0.7464 0.7764
vt 0.7517 0.7996
vt 0.7554 0.7996
vt 0.7517 0.7996
vt 0.7464 0.7764
vt 0.7465 0.8879
vt 0.7467 0.8854
vt 0.7661 0.8843
vt 0.77 0.8875
vt 0.7999 0.8281000000000001
vt 0.7731 0.7996
vt 0.7999 0.7996
vt 0.892 0.31520000000000004
vt 0.8638 0.3307
vt 0.843 0.2835
vt 0.8732 0.27280000000000004
vt 0.843 0.2835
vt 0.7612 0.10529999999999995
vt 0.7912 0.09399999999999997
vt 0.8732 0.27280000000000004
vt 0.7912 0.09399999999999997
vt 0.7612 0.10529999999999995
vt 0.7536 0.08130000000000004
vt 0.7537 0.01539999999999997
vt 0.7542 0.518
vt 0.8402 0.5179
vt 0.8399 0.5482
vt 0.7539 0.5484
vt 0.8399 0.5482
vt 0.8402 0.5179
vt 0.8842 0.5178
vt 0.9035 0.5508
vt 0.8842 0.5178
vt 0.9265 0.44720000000000004
vt 0.9551 0.46299999999999997
vt 0.9035 0.5508
vt 0.9551 0.46299999999999997
vt 0.9265 0.44720000000000004
vt 0.9462 0.41600000000000004
vt 0.9866 0.4115
vt 0.9462 0.41600000000000004
vt 0.8638 0.3307
vt 0.892 0.31520000000000004
vt 0.9866 0.4115
vt 0.7465 0.8879
vt 0.7197 0.8887
vt 0.7197 0.8865
vt 0.7467 0.8854
vt 0.8638 0.3307
vt 0.8516 0.3368
vt 0.8319 0.2925
vt 0.843 0.2835
vt 0.843 0.2835
vt 0.8319 0.2925
vt 0.7536 0.12450000000000006
vt 0.7612 0.10529999999999995
vt 0.7612 0.10529999999999995
vt 0.7536 0.12450000000000006
vt 0.7536 0.08130000000000004
vt 0.7542 0.518
vt 0.7541 0.505
vt 0.8341 0.5049
vt 0.8402 0.5179
vt 0.8402 0.5179
vt 0.8341 0.5049
vt 0.8719 0.5048
vt 0.8842 0.5178
vt 0.8719 0.5048
vt 0.9098 0.44120000000000004
vt 0.9265 0.44720000000000004
vt 0.8842 0.5178
vt 0.9265 0.44720000000000004
vt 0.9098 0.44120000000000004
vt 0.9263 0.4151
vt 0.9462 0.41600000000000004
vt 0.9263 0.4151
vt 0.8516 0.3368
vt 0.8638 0.3307
vt 0.9462 0.41600000000000004
vt 0.5813 0.4155
vt 0.6554 0.33699999999999997
vt 0.8516 0.3368
vt 0.9263 0.4151
vt 0.5813 0.4155
vt 0.9263 0.4151
vt 0.9098 0.44120000000000004
vt 0.598 0.4416
vt 0.4494 0.1804
vt 0.4342 0.24050000000000005
vt 0.4342 0.24139999999999995
vt 0.4494 0.1804
vt 0.4342 0.23319999999999996
vt 0.4342 0.24050000000000005
vt 0.4494 0.1804
vt 0.4342 0.21960000000000002
vt 0.4342 0.23319999999999996
vt 0.4494 0.1804
vt 0.4342 0.20130000000000003
vt 0.4342 0.21960000000000002
vt 0.4494 0.1804
vt 0.4342 0.1804
vt 0.4342 0.20130000000000003
vt 0.4494 0.1804
vt 0.4342 0.15949999999999998
vt 0.4342 0.1804
vt 0.4494 0.1804
vt 0.4342 0.1412
vt 0.4342 0.15949999999999998
vt 0.4494 0.1804
vt 0.4342 0.12760000000000005
vt 0.4342 0.1412
vt 0.4494 0.1804
vt 0.4342 0.12029999999999996
vt 0.4342 0.12760000000000005
vt 0.4494 0.1804
vt 0.4342 0.11939999999999995
vt 0.4342 0.12029999999999996
vt 0.4037 0.2933
vt 0.4037 0.29500000000000004
vt 0.4342 0.24139999999999995
vt 0.4342 0.24050000000000005
vt 0.4342 0.24050000000000005
vt 0.4342 0.23319999999999996
vt 0.4037 0.27969999999999995
vt 0.4037 0.2933
vt 0.4342 0.23319999999999996
vt 0.4342 0.21960000000000002
vt 0.4037 0.2541
vt 0.4037 0.27969999999999995
vt 0.4342 0.21960000000000002
vt 0.4342 0.20130000000000003
vt 0.4037 0.21960000000000002
vt 0.4037 0.2541
vt 0.4342 0.20130000000000003
vt 0.4342 0.1804
vt 0.4037 0.1804
vt 0.4037 0.21960000000000002
vt 0.4342 0.1804
vt 0.4342 0.15949999999999998
vt 0.4037 0.1412
vt 0.4037 0.1804
vt 0.4342 0.15949999999999998
vt 0.4342 0.1412
vt 0.4037 0.10670000000000002
vt 0.4037 0.1412
vt 0.4342 0.1412
vt 0.4342 0.12760000000000005
vt 0.4037 0.08109999999999995
vt 0.4037 0.10670000000000002
vt 0.4342 0.12760000000000005
vt 0.4342 0.12029999999999996
vt 0.4037 0.0675
vt 0.4037 0.08109999999999995
vt 0.4037 0.06579999999999997
vt 0.4037 0.0675
vt 0.4342 0.12029999999999996
vt 0.4342 0.11939999999999995
vt 0.3569 0.3325
vt 0.3569 0.3348
vt 0.4037 0.29500000000000004
vt 0.4037 0.2933
vt 0.4037 0.2933
vt 0.4037 0.27969999999999995
vt 0.3569 0.31420000000000003
vt 0.3569 0.3325
vt 0.4037 0.27969999999999995
vt 0.4037 0.2541
vt 0.3569 0.27969999999999995
vt 0.3569 0.31420000000000003
vt 0.4037 0.2541
vt 0.4037 0.21960000000000002
vt 0.3569 0.23319999999999996
vt 0.3569 0.27969999999999995
vt 0.4037 0.21960000000000002
vt 0.4037 0.1804
vt 0.3569 0.1804
vt 0.3569 0.23319999999999996
vt 0.4037 0.1804
vt 0.4037 0.1412
vt 0.3569 0.12760000000000005
vt 0.3569 0.1804
vt 0.4037 0.1412
vt 0.4037 0.10670000000000002
vt 0.3569 0.08109999999999995
vt 0.3569 0.12760000000000005
vt 0.4037 0.10670000000000002
vt 0.4037 0.08109999999999995
vt 0.3569 0.046599999999999975
vt 0.3569 0.08109999999999995
vt 0.4037 0.08109999999999995
vt 0.4037 0.0675
vt 0.3569 0.028299999999999992
vt 0.3569 0.046599999999999975
vt 0.3569 0.026000000000000023
vt 0.3569 0.028299999999999992
vt 0.4037 0.0675
vt 0.4037 0.06579999999999997
vt 0.2996 0.35340000000000005
vt 0.2996 0.356
vt 0.3569 0.3348
vt 0.3569 0.3325
vt 0.3569 0.3325
vt 0.3569 0.31420000000000003
vt 0.2996 0.3325
vt 0.2996 0.35340000000000005
vt 0.3569 0.31420000000000003
vt 0.3569 0.27969999999999995
vt 0.2996 0.2933
vt 0.2996 0.3325
vt 0.3569 0.27969999999999995
vt 0.3569 0.23319999999999996
vt 0.2996 0.24050000000000005
vt 0.2996 0.2933
vt 0.3569 0.23319999999999996
vt 0.3569 0.1804
vt 0.2996 0.1804
vt 0.2996 0.24050000000000005
vt 0.3569 0.1804
vt 0.3569 0.12760000000000005
vt 0.2996 0.12029999999999996
vt 0.2996 0.1804
vt 0.3569 0.12760000000000005
vt 0.3569 0.08109999999999995
vt 0.2996 0.0675
vt 0.2996 0.12029999999999996
vt 0.3569 0.08109999999999995
vt 0.3569 0.046599999999999975
vt 0.2996 0.028299999999999992
vt 0.2996 0.0675
vt 0.3569 0.046599999999999975
vt 0.3569 0.028299999999999992
vt 0.2996 0.007399999999999962
vt 0.2996 0.028299999999999992
vt 0.2996 0.0048000000000000265
vt 0.2996 0.007399999999999962
vt 0.3569 0.028299999999999992
vt 0.3569 0.026000000000000023
vt 0.2386 0.35340000000000005
vt 0.2386 0.356
vt 0.2996 0.356
vt 0.2996 0.35340000000000005
vt 0.2996 0.35340000000000005
vt 0.2996 0.3325
vt 0.2386 0.3325
vt 0.2386 0.35340000000000005
vt 0.2996 0.3325
vt 0.2996 0.2933
vt 0.2386 0.2933
vt 0.2386 0.3325
vt 0.2996 0.2933
vt 0.2996 0.24050000000000005
vt 0.2386 0.24050000000000005
vt 0.2386 0.2933
vt 0.2996 0.24050000000000005
vt 0.2996 0.1804
vt 0.2386 0.1804
vt 0.2386 0.24050000000000005
vt 0.2996 0.1804
vt 0.2996 0.12029999999999996
vt 0.2386 0.12029999999999996
vt 0.2386 0.1804
vt 0.2996 0.12029999999999996
vt 0.2996 0.0675
vt 0.2386 0.0675
vt 0.2386 0.12029999999999996
vt 0.2996 0.0675
vt 0.2996 0.028299999999999992
vt 0.2386 0.028299999999999992
vt 0.2386 0.0675
vt 0.2996 0.028299999999999992
vt 0.2996 0.007399999999999962
vt 0.2386 0.007399999999999962
vt 0.2386 0.028299999999999992
vt 0.2386 0.0048000000000000265
vt 0.2386 0.007399999999999962
vt 0.2996 0.007399999999999962
vt 0.2996 0.0048000000000000265
vt 0.1813 0.3325
vt 0.1813 0.3348
vt 0.2386 0.356
vt 0.2386 0.35340000000000005
vt 0.2386 0.35340000000000005
vt 0.2386 0.3325
vt 0.1813 0.31420000000000003
vt 0.1813 0.3325
vt 0.2386 0.3325
vt 0.2386 0.2933
vt 0.1813 0.27969999999999995
vt 0.1813 0.31420000000000003
vt 0.2386 0.2933
vt 0.2386 0.24050000000000005
vt 0.1813 0.23319999999999996
vt 0.1813 0.27969999999999995
vt 0.2386 0.24050000000000005
vt 0.2386 0.1804
vt 0.1813 0.1804
vt 0.1813 0.23319999999999996
vt 0.2386 0.1804
vt 0.2386 0.12029999999999996
vt 0.1813 0.12760000000000005
vt 0.1813 0.1804
vt 0.2386 0.12029999999999996
vt 0.2386 0.0675
vt 0.1813 0.08109999999999995
vt 0.1813 0.12760000000000005
vt 0.2386 0.0675
vt 0.2386 0.028299999999999992
vt 0.1813 0.046599999999999975
vt 0.1813 0.08109999999999995
vt 0.2386 0.028299999999999992
vt 0.2386 0.007399999999999962
vt 0.1813 0.028299999999999992
vt 0.1813 0.046599999999999975
vt 0.1813 0.026000000000000023
vt 0.1813 0.028299999999999992
vt 0.2386 0.007399999999999962
vt 0.2386 0.0048000000000000265
vt 0.1346 0.2933
vt 0.1346 0.29500000000000004
vt 0.1813 0.3348
vt 0.1813 0.3325
vt 0.1813 0.3325
vt 0.1813 0.31420000000000003
vt 0.1346 0.27969999999999995
vt 0.1346 0.2933
vt 0.1813 0.31420000000000003
vt 0.1813 0.27969999999999995
vt 0.1346 0.2541
vt 0.1346 0.27969999999999995
vt 0.1813 0.27969999999999995
vt 0.1813 0.23319999999999996
vt 0.1346 0.21960000000000002
vt 0.1346 0.2541
vt 0.1813 0.23319999999999996
vt 0.1813 0.1804
vt 0.1346 0.1804
vt 0.1346 0.21960000000000002
vt 0.1813 0.1804
vt 0.1813 0.12760000000000005
vt 0.1346 0.1412
vt 0.1346 0.1804
vt 0.1813 0.12760000000000005
vt 0.1813 0.08109999999999995
vt 0.1346 0.10670000000000002
vt 0.1346 0.1412
vt 0.1813 0.08109999999999995
vt 0.1813 0.046599999999999975
vt 0.1346 0.08109999999999995
vt 0.1346 0.10670000000000002
vt 0.1813 0.046599999999999975
vt 0.1813 0.028299999999999992
vt 0.1346 0.0675
vt 0.1346 0.08109999999999995
vt 0.1346 0.06579999999999997
vt 0.1346 0.0675
vt 0.1813 0.028299999999999992
vt 0.1813 0.026000000000000023
vt 0.1041 0.24050000000000005
vt 0.1041 0.24139999999999995
vt 0.1346 0.29500000000000004
vt 0.1346 0.2933
vt 0.1346 0.2933
vt 0.1346 0.27969999999999995
vt 0.1041 0.23319999999999996
vt 0.1041 0.24050000000000005
vt 0.1346 0.27969999999999995
vt 0.1346 0.2541
vt 0.1041 0.21960000000000002
vt 0.1041 0.23319999999999996
vt 0.1346 0.2541
vt 0.1346 0.21960000000000002
vt 0.1041 0.20130000000000003
vt 0.1041 0.21960000000000002
vt 0.1346 0.21960000000000002
vt 0.1346 0.1804
vt 0.1041 0.1804
vt 0.1041 0.20130000000000003
vt 0.1346 0.1804
vt 0.1346 0.1412
vt 0.1041 0.15949999999999998
vt 0.1041 0.1804
vt 0.1346 0.1412
vt 0.1346 0.10670000000000002
vt 0.1041 0.1412
vt 0.1041 0.15949999999999998
vt 0.1346 0.10670000000000002
vt 0.1346 0.08109999999999995
vt 0.1041 0.12760000000000005
vt 0.1041 0.1412
vt 0.1346 0.08109999999999995
vt 0.1346 0.0675
vt 0.1041 0.12029999999999996
vt 0.1041 0.12760000000000005
vt 0.1041 0.11939999999999995
vt 0.1041 0.12029999999999996
vt 0.1346 0.0675
vt 0.1346 0.06579999999999997
vt 0.0888 0.1804
vt 0.1041 0.24139999999999995
vt 0.1041 0.24050000000000005
vt 0.0888 0.1804
vt 0.1041 0.24050000000000005
vt 0.1041 0.23319999999999996
vt 0.0888 0.1804
vt 0.1041 0.23319999999999996
vt 0.1041 0.21960000000000002
vt 0.0888 0.1804
vt 0.1041 0.21960000000000002
vt 0.1041 0.20130000000000003
vt 0.0888 0.1804
vt 0.1041 0.20130000000000003
vt 0.1041 0.1804
vt 0.0888 0.1804
vt 0.1041 0.1804
vt 0.1041 0.15949999999999998
vt 0.0888 0.1804
vt 0.1041 0.15949999999999998
vt 0.1041 0.1412
vt 0.0888 0.1804
vt 0.1041 0.1412
vt 0.1041 0.12760000000000005
vt 0.0888 0.1804
vt 0.1041 0.12760000000000005
vt 0.1041 0.12029999999999996
vt 0.0888 0.1804
vt 0.1041 0.12029999999999996
vt 0.1041 0.11939999999999995
vt 0.4494 0.1804
vt 0.4342 0.24139999999999995
vt 0.4342 0.24050000000000005
vt 0.4494 0.1804
vt 0.4342 0.24050000000000005
vt 0.4342 0.23319999999999996
vt 0.4494 0.1804
vt 0.4342 0.23319999999999996
vt 0.4342 0.21960000000000002
vt 0.4494 0.1804
vt 0.4342 0.21960000000000002
vt 0.4342 0.20130000000000003
vt 0.4494 0.1804
vt 0.4342 0.20130000000000003
vt 0.4342 0.1804
vt 0.4494 0.1804
vt 0.4342 0.1804
vt 0.4342 0.15949999999999998
vt 0.4494 0.1804
vt 0.4342 0.15949999999999998
vt 0.4342 0.1412
vt 0.4494 0.1804
vt 0.4342 0.1412
vt 0.4342 0.12760000000000005
vt 0.4494 0.1804
vt 0.4342 0.12760000000000005
vt 0.4342 0.12029999999999996
vt 0.4494 0.1804
vt 0.4342 0.12029999999999996
vt 0.4342 0.11939999999999995
vt 0.4037 0.2933
vt 0.4342 0.24050000000000005
vt 0.4342 0.24139999999999995
vt 0.4037 0.29500000000000004
vt 0.4342 0.24050000000000005
vt 0.4037 0.2933
vt 0.4037 0.27969999999999995
vt 0.4342 0.23319999999999996
vt 0.4342 0.23319999999999996
vt 0.4037 0.27969999999999995
vt 0.4037 0.2541
vt 0.4342 0.21960000000000002
vt 0.4342 0.21960000000000002
vt 0.4037 0.2541
vt 0.4037 0.21960000000000002
vt 0.4342 0.20130000000000003
vt 0.4342 0.20130000000000003
vt 0.4037 0.21960000000000002
vt 0.4037 0.1804
vt 0.4342 0.1804
vt 0.4342 0.1804
vt 0.4037 0.1804
vt 0.4037 0.1412
vt 0.4342 0.15949999999999998
vt 0.4342 0.15949999999999998
vt 0.4037 0.1412
vt 0.4037 0.10670000000000002
vt 0.4342 0.1412
vt 0.4342 0.1412
vt 0.4037 0.10670000000000002
vt 0.4037 0.08109999999999995
vt 0.4342 0.12760000000000005
vt 0.4342 0.12760000000000005
vt 0.4037 0.08109999999999995
vt 0.4037 0.0675
vt 0.4342 0.12029999999999996
vt 0.4037 0.06579999999999997
vt 0.4342 0.11939999999999995
vt 0.4342 0.12029999999999996
vt 0.4037 0.0675
vt 0.3569 0.3325
vt 0.4037 0.2933
vt 0.4037 0.29500000000000004
vt 0.3569 0.3348
vt 0.4037 0.2933
vt 0.3569 0.3325
vt 0.3569 0.31420000000000003
vt 0.4037 0.27969999999999995
vt 0.4037 0.27969999999999995
vt 0.3569 0.31420000000000003
vt 0.3569 0.27969999999999995
vt 0.4037 0.2541
vt 0.4037 0.2541
vt 0.3569 0.27969999999999995
vt 0.3569 0.23319999999999996
vt 0.4037 0.21960000000000002
vt 0.4037 0.21960000000000002
vt 0.3569 0.23319999999999996
vt 0.3569 0.1804
vt 0.4037 0.1804
vt 0.4037 0.1804
vt 0.3569 0.1804
vt 0.3569 0.12760000000000005
vt 0.4037 0.1412
vt 0.4037 0.1412
vt 0.3569 0.12760000000000005
vt 0.3569 0.08109999999999995
vt 0.4037 0.10670000000000002
vt 0.4037 0.10670000000000002
vt 0.3569 0.08109999999999995
vt 0.3569 0.046599999999999975
vt 0.4037 0.08109999999999995
vt 0.4037 0.08109999999999995
vt 0.3569 0.046599999999999975
vt 0.3569 0.028299999999999992
vt 0.4037 0.0675
vt 0.3569 0.026000000000000023
vt 0.4037 0.06579999999999997
vt 0.4037 0.0675
vt 0.3569 0.028299999999999992
vt 0.2996 0.35340000000000005
vt 0.3569 0.3325
vt 0.3569 0.3348
vt 0.2996 0.356
vt 0.3569 0.3325
vt 0.2996 0.35340000000000005
vt 0.2996 0.3325
vt 0.3569 0.31420000000000003
vt 0.3569 0.31420000000000003
vt 0.2996 0.3325
vt 0.2996 0.2933
vt 0.3569 0.27969999999999995
vt 0.3569 0.27969999999999995
vt 0.2996 0.2933
vt 0.2996 0.24050000000000005
vt 0.3569 0.23319999999999996
vt 0.3569 0.23319999999999996
vt 0.2996 0.24050000000000005
vt 0.2996 0.1804
vt 0.3569 0.1804
vt 0.3569 0.1804
vt 0.2996 0.1804
vt 0.2996 0.12029999999999996
vt 0.3569 0.12760000000000005
vt 0.3569 0.12760000000000005
vt 0.2996 0.12029999999999996
vt 0.2996 0.0675
vt 0.3569 0.08109999999999995
vt 0.3569 0.08109999999999995
vt 0.2996 0.0675
vt 0.2996 0.028299999999999992
vt 0.3569 0.046599999999999975
vt 0.3569 0.046599999999999975
vt 0.2996 0.028299999999999992
vt 0.2996 0.007399999999999962
vt 0.3569 0.028299999999999992
vt 0.2996 0.0048000000000000265
vt 0.3569 0.026000000000000023
vt 0.3569 0.028299999999999992
vt 0.2996 0.007399999999999962
vt 0.2386 0.35340000000000005
vt 0.2996 0.35340000000000005
vt 0.2996 0.356
vt 0.2386 0.356
vt 0.2996 0.35340000000000005
vt 0.2386 0.35340000000000005
vt 0.2386 0.3325
vt 0.2996 0.3325
vt 0.2996 0.3325
vt 0.2386 0.3325
vt 0.2386 0.2933
vt 0.2996 0.2933
vt 0.2996 0.2933
vt 0.2386 0.2933
vt 0.2386 0.24050000000000005
vt 0.2996 0.24050000000000005
vt 0.2996 0.24050000000000005
vt 0.2386 0.24050000000000005
vt 0.2386 0.1804
vt 0.2996 0.1804
vt 0.2996 0.1804
vt 0.2386 0.1804
vt 0.2386 0.12029999999999996
vt 0.2996 0.12029999999999996
vt 0.2996 0.12029999999999996
vt 0.2386 0.12029999999999996
vt 0.2386 0.0675
vt 0.2996 0.0675
vt 0.2996 0.0675
vt 0.2386 0.0675
vt 0.2386 0.028299999999999992
vt 0.2996 0.028299999999999992
vt 0.2996 0.028299999999999992
vt 0.2386 0.028299999999999992
vt 0.2386 0.007399999999999962
vt 0.2996 0.007399999999999962
vt 0.2386 0.0048000000000000265
vt 0.2996 0.0048000000000000265
vt 0.2996 0.007399999999999962
vt 0.2386 0.007399999999999962
vt 0.1813 0.3325
vt 0.2386 0.35340000000000005
vt 0.2386 0.356
vt 0.1813 0.3348
vt 0.2386 0.35340000000000005
vt 0.1813 0.3325
vt 0.1813 0.31420000000000003
vt 0.2386 0.3325
vt 0.2386 0.3325
vt 0.1813 0.31420000000000003
vt 0.1813 0.27969999999999995
vt 0.2386 0.2933
vt 0.2386 0.2933
vt 0.1813 0.27969999999999995
vt 0.1813 0.23319999999999996
vt 0.2386 0.24050000000000005
vt 0.2386 0.24050000000000005
vt 0.1813 0.23319999999999996
vt 0.1813 0.1804
vt 0.2386 0.1804
vt 0.2386 0.1804
vt 0.1813 0.1804
vt 0.1813 0.12760000000000005
vt 0.2386 0.12029999999999996
vt 0.2386 0.12029999999999996
vt 0.1813 0.12760000000000005
vt 0.1813 0.08109999999999995
vt 0.2386 0.0675
vt 0.2386 0.0675
vt 0.1813 0.08109999999999995
vt 0.1813 0.046599999999999975
vt 0.2386 0.028299999999999992
vt 0.2386 0.028299999999999992
vt 0.1813 0.046599999999999975
vt 0.1813 0.028299999999999992
vt 0.2386 0.007399999999999962
vt 0.1813 0.026000000000000023
vt 0.2386 0.0048000000000000265
vt 0.2386 0.007399999999999962
vt 0.1813 0.028299999999999992
vt 0.1346 0.2933
vt 0.1813 0.3325
vt 0.1813 0.3348
vt 0.1346 0.29500000000000004
vt 0.1813 0.3325
vt 0.1346 0.2933
vt 0.1346 0.27969999999999995
vt 0.1813 0.31420000000000003
vt 0.1813 0.31420000000000003
vt 0.1346 0.27969999999999995
vt 0.1346 0.2541
vt 0.1813 0.27969999999999995
vt 0.1813 0.27969999999999995
vt 0.1346 0.2541
vt 0.1346 0.21960000000000002
vt 0.1813 0.23319999999999996
vt 0.1813 0.23319999999999996
vt 0.1346 0.21960000000000002
vt 0.1346 0.1804
vt 0.1813 0.1804
vt 0.1813 0.1804
vt 0.1346 0.1804
vt 0.1346 0.1412
vt 0.1813 0.12760000000000005
vt 0.1813 0.12760000000000005
vt 0.1346 0.1412
vt 0.1346 0.10670000000000002
vt 0.1813 0.08109999999999995
vt 0.1813 0.08109999999999995
vt 0.1346 0.10670000000000002
vt 0.1346 0.08109999999999995
vt 0.1813 0.046599999999999975
vt 0.1813 0.046599999999999975
vt 0.1346 0.08109999999999995
vt 0.1346 0.0675
vt 0.1813 0.028299999999999992
vt 0.1346 0.06579999999999997
vt 0.1813 0.026000000000000023
vt 0.1813 0.028299999999999992
vt 0.1346 0.0675
vt 0.1041 0.24050000000000005
vt 0.1346 0.2933
vt 0.1346 0.29500000000000004
vt 0.1041 0.24139999999999995
vt 0.1346 0.2933
vt 0.1041 0.24050000000000005
vt 0.1041 0.23319999999999996
vt 0.1346 0.27969999999999995
vt 0.1346 0.27969999999999995
vt 0.1041 0.23319999999999996
vt 0.1041 0.21960000000000002
vt 0.1346 0.2541
vt 0.1346 0.2541
vt 0.1041 0.21960000000000002
vt 0.1041 0.20130000000000003
vt 0.1346 0.21960000000000002
vt 0.1346 0.21960000000000002
vt 0.1041 0.20130000000000003
vt 0.1041 0.1804
vt 0.1346 0.1804
vt 0.1346 0.1804
vt 0.1041 0.1804
vt 0.1041 0.15949999999999998
vt 0.1346 0.1412
vt 0.1346 0.1412
vt 0.1041 0.15949999999999998
vt 0.1041 0.1412
vt 0.1346 0.10670000000000002
vt 0.1346 0.10670000000000002
vt 0.1041 0.1412
vt 0.1041 0.12760000000000005
vt 0.1346 0.08109999999999995
vt 0.1346 0.08109999999999995
vt 0.1041 0.12760000000000005
vt 0.1041 0.12029999999999996
vt 0.1346 0.0675
vt 0.1041 0.11939999999999995
vt 0.1346 0.06579999999999997
vt 0.1346 0.0675
vt 0.1041 0.12029999999999996
vt 0.0888 0.1804
vt 0.1041 0.24050000000000005
vt 0.1041 0.24139999999999995
vt 0.0888 0.1804
vt 0.1041 0.23319999999999996
vt 0.1041 0.24050000000000005
vt 0.0888 0.1804
vt 0.1041 0.21960000000000002
vt 0.1041 0.23319999999999996
vt 0.0888 0.1804
vt 0.1041 0.20130000000000003
vt 0.1041 0.21960000000000002
vt 0.0888 0.1804
vt 0.1041 0.1804
vt 0.1041 0.20130000000000003
vt 0.0888 0.1804
vt 0.1041 0.15949999999999998
vt 0.1041 0.1804
vt 0.0888 0.1804
vt 0.1041 0.1412
vt 0.1041 0.15949999999999998
vt 0.0888 0.1804
vt 0.1041 0.12760000000000005
vt 0.1041 0.1412
vt 0.0888 0.1804
vt 0.1041 0.12029999999999996
vt 0.1041 0.12760000000000005
vt 0.0888 0.1804
vt 0.1041 0.11939999999999995
vt 0.1041 0.12029999999999996
vt 0.4494 0.1804
vt 0.4342 0.24050000000000005
vt 0.4342 0.24139999999999995
vt 0.4494 0.1804
vt 0.4342 0.23319999999999996
vt 0.4342 0.24050000000000005
vt 0.4494 0.1804
vt 0.4342 0.21960000000000002
vt 0.4342 0.23319999999999996
vt 0.4494 0.1804
vt 0.4342 0.20130000000000003
vt 0.4342 0.21960000000000002
vt 0.4494 0.1804
vt 0.4342 0.1804
vt 0.4342 0.20130000000000003
vt 0.4494 0.1804
vt 0.4342 0.15949999999999998
vt 0.4342 0.1804
vt 0.4494 0.1804
vt 0.4342 0.1412
vt 0.4342 0.15949999999999998
vt 0.4494 0.1804
vt 0.4342 0.12760000000000005
vt 0.4342 0.1412
vt 0.4494 0.1804
vt 0.4342 0.12029999999999996
vt 0.4342 0.12760000000000005
vt 0.4494 0.1804
vt 0.4342 0.11939999999999995
vt 0.4342 0.12029999999999996
vt 0.4037 0.2933
vt 0.4037 0.29500000000000004
vt 0.4342 0.24139999999999995
vt 0.4342 0.24050000000000005
vt 0.4342 0.24050000000000005
vt 0.4342 0.23319999999999996
vt 0.4037 0.27969999999999995
vt 0.4037 0.2933
vt 0.4342 0.23319999999999996
vt 0.4342 0.21960000000000002
vt 0.4037 0.2541
vt 0.4037 0.27969999999999995
vt 0.4342 0.21960000000000002
vt 0.4342 0.20130000000000003
vt 0.4037 0.21960000000000002
vt 0.4037 0.2541
vt 0.4342 0.20130000000000003
vt 0.4342 0.1804
vt 0.4037 0.1804
vt 0.4037 0.21960000000000002
vt 0.4342 0.1804
vt 0.4342 0.15949999999999998
vt 0.4037 0.1412
vt 0.4037 0.1804
vt 0.4342 0.15949999999999998
vt 0.4342 0.1412
vt 0.4037 0.10670000000000002
vt 0.4037 0.1412
vt 0.4342 0.1412
vt 0.4342 0.12760000000000005
vt 0.4037 0.08109999999999995
vt 0.4037 0.10670000000000002
vt 0.4342 0.12760000000000005
vt 0.4342 0.12029999999999996
vt 0.4037 0.0675
vt 0.4037 0.08109999999999995
vt 0.4037 0.06579999999999997
vt 0.4037 0.0675
vt 0.4342 0.12029999999999996
vt 0.4342 0.11939999999999995
vt 0.3569 0.3325
vt 0.3569 0.3348
vt 0.4037 0.29500000000000004
vt 0.4037 0.2933
vt 0.4037 0.2933
vt 0.4037 0.27969999999999995
vt 0.3569 0.31420000000000003
vt 0.3569 0.3325
vt 0.4037 0.27969999999999995
vt 0.4037 0.2541
vt 0.3569 0.27969999999999995
vt 0.3569 0.31420000000000003
vt 0.4037 0.2541
vt 0.4037 0.21960000000000002
vt 0.3569 0.23319999999999996
vt 0.3569 0.27969999999999995
vt 0.4037 0.21960000000000002
vt 0.4037 0.1804
vt 0.3569 0.1804
vt 0.3569 0.23319999999999996
vt 0.4037 0.1804
vt 0.4037 0.1412
vt 0.3569 0.12760000000000005
vt 0.3569 0.1804
vt 0.4037 0.1412
vt 0.4037 0.10670000000000002
vt 0.3569 0.08109999999999995
vt 0.3569 0.12760000000000005
vt 0.4037 0.10670000000000002
vt 0.4037 0.08109999999999995
vt 0.3569 0.046599999999999975
vt 0.3569 0.08109999999999995
vt 0.4037 0.08109999999999995
vt 0.4037 0.0675
vt 0.3569 0.028299999999999992
vt 0.3569 0.046599999999999975
vt 0.3569 0.026000000000000023
vt 0.3569 0.028299999999999992
vt 0.4037 0.0675
vt 0.4037 0.06579999999999997
vt 0.2996 0.35340000000000005
vt 0.2996 0.356
vt 0.3569 0.3348
vt 0.3569 0.3325
vt 0.3569 0.3325
vt 0.3569 0.31420000000000003
vt 0.2996 0.3325
vt 0.2996 0.35340000000000005
vt 0.3569 0.31420000000000003
vt 0.3569 0.27969999999999995
vt 0.2996 0.2933
vt 0.2996 0.3325
vt 0.3569 0.27969999999999995
vt 0.3569 0.23319999999999996
vt 0.2996 0.24050000000000005
vt 0.2996 0.2933
vt 0.3569 0.23319999999999996
vt 0.3569 0.1804
vt 0.2996 0.1804
vt 0.2996 0.24050000000000005
vt 0.3569 0.1804
vt 0.3569 0.12760000000000005
vt 0.2996 0.12029999999999996
vt 0.2996 0.1804
vt 0.3569 0.12760000000000005
vt 0.3569 0.08109999999999995
vt 0.2996 0.0675
vt 0.2996 0.12029999999999996
vt 0.3569 0.08109999999999995
vt 0.3569 0.046599999999999975
vt 0.2996 0.028299999999999992
vt 0.2996 0.0675
vt 0.3569 0.046599999999999975
vt 0.3569 0.028299999999999992
vt 0.2996 0.007399999999999962
vt 0.2996 0.028299999999999992
vt 0.2996 0.0048000000000000265
vt 0.2996 0.007399999999999962
vt 0.3569 0.028299999999999992
vt 0.3569 0.026000000000000023
vt 0.2386 0.35340000000000005
vt 0.2386 0.356
vt 0.2996 0.356
vt 0.2996 0.35340000000000005
vt 0.2996 0.35340000000000005
vt 0.2996 0.3325
vt 0.2386 0.3325
vt 0.2386 0.35340000000000005
vt 0.2996 0.3325
vt 0.2996 0.2933
vt 0.2386 0.2933
vt 0.2386 0.3325
vt 0.2996 0.2933
vt 0.2996 0.24050000000000005
vt 0.2386 0.24050000000000005
vt 0.2386 0.2933
vt 0.2996 0.24050000000000005
vt 0.2996 0.1804
vt 0.2386 0.1804
vt 0.2386 0.24050000000000005
vt 0.2996 0.1804
vt 0.2996 0.12029999999999996
vt 0.2386 0.12029999999999996
vt 0.2386 0.1804
vt 0.2996 0.12029999999999996
vt 0.2996 0.0675
vt 0.2386 0.0675
vt 0.2386 0.12029999999999996
vt 0.2996 0.0675
vt 0.2996 0.028299999999999992
vt 0.2386 0.028299999999999992
vt 0.2386 0.0675
vt 0.2996 0.028299999999999992
vt 0.2996 0.007399999999999962
vt 0.2386 0.007399999999999962
vt 0.2386 0.028299999999999992
vt 0.2386 0.0048000000000000265
vt 0.2386 0.007399999999999962
vt 0.2996 0.007399999999999962
vt 0.2996 0.0048000000000000265
vt 0.1813 0.3325
vt 0.1813 0.3348
vt 0.2386 0.356
vt 0.2386 0.35340000000000005
vt 0.2386 0.35340000000000005
vt 0.2386 0.3325
vt 0.1813 0.31420000000000003
vt 0.1813 0.3325
vt 0.2386 0.3325
vt 0.2386 0.2933
vt 0.1813 0.27969999999999995
vt 0.1813 0.31420000000000003
vt 0.2386 0.2933
vt 0.2386 0.24050000000000005
vt 0.1813 0.23319999999999996
vt 0.1813 0.27969999999999995
vt 0.2386 0.24050000000000005
vt 0.2386 0.1804
vt 0.1813 0.1804
vt 0.1813 0.23319999999999996
vt 0.2386 0.1804
vt 0.2386 0.12029999999999996
vt 0.1813 0.12760000000000005
vt 0.1813 0.1804
vt 0.2386 0.12029999999999996
vt 0.2386 0.0675
vt 0.1813 0.08109999999999995
vt 0.1813 0.12760000000000005
vt 0.2386 0.0675
vt 0.2386 0.028299999999999992
vt 0.1813 0.046599999999999975
vt 0.1813 0.08109999999999995
vt 0.2386 0.028299999999999992
vt 0.2386 0.007399999999999962
vt 0.1813 0.028299999999999992
vt 0.1813 0.046599999999999975
vt 0.1813 0.026000000000000023
vt 0.1813 0.028299999999999992
vt 0.2386 0.007399999999999962
vt 0.2386 0.0048000000000000265
vt 0.1346 0.2933
vt 0.1346 0.29500000000000004
vt 0.1813 0.3348
vt 0.1813 0.3325
vt 0.1813 0.3325
vt 0.1813 0.31420000000000003
vt 0.1346 0.27969999999999995
vt 0.1346 0.2933
vt 0.1813 0.31420000000000003
vt 0.1813 0.27969999999999995
vt 0.1346 0.2541
vt 0.1346 0.27969999999999995
vt 0.1813 0.27969999999999995
vt 0.1813 0.23319999999999996
vt 0.1346 0.21960000000000002
vt 0.1346 0.2541
vt 0.1813 0.23319999999999996
vt 0.1813 0.1804
vt 0.1346 0.1804
vt 0.1346 0.21960000000000002
vt 0.1813 0.1804
vt 0.1813 0.12760000000000005
vt 0.1346 0.1412
vt 0.1346 0.1804
vt 0.1813 0.12760000000000005
vt 0.1813 0.08109999999999995
vt 0.1346 0.10670000000000002
vt 0.1346 0.1412
vt 0.1813 0.08109999999999995
vt 0.1813 0.046599999999999975
vt 0.1346 0.08109999999999995
vt 0.1346 0.10670000000000002
vt 0.1813 0.046599999999999975
vt 0.1813 0.028299999999999992
vt 0.1346 0.0675
vt 0.1346 0.08109999999999995
vt 0.1346 0.06579999999999997
vt 0.1346 0.0675
vt 0.1813 0.028299999999999992
vt 0.1813 0.026000000000000023
vt 0.1041 0.24050000000000005
vt 0.1041 0.24139999999999995
vt 0.1346 0.29500000000000004
vt 0.1346 0.2933
vt 0.1346 0.2933
vt 0.1346 0.27969999999999995
vt 0.1041 0.23319999999999996
vt 0.1041 0.24050000000000005
vt 0.1346 0.27969999999999995
vt 0.1346 0.2541
vt 0.1041 0.21960000000000002
vt 0.1041 0.23319999999999996
vt 0.1346 0.2541
vt 0.1346 0.21960000000000002
vt 0.1041 0.20130000000000003
vt 0.1041 0.21960000000000002
vt 0.1346 0.21960000000000002
vt 0.1346 0.1804
vt 0.1041 0.1804
vt 0.1041 0.20130000000000003
vt 0.1346 0.1804
vt 0.1346 0.1412
vt 0.1041 0.15949999999999998
vt 0.1041 0.1804
vt 0.1346 0.1412
vt 0.1346 0.10670000000000002
vt 0.1041 0.1412
vt 0.1041 0.15949999999999998
vt 0.1346 0.10670000000000002
vt 0.1346 0.08109999999999995
vt 0.1041 0.12760000000000005
vt 0.1041 0.1412
vt 0.1346 0.08109999999999995
vt 0.1346 0.0675
vt 0.1041 0.12029999999999996
vt 0.1041 0.12760000000000005
vt 0.1041 0.11939999999999995
vt 0.1041 0.12029999999999996
vt 0.1346 0.0675
vt 0.1346 0.06579999999999997
vt 0.0888 0.1804
vt 0.1041 0.24139999999999995
vt 0.1041 0.24050000000000005
vt 0.0888 0.1804
vt 0.1041 0.24050000000000005
vt 0.1041 0.23319999999999996
vt 0.0888 0.1804
vt 0.1041 0.23319999999999996
vt 0.1041 0.21960000000000002
vt 0.0888 0.1804
vt 0.1041 0.21960000000000002
vt 0.1041 0.20130000000000003
vt 0.0888 0.1804
vt 0.1041 0.20130000000000003
vt 0.1041 0.1804
vt 0.0888 0.1804
vt 0.1041 0.1804
vt 0.1041 0.15949999999999998
vt 0.0888 0.1804
vt 0.1041 0.15949999999999998
vt 0.1041 0.1412
vt 0.0888 0.1804
vt 0.1041 0.1412
vt 0.1041 0.12760000000000005
vt 0.0888 0.1804
vt 0.1041 0.12760000000000005
vt 0.1041 0.12029999999999996
vt 0.0888 0.1804
vt 0.1041 0.12029999999999996
vt 0.1041 0.11939999999999995
vt 0.4494 0.1804
vt 0.4342 0.24139999999999995
vt 0.4342 0.24050000000000005
vt 0.4494 0.1804
vt 0.4342 0.24050000000000005
vt 0.4342 0.23319999999999996
vt 0.4494 0.1804
vt 0.4342 0.23319999999999996
vt 0.4342 0.21960000000000002
vt 0.4494 0.1804
vt 0.4342 0.21960000000000002
vt 0.4342 0.20130000000000003
vt 0.4494 0.1804
vt 0.4342 0.20130000000000003
vt 0.4342 0.1804
vt 0.4494 0.1804
vt 0.4342 0.1804
vt 0.4342 0.15949999999999998
vt 0.4494 0.1804
vt 0.4342 0.15949999999999998
vt 0.4342 0.1412
vt 0.4494 0.1804
vt 0.4342 0.1412
vt 0.4342 0.12760000000000005
vt 0.4494 0.1804
vt 0.4342 0.12760000000000005
vt 0.4342 0.12029999999999996
vt 0.4494 0.1804
vt 0.4342 0.12029999999999996
vt 0.4342 0.11939999999999995
vt 0.4037 0.2933
vt 0.4342 0.24050000000000005
vt 0.4342 0.24139999999999995
vt 0.4037 0.29500000000000004
vt 0.4342 0.24050000000000005
vt 0.4037 0.2933
vt 0.4037 0.27969999999999995
vt 0.4342 0.23319999999999996
vt 0.4342 0.23319999999999996
vt 0.4037 0.27969999999999995
vt 0.4037 0.2541
vt 0.4342 0.21960000000000002
vt 0.4342 0.21960000000000002
vt 0.4037 0.2541
vt 0.4037 0.21960000000000002
vt 0.4342 0.20130000000000003
vt 0.4342 0.20130000000000003
vt 0.4037 0.21960000000000002
vt 0.4037 0.1804
vt 0.4342 0.1804
vt 0.4342 0.1804
vt 0.4037 0.1804
vt 0.4037 0.1412
vt 0.4342 0.15949999999999998
vt 0.4342 0.15949999999999998
vt 0.4037 0.1412
vt 0.4037 0.10670000000000002
vt 0.4342 0.1412
vt 0.4342 0.1412
vt 0.4037 0.10670000000000002
vt 0.4037 0.08109999999999995
vt 0.4342 0.12760000000000005
vt 0.4342 0.12760000000000005
vt 0.4037 0.08109999999999995
vt 0.4037 0.0675
vt 0.4342 0.12029999999999996
vt 0.4037 0.06579999999999997
vt 0.4342 0.11939999999999995
vt 0.4342 0.12029999999999996
vt 0.4037 0.0675
vt 0.3569 0.3325
vt 0.4037 0.2933
vt 0.4037 0.29500000000000004
vt 0.3569 0.3348
vt 0.4037 0.2933
vt 0.3569 0.3325
vt 0.3569 0.31420000000000003
vt 0.4037 0.27969999999999995
vt 0.4037 0.27969999999999995
vt 0.3569 0.31420000000000003
vt 0.3569 0.27969999999999995
vt 0.4037 0.2541
vt 0.4037 0.2541
vt 0.3569 0.27969999999999995
vt 0.3569 0.23319999999999996
vt 0.4037 0.21960000000000002
vt 0.4037 0.21960000000000002
vt 0.3569 0.23319999999999996
vt 0.3569 0.1804
vt 0.4037 0.1804
vt 0.4037 0.1804
vt 0.3569 0.1804
vt 0.3569 0.12760000000000005
vt 0.4037 0.1412
vt 0.4037 0.1412
vt 0.3569 0.12760000000000005
vt 0.3569 0.08109999999999995
vt 0.4037 0.10670000000000002
vt 0.4037 0.10670000000000002
vt 0.3569 0.08109999999999995
vt 0.3569 0.046599999999999975
vt 0.4037 0.08109999999999995
vt 0.4037 0.08109999999999995
vt 0.3569 0.046599999999999975
vt 0.3569 0.028299999999999992
vt 0.4037 0.0675
vt 0.3569 0.026000000000000023
vt 0.4037 0.06579999999999997
vt 0.4037 0.0675
vt 0.3569 0.028299999999999992
vt 0.2996 0.35340000000000005
vt 0.3569 0.3325
vt 0.3569 0.3348
vt 0.2996 0.356
vt 0.3569 0.3325
vt 0.2996 0.35340000000000005
vt 0.2996 0.3325
vt 0.3569 0.31420000000000003
vt 0.3569 0.31420000000000003
vt 0.2996 0.3325
vt 0.2996 0.2933
vt 0.3569 0.27969999999999995
vt 0.3569 0.27969999999999995
vt 0.2996 0.2933
vt 0.2996 0.24050000000000005
vt 0.3569 0.23319999999999996
vt 0.3569 0.23319999999999996
vt 0.2996 0.24050000000000005
vt 0.2996 0.1804
vt 0.3569 0.1804
vt 0.3569 0.1804
vt 0.2996 0.1804
vt 0.2996 0.12029999999999996
vt 0.3569 0.12760000000000005
vt 0.3569 0.12760000000000005
vt 0.2996 0.12029999999999996
vt 0.2996 0.0675
vt 0.3569 0.08109999999999995
vt 0.3569 0.08109999999999995
vt 0.2996 0.0675
vt 0.2996 0.028299999999999992
vt 0.3569 0.046599999999999975
vt 0.3569 0.046599999999999975
vt 0.2996 0.028299999999999992
vt 0.2996 0.007399999999999962
vt 0.3569 0.028299999999999992
vt 0.2996 0.0048000000000000265
vt 0.3569 0.026000000000000023
vt 0.3569 0.028299999999999992
vt 0.2996 0.007399999999999962
vt 0.2386 0.35340000000000005
vt 0.2996 0.35340000000000005
vt 0.2996 0.356
vt 0.2386 0.356
vt 0.2996 0.35340000000000005
vt 0.2386 0.35340000000000005
vt 0.2386 0.3325
vt 0.2996 0.3325
vt 0.2996 0.3325
vt 0.2386 0.3325
vt 0.2386 0.2933
vt 0.2996 0.2933
vt 0.2996 0.2933
vt 0.2386 0.2933
vt 0.2386 0.24050000000000005
vt 0.2996 0.24050000000000005
vt 0.2996 0.24050000000000005
vt 0.2386 0.24050000000000005
vt 0.2386 0.1804
vt 0.2996 0.1804
vt 0.2996 0.1804
vt 0.2386 0.1804
vt 0.2386 0.12029999999999996
vt 0.2996 0.12029999999999996
vt 0.2996 0.12029999999999996
vt 0.2386 0.12029999999999996
vt 0.2386 0.0675
vt 0.2996 0.0675
vt 0.2996 0.0675
vt 0.2386 0.0675
vt 0.2386 0.028299999999999992
vt 0.2996 0.028299999999999992
vt 0.2996 0.028299999999999992
vt 0.2386 0.028299999999999992
vt 0.2386 0.007399999999999962
vt 0.2996 0.007399999999999962
vt 0.2386 0.0048000000000000265
vt 0.2996 0.0048000000000000265
vt 0.2996 0.007399999999999962
vt 0.2386 0.007399999999999962
vt 0.1813 0.3325
vt 0.2386 0.35340000000000005
vt 0.2386 0.356
vt 0.1813 0.3348
vt 0.2386 0.35340000000000005
vt 0.1813 0.3325
vt 0.1813 0.31420000000000003
vt 0.2386 0.3325
vt 0.2386 0.3325
vt 0.1813 0.31420000000000003
vt 0.1813 0.27969999999999995
vt 0.2386 0.2933
vt 0.2386 0.2933
vt 0.1813 0.27969999999999995
vt 0.1813 0.23319999999999996
vt 0.2386 0.24050000000000005
vt 0.2386 0.24050000000000005
vt 0.1813 0.23319999999999996
vt 0.1813 0.1804
vt 0.2386 0.1804
vt 0.2386 0.1804
vt 0.1813 0.1804
vt 0.1813 0.12760000000000005
vt 0.2386 0.12029999999999996
vt 0.2386 0.12029999999999996
vt 0.1813 0.12760000000000005
vt 0.1813 0.08109999999999995
vt 0.2386 0.0675
vt 0.2386 0.0675
vt 0.1813 0.08109999999999995
vt 0.1813 0.046599999999999975
vt 0.2386 0.028299999999999992
vt 0.2386 0.028299999999999992
vt 0.1813 0.046599999999999975
vt 0.1813 0.028299999999999992
vt 0.2386 0.007399999999999962
vt 0.1813 0.026000000000000023
vt 0.2386 0.0048000000000000265
vt 0.2386 0.007399999999999962
vt 0.1813 0.028299999999999992
vt 0.1346 0.2933
vt 0.1813 0.3325
vt 0.1813 0.3348
vt 0.1346 0.29500000000000004
vt 0.1813 0.3325
vt 0.1346 0.2933
vt 0.1346 0.27969999999999995
vt 0.1813 0.31420000000000003
vt 0.1813 0.31420000000000003
vt 0.1346 0.27969999999999995
vt 0.1346 0.2541
vt 0.1813 0.27969999999999995
vt 0.1813 0.27969999999999995
vt 0.1346 0.2541
vt 0.1346 0.21960000000000002
vt 0.1813 0.23319999999999996
vt 0.1813 0.23319999999999996
vt 0.1346 0.21960000000000002
vt 0.1346 0.1804
vt 0.1813 0.1804
vt 0.1813 0.1804
vt 0.1346 0.1804
vt 0.1346 0.1412
vt 0.1813 0.12760000000000005
vt 0.1813 0.12760000000000005
vt 0.1346 0.1412
vt 0.1346 0.10670000000000002
vt 0.1813 0.08109999999999995
vt 0.1813 0.08109999999999995
vt 0.1346 0.10670000000000002
vt 0.1346 0.08109999999999995
vt 0.1813 0.046599999999999975
vt 0.1813 0.046599999999999975
vt 0.1346 0.08109999999999995
vt 0.1346 0.0675
vt 0.1813 0.028299999999999992
vt 0.1346 0.06579999999999997
vt 0.1813 0.026000000000000023
vt 0.1813 0.028299999999999992
vt 0.1346 0.0675
vt 0.1041 0.24050000000000005
vt 0.1346 0.2933
vt 0.1346 0.29500000000000004
vt 0.1041 0.24139999999999995
vt 0.1346 0.2933
vt 0.1041 0.24050000000000005
vt 0.1041 0.23319999999999996
vt 0.1346 0.27969999999999995
vt 0.1346 0.27969999999999995
vt 0.1041 0.23319999999999996
vt 0.1041 0.21960000000000002
vt 0.1346 0.2541
vt 0.1346 0.2541
vt 0.1041 0.21960000000000002
vt 0.1041 0.20130000000000003
vt 0.1346 0.21960000000000002
vt 0.1346 0.21960000000000002
vt 0.1041 0.20130000000000003
vt 0.1041 0.1804
vt 0.1346 0.1804
vt 0.1346 0.1804
vt 0.1041 0.1804
vt 0.1041 0.15949999999999998
vt 0.1346 0.1412
vt 0.1346 0.1412
vt 0.1041 0.15949999999999998
vt 0.1041 0.1412
vt 0.1346 0.10670000000000002
vt 0.1346 0.10670000000000002
vt 0.1041 0.1412
vt 0.1041 0.12760000000000005
vt 0.1346 0.08109999999999995
vt 0.1346 0.08109999999999995
vt 0.1041 0.12760000000000005
vt 0.1041 0.12029999999999996
vt 0.1346 0.0675
vt 0.1041 0.11939999999999995
vt 0.1346 0.06579999999999997
vt 0.1346 0.0675
vt 0.1041 0.12029999999999996
vt 0.0888 0.1804
vt 0.1041 0.24050000000000005
vt 0.1041 0.24139999999999995
vt 0.0888 0.1804
vt 0.1041 0.23319999999999996
vt 0.1041 0.24050000000000005
vt 0.0888 0.1804
vt 0.1041 0.21960000000000002
vt 0.1041 0.23319999999999996
vt 0.0888 0.1804
vt 0.1041 0.20130000000000003
vt 0.1041 0.21960000000000002
vt 0.0888 0.1804
vt 0.1041 0.1804
vt 0.1041 0.20130000000000003
vt 0.0888 0.1804
vt 0.1041 0.15949999999999998
vt 0.1041 0.1804
vt 0.0888 0.1804
vt 0.1041 0.1412
vt 0.1041 0.15949999999999998
vt 0.0888 0.1804
vt 0.1041 0.12760000000000005
vt 0.1041 0.1412
vt 0.0888 0.1804
vt 0.1041 0.12029999999999996
vt 0.1041 0.12760000000000005
vt 0.0888 0.1804
vt 0.1041 0.11939999999999995
vt 0.1041 0.12029999999999996
vt 0.4494 0.1804
vt 0.4342 0.24050000000000005
vt 0.4342 0.24139999999999995
vt 0.4494 0.1804
vt 0.4342 0.23319999999999996
vt 0.4342 0.24050000000000005
vt 0.4494 0.1804
vt 0.4342 0.21960000000000002
vt 0.4342 0.23319999999999996
vt 0.4494 0.1804
vt 0.4342 0.20130000000000003
vt 0.4342 0.21960000000000002
vt 0.4494 0.1804
vt 0.4342 0.1804
vt 0.4342 0.20130000000000003
vt 0.4494 0.1804
vt 0.4342 0.15949999999999998
vt 0.4342 0.1804
vt 0.4494 0.1804
vt 0.4342 0.1412
vt 0.4342 0.15949999999999998
vt 0.4494 0.1804
vt 0.4342 0.12760000000000005
vt 0.4342 0.1412
vt 0.4494 0.1804
vt 0.4342 0.12029999999999996
vt 0.4342 0.12760000000000005
vt 0.4494 0.1804
vt 0.4342 0.11939999999999995
vt 0.4342 0.12029999999999996
vt 0.4037 0.2933
vt 0.4037 0.29500000000000004
vt 0.4342 0.24139999999999995
vt 0.4342 0.24050000000000005
vt 0.4342 0.24050000000000005
vt 0.4342 0.23319999999999996
vt 0.4037 0.27969999999999995
vt 0.4037 0.2933
vt 0.4342 0.23319999999999996
vt 0.4342 0.21960000000000002
vt 0.4037 0.2541
vt 0.4037 0.27969999999999995
vt 0.4342 0.21960000000000002
vt 0.4342 0.20130000000000003
vt 0.4037 0.21960000000000002
vt 0.4037 0.2541
vt 0.4342 0.20130000000000003
vt 0.4342 0.1804
vt 0.4037 0.1804
vt 0.4037 0.21960000000000002
vt 0.4342 0.1804
vt 0.4342 0.15949999999999998
vt 0.4037 0.1412
vt 0.4037 0.1804
vt 0.4342 0.15949999999999998
vt 0.4342 0.1412
vt 0.4037 0.10670000000000002
vt 0.4037 0.1412
vt 0.4342 0.1412
vt 0.4342 0.12760000000000005
vt 0.4037 0.08109999999999995
vt 0.4037 0.10670000000000002
vt 0.4342 0.12760000000000005
vt 0.4342 0.12029999999999996
vt 0.4037 0.0675
vt 0.4037 0.08109999999999995
vt 0.4037 0.06579999999999997
vt 0.4037 0.0675
vt 0.4342 0.12029999999999996
vt 0.4342 0.11939999999999995
vt 0.3569 0.3325
vt 0.3569 0.3348
vt 0.4037 0.29500000000000004
vt 0.4037 0.2933
vt 0.4037 0.2933
vt 0.4037 0.27969999999999995
vt 0.3569 0.31420000000000003
vt 0.3569 0.3325
vt 0.4037 0.27969999999999995
vt 0.4037 0.2541
vt 0.3569 0.27969999999999995
vt 0.3569 0.31420000000000003
vt 0.4037 0.2541
vt 0.4037 0.21960000000000002
vt 0.3569 0.23319999999999996
vt 0.3569 0.27969999999999995
vt 0.4037 0.21960000000000002
vt 0.4037 0.1804
vt 0.3569 0.1804
vt 0.3569 0.23319999999999996
vt 0.4037 0.1804
vt 0.4037 0.1412
vt 0.3569 0.12760000000000005
vt 0.3569 0.1804
vt 0.4037 0.1412
vt 0.4037 0.10670000000000002
vt 0.3569 0.08109999999999995
vt 0.3569 0.12760000000000005
vt 0.4037 0.10670000000000002
vt 0.4037 0.08109999999999995
vt 0.3569 0.046599999999999975
vt 0.3569 0.08109999999999995
vt 0.4037 0.08109999999999995
vt 0.4037 0.0675
vt 0.3569 0.028299999999999992
vt 0.3569 0.046599999999999975
vt 0.3569 0.026000000000000023
vt 0.3569 0.028299999999999992
vt 0.4037 0.0675
vt 0.4037 0.06579999999999997
vt 0.2996 0.35340000000000005
vt 0.2996 0.356
vt 0.3569 0.3348
vt 0.3569 0.3325
vt 0.3569 0.3325
vt 0.3569 0.31420000000000003
vt 0.2996 0.3325
vt 0.2996 0.35340000000000005
vt 0.3569 0.31420000000000003
vt 0.3569 0.27969999999999995
vt 0.2996 0.2933
vt 0.2996 0.3325
vt 0.3569 0.27969999999999995
vt 0.3569 0.23319999999999996
vt 0.2996 0.24050000000000005
vt 0.2996 0.2933
vt 0.3569 0.23319999999999996
vt 0.3569 0.1804
vt 0.2996 0.1804
vt 0.2996 0.24050000000000005
vt 0.3569 0.1804
vt 0.3569 0.12760000000000005
vt 0.2996 0.12029999999999996
vt 0.2996 0.1804
vt 0.3569 0.12760000000000005
vt 0.3569 0.08109999999999995
vt 0.2996 0.0675
vt 0.2996 0.12029999999999996
vt 0.3569 0.08109999999999995
vt 0.3569 0.046599999999999975
vt 0.2996 0.028299999999999992
vt 0.2996 0.0675
vt 0.3569 0.046599999999999975
vt 0.3569 0.028299999999999992
vt 0.2996 0.007399999999999962
vt 0.2996 0.028299999999999992
vt 0.2996 0.0048000000000000265
vt 0.2996 0.007399999999999962
vt 0.3569 0.028299999999999992
vt 0.3569 0.026000000000000023
vt 0.2386 0.35340000000000005
vt 0.2386 0.356
vt 0.2996 0.356
vt 0.2996 0.35340000000000005
vt 0.2996 0.35340000000000005
vt 0.2996 0.3325
vt 0.2386 0.3325
vt 0.2386 0.35340000000000005
vt 0.2996 0.3325
vt 0.2996 0.2933
vt 0.2386 0.2933
vt 0.2386 0.3325
vt 0.2996 0.2933
vt 0.2996 0.24050000000000005
vt 0.2386 0.24050000000000005
vt 0.2386 0.2933
vt 0.2996 0.24050000000000005
vt 0.2996 0.1804
vt 0.2386 0.1804
vt 0.2386 0.24050000000000005
vt 0.2996 0.1804
vt 0.2996 0.12029999999999996
vt 0.2386 0.12029999999999996
vt 0.2386 0.1804
vt 0.2996 0.12029999999999996
vt 0.2996 0.0675
vt 0.2386 0.0675
vt 0.2386 0.12029999999999996
vt 0.2996 0.0675
vt 0.2996 0.028299999999999992
vt 0.2386 0.028299999999999992
vt 0.2386 0.0675
vt 0.2996 0.028299999999999992
vt 0.2996 0.007399999999999962
vt 0.2386 0.007399999999999962
vt 0.2386 0.028299999999999992
vt 0.2386 0.0048000000000000265
vt 0.2386 0.007399999999999962
vt 0.2996 0.007399999999999962
vt 0.2996 0.0048000000000000265
vt 0.1813 0.3325
vt 0.1813 0.3348
vt 0.2386 0.356
vt 0.2386 0.35340000000000005
vt 0.2386 0.35340000000000005
vt 0.2386 0.3325
vt 0.1813 0.31420000000000003
vt 0.1813 0.3325
vt 0.2386 0.3325
vt 0.2386 0.2933
vt 0.1813 0.27969999999999995
vt 0.1813 0.31420000000000003
vt 0.2386 0.2933
vt 0.2386 0.24050000000000005
vt 0.1813 0.23319999999999996
vt 0.1813 0.27969999999999995
vt 0.2386 0.24050000000000005
vt 0.2386 0.1804
vt 0.1813 0.1804
vt 0.1813 0.23319999999999996
vt 0.2386 0.1804
vt 0.2386 0.12029999999999996
vt 0.1813 0.12760000000000005
vt 0.1813 0.1804
vt 0.2386 0.12029999999999996
vt 0.2386 0.0675
vt 0.1813 0.08109999999999995
vt 0.1813 0.12760000000000005
vt 0.2386 0.0675
vt 0.2386 0.028299999999999992
vt 0.1813 0.046599999999999975
vt 0.1813 0.08109999999999995
vt 0.2386 0.028299999999999992
vt 0.2386 0.007399999999999962
vt 0.1813 0.028299999999999992
vt 0.1813 0.046599999999999975
vt 0.1813 0.026000000000000023
vt 0.1813 0.028299999999999992
vt 0.2386 0.007399999999999962
vt 0.2386 0.0048000000000000265
vt 0.1346 0.2933
vt 0.1346 0.29500000000000004
vt 0.1813 0.3348
vt 0.1813 0.3325
vt 0.1813 0.3325
vt 0.1813 0.31420000000000003
vt 0.1346 0.27969999999999995
vt 0.1346 0.2933
vt 0.1813 0.31420000000000003
vt 0.1813 0.27969999999999995
vt 0.1346 0.2541
vt 0.1346 0.27969999999999995
vt 0.1813 0.27969999999999995
vt 0.1813 0.23319999999999996
vt 0.1346 0.21960000000000002
vt 0.1346 0.2541
vt 0.1813 0.23319999999999996
vt 0.1813 0.1804
vt 0.1346 0.1804
vt 0.1346 0.21960000000000002
vt 0.1813 0.1804
vt 0.1813 0.12760000000000005
vt 0.1346 0.1412
vt 0.1346 0.1804
vt 0.1813 0.12760000000000005
vt 0.1813 0.08109999999999995
vt 0.1346 0.10670000000000002
vt 0.1346 0.1412
vt 0.1813 0.08109999999999995
vt 0.1813 0.046599999999999975
vt 0.1346 0.08109999999999995
vt 0.1346 0.10670000000000002
vt 0.1813 0.046599999999999975
vt 0.1813 0.028299999999999992
vt 0.1346 0.0675
vt 0.1346 0.08109999999999995
vt 0.1346 0.06579999999999997
vt 0.1346 0.0675
vt 0.1813 0.028299999999999992
vt 0.1813 0.026000000000000023
vt 0.1041 0.24050000000000005
vt 0.1041 0.24139999999999995
vt 0.1346 0.29500000000000004
vt 0.1346 0.2933
vt 0.1346 0.2933
vt 0.1346 0.27969999999999995
vt 0.1041 0.23319999999999996
vt 0.1041 0.24050000000000005
vt 0.1346 0.27969999999999995
vt 0.1346 0.2541
vt 0.1041 0.21960000000000002
vt 0.1041 0.23319999999999996
vt 0.1346 0.2541
vt 0.1346 0.21960000000000002
vt 0.1041 0.20130000000000003
vt 0.1041 0.21960000000000002
vt 0.1346 0.21960000000000002
vt 0.1346 0.1804
vt 0.1041 0.1804
vt 0.1041 0.20130000000000003
vt 0.1346 0.1804
vt 0.1346 0.1412
vt 0.1041 0.15949999999999998
vt 0.1041 0.1804
vt 0.1346 0.1412
vt 0.1346 0.10670000000000002
vt 0.1041 0.1412
vt 0.1041 0.15949999999999998
vt 0.1346 0.10670000000000002
vt 0.1346 0.08109999999999995
vt 0.1041 0.12760000000000005
vt 0.1041 0.1412
vt 0.1346 0.08109999999999995
vt 0.1346 0.0675
vt 0.1041 0.12029999999999996
vt 0.1041 0.12760000000000005
vt 0.1041 0.11939999999999995
vt 0.1041 0.12029999999999996
vt 0.1346 0.0675
vt 0.1346 0.06579999999999997
vt 0.0888 0.1804
vt 0.1041 0.24139999999999995
vt 0.1041 0.24050000000000005
vt 0.0888 0.1804
vt 0.1041 0.24050000000000005
vt 0.1041 0.23319999999999996
vt 0.0888 0.1804
vt 0.1041 0.23319999999999996
vt 0.1041 0.21960000000000002
vt 0.0888 0.1804
vt 0.1041 0.21960000000000002
vt 0.1041 0.20130000000000003
vt 0.0888 0.1804
vt 0.1041 0.20130000000000003
vt 0.1041 0.1804
vt 0.0888 0.1804
vt 0.1041 0.1804
vt 0.1041 0.15949999999999998
vt 0.0888 0.1804
vt 0.1041 0.15949999999999998
vt 0.1041 0.1412
vt 0.0888 0.1804
vt 0.1041 0.1412
vt 0.1041 0.12760000000000005
vt 0.0888 0.1804
vt 0.1041 0.12760000000000005
vt 0.1041 0.12029999999999996
vt 0.0888 0.1804
vt 0.1041 0.12029999999999996
vt 0.1041 0.11939999999999995
vt 0.4494 0.1804
vt 0.4342 0.24139999999999995
vt 0.4342 0.24050000000000005
vt 0.4494 0.1804
vt 0.4342 0.24050000000000005
vt 0.4342 0.23319999999999996
vt 0.4494 0.1804
vt 0.4342 0.23319999999999996
vt 0.4342 0.21960000000000002
vt 0.4494 0.1804
vt 0.4342 0.21960000000000002
vt 0.4342 0.20130000000000003
vt 0.4494 0.1804
vt 0.4342 0.20130000000000003
vt 0.4342 0.1804
vt 0.4494 0.1804
vt 0.4342 0.1804
vt 0.4342 0.15949999999999998
vt 0.4494 0.1804
vt 0.4342 0.15949999999999998
vt 0.4342 0.1412
vt 0.4494 0.1804
vt 0.4342 0.1412
vt 0.4342 0.12760000000000005
vt 0.4494 0.1804
vt 0.4342 0.12760000000000005
vt 0.4342 0.12029999999999996
vt 0.4494 0.1804
vt 0.4342 0.12029999999999996
vt 0.4342 0.11939999999999995
vt 0.4037 0.2933
vt 0.4342 0.24050000000000005
vt 0.4342 0.24139999999999995
vt 0.4037 0.29500000000000004
vt 0.4342 0.24050000000000005
vt 0.4037 0.2933
vt 0.4037 0.27969999999999995
vt 0.4342 0.23319999999999996
vt 0.4342 0.23319999999999996
vt 0.4037 0.27969999999999995
vt 0.4037 0.2541
vt 0.4342 0.21960000000000002
vt 0.4342 0.21960000000000002
vt 0.4037 0.2541
vt 0.4037 0.21960000000000002
vt 0.4342 0.20130000000000003
vt 0.4342 0.20130000000000003
vt 0.4037 0.21960000000000002
vt 0.4037 0.1804
vt 0.4342 0.1804
vt 0.4342 0.1804
vt 0.4037 0.1804
vt 0.4037 0.1412
vt 0.4342 0.15949999999999998
vt 0.4342 0.15949999999999998
vt 0.4037 0.1412
vt 0.4037 0.10670000000000002
vt 0.4342 0.1412
vt 0.4342 0.1412
vt 0.4037 0.10670000000000002
vt 0.4037 0.08109999999999995
vt 0.4342 0.12760000000000005
vt 0.4342 0.12760000000000005
vt 0.4037 0.08109999999999995
vt 0.4037 0.0675
vt 0.4342 0.12029999999999996
vt 0.4037 0.06579999999999997
vt 0.4342 0.11939999999999995
vt 0.4342 0.12029999999999996
vt 0.4037 0.0675
vt 0.3569 0.3325
vt 0.4037 0.2933
vt 0.4037 0.29500000000000004
vt 0.3569 0.3348
vt 0.4037 0.2933
vt 0.3569 0.3325
vt 0.3569 0.31420000000000003
vt 0.4037 0.27969999999999995
vt 0.4037 0.27969999999999995
vt 0.3569 0.31420000000000003
vt 0.3569 0.27969999999999995
vt 0.4037 0.2541
vt 0.4037 0.2541
vt 0.3569 0.27969999999999995
vt 0.3569 0.23319999999999996
vt 0.4037 0.21960000000000002
vt 0.4037 0.21960000000000002
vt 0.3569 0.23319999999999996
vt 0.3569 0.1804
vt 0.4037 0.1804
vt 0.4037 0.1804
vt 0.3569 0.1804
vt 0.3569 0.12760000000000005
vt 0.4037 0.1412
vt 0.4037 0.1412
vt 0.3569 0.12760000000000005
vt 0.3569 0.08109999999999995
vt 0.4037 0.10670000000000002
vt 0.4037 0.10670000000000002
vt 0.3569 0.08109999999999995
vt 0.3569 0.046599999999999975
vt 0.4037 0.08109999999999995
vt 0.4037 0.08109999999999995
vt 0.3569 0.046599999999999975
vt 0.3569 0.028299999999999992
vt 0.4037 0.0675
vt 0.3569 0.026000000000000023
vt 0.4037 0.06579999999999997
vt 0.4037 0.0675
vt 0.3569 0.028299999999999992
vt 0.2996 0.35340000000000005
vt 0.3569 0.3325
vt 0.3569 0.3348
vt 0.2996 0.356
vt 0.3569 0.3325
vt 0.2996 0.35340000000000005
vt 0.2996 0.3325
vt 0.3569 0.31420000000000003
vt 0.3569 0.31420000000000003
vt 0.2996 0.3325
vt 0.2996 0.2933
vt 0.3569 0.27969999999999995
vt 0.3569 0.27969999999999995
vt 0.2996 0.2933
vt 0.2996 0.24050000000000005
vt 0.3569 0.23319999999999996
vt 0.3569 0.23319999999999996
vt 0.2996 0.24050000000000005
vt 0.2996 0.1804
vt 0.3569 0.1804
vt 0.3569 0.1804
vt 0.2996 0.1804
vt 0.2996 0.12029999999999996
vt 0.3569 0.12760000000000005
vt 0.3569 0.12760000000000005
vt 0.2996 0.12029999999999996
vt 0.2996 0.0675
vt 0.3569 0.08109999999999995
vt 0.3569 0.08109999999999995
vt 0.2996 0.0675
vt 0.2996 0.028299999999999992
vt 0.3569 0.046599999999999975
vt 0.3569 0.046599999999999975
vt 0.2996 0.028299999999999992
vt 0.2996 0.007399999999999962
vt 0.3569 0.028299999999999992
vt 0.2996 0.0048000000000000265
vt 0.3569 0.026000000000000023
vt 0.3569 0.028299999999999992
vt 0.2996 0.007399999999999962
vt 0.2386 0.35340000000000005
vt 0.2996 0.35340000000000005
vt 0.2996 0.356
vt 0.2386 0.356
vt 0.2996 0.35340000000000005
vt 0.2386 0.35340000000000005
vt 0.2386 0.3325
vt 0.2996 0.3325
vt 0.2996 0.3325
vt 0.2386 0.3325
vt 0.2386 0.2933
vt 0.2996 0.2933
vt 0.2996 0.2933
vt 0.2386 0.2933
vt 0.2386 0.24050000000000005
vt 0.2996 0.24050000000000005
vt 0.2996 0.24050000000000005
vt 0.2386 0.24050000000000005
vt 0.2386 0.1804
vt 0.2996 0.1804
vt 0.2996 0.1804
vt 0.2386 0.1804
vt 0.2386 0.12029999999999996
vt 0.2996 0.12029999999999996
vt 0.2996 0.12029999999999996
vt 0.2386 0.12029999999999996
vt 0.2386 0.0675
vt 0.2996 0.0675
vt 0.2996 0.0675
vt 0.2386 0.0675
vt 0.2386 0.028299999999999992
vt 0.2996 0.028299999999999992
vt 0.2996 0.028299999999999992
vt 0.2386 0.028299999999999992
vt 0.2386 0.007399999999999962
vt 0.2996 0.007399999999999962
vt 0.2386 0.0048000000000000265
vt 0.2996 0.0048000000000000265
vt 0.2996 0.007399999999999962
vt 0.2386 0.007399999999999962
vt 0.1813 0.3325
vt 0.2386 0.35340000000000005
vt 0.2386 0.356
vt 0.1813 0.3348
vt 0.2386 0.35340000000000005
vt 0.1813 0.3325
vt 0.1813 0.31420000000000003
vt 0.2386 0.3325
vt 0.2386 0.3325
vt 0.1813 0.31420000000000003
vt 0.1813 0.27969999999999995
vt 0.2386 0.2933
vt 0.2386 0.2933
vt 0.1813 0.27969999999999995
vt 0.1813 0.23319999999999996
vt 0.2386 0.24050000000000005
vt 0.2386 0.24050000000000005
vt 0.1813 0.23319999999999996
vt 0.1813 0.1804
vt 0.2386 0.1804
vt 0.2386 0.1804
vt 0.1813 0.1804
vt 0.1813 0.12760000000000005
vt 0.2386 0.12029999999999996
vt 0.2386 0.12029999999999996
vt 0.1813 0.12760000000000005
vt 0.1813 0.08109999999999995
vt 0.2386 0.0675
vt 0.2386 0.0675
vt 0.1813 0.08109999999999995
vt 0.1813 0.046599999999999975
vt 0.2386 0.028299999999999992
vt 0.2386 0.028299999999999992
vt 0.1813 0.046599999999999975
vt 0.1813 0.028299999999999992
vt 0.2386 0.007399999999999962
vt 0.1813 0.026000000000000023
vt 0.2386 0.0048000000000000265
vt 0.2386 0.007399999999999962
vt 0.1813 0.028299999999999992
vt 0.1346 0.2933
vt 0.1813 0.3325
vt 0.1813 0.3348
vt 0.1346 0.29500000000000004
vt 0.1813 0.3325
vt 0.1346 0.2933
vt 0.1346 0.27969999999999995
vt 0.1813 0.31420000000000003
vt 0.1813 0.31420000000000003
vt 0.1346 0.27969999999999995
vt 0.1346 0.2541
vt 0.1813 0.27969999999999995
vt 0.1813 0.27969999999999995
vt 0.1346 0.2541
vt 0.1346 0.21960000000000002
vt 0.1813 0.23319999999999996
vt 0.1813 0.23319999999999996
vt 0.1346 0.21960000000000002
vt 0.1346 0.1804
vt 0.1813 0.1804
vt 0.1813 0.1804
vt 0.1346 0.1804
vt 0.1346 0.1412
vt 0.1813 0.12760000000000005
vt 0.1813 0.12760000000000005
vt 0.1346 0.1412
vt 0.1346 0.10670000000000002
vt 0.1813 0.08109999999999995
vt 0.1813 0.08109999999999995
vt 0.1346 0.10670000000000002
vt 0.1346 0.08109999999999995
vt 0.1813 0.046599999999999975
vt 0.1813 0.046599999999999975
vt 0.1346 0.08109999999999995
vt 0.1346 0.0675
vt 0.1813 0.028299999999999992
vt 0.1346 0.06579999999999997
vt 0.1813 0.026000000000000023
vt 0.1813 0.028299999999999992
vt 0.1346 0.0675
vt 0.1041 0.24050000000000005
vt 0.1346 0.2933
vt 0.1346 0.29500000000000004
vt 0.1041 0.24139999999999995
vt 0.1346 0.2933
vt 0.1041 0.24050000000000005
vt 0.1041 0.23319999999999996
vt 0.1346 0.27969999999999995
vt 0.1346 0.27969999999999995
vt 0.1041 0.23319999999999996
vt 0.1041 0.21960000000000002
vt 0.1346 0.2541
vt 0.1346 0.2541
vt 0.1041 0.21960000000000002
vt 0.1041 0.20130000000000003
vt 0.1346 0.21960000000000002
vt 0.1346 0.21960000000000002
vt 0.1041 0.20130000000000003
vt 0.1041 0.1804
vt 0.1346 0.1804
vt 0.1346 0.1804
vt 0.1041 0.1804
vt 0.1041 0.15949999999999998
vt 0.1346 0.1412
vt 0.1346 0.1412
vt 0.1041 0.15949999999999998
vt 0.1041 0.1412
vt 0.1346 0.10670000000000002
vt 0.1346 0.10670000000000002
vt 0.1041 0.1412
vt 0.1041 0.12760000000000005
vt 0.1346 0.08109999999999995
vt 0.1346 0.08109999999999995
vt 0.1041 0.12760000000000005
vt 0.1041 0.12029999999999996
vt 0.1346 0.0675
vt 0.1041 0.11939999999999995
vt 0.1346 0.06579999999999997
vt 0.1346 0.0675
vt 0.1041 0.12029999999999996
vt 0.0888 0.1804
vt 0.1041 0.24050000000000005
vt 0.1041 0.24139999999999995
vt 0.0888 0.1804
vt 0.1041 0.23319999999999996
vt 0.1041 0.24050000000000005
vt 0.0888 0.1804
vt 0.1041 0.21960000000000002
vt 0.1041 0.23319999999999996
vt 0.0888 0.1804
vt 0.1041 0.20130000000000003
vt 0.1041 0.21960000000000002
vt 0.0888 0.1804
vt 0.1041 0.1804
vt 0.1041 0.20130000000000003
vt 0.0888 0.1804
vt 0.1041 0.15949999999999998
vt 0.1041 0.1804
vt 0.0888 0.1804
vt 0.1041 0.1412
vt 0.1041 0.15949999999999998
vt 0.0888 0.1804
vt 0.1041 0.12760000000000005
vt 0.1041 0.1412
vt 0.0888 0.1804
vt 0.1041 0.12029999999999996
vt 0.1041 0.12760000000000005
vt 0.0888 0.1804
vt 0.1041 0.11939999999999995
vt 0.1041 0.12029999999999996
vt 0.4494 0.1804
vt 0.4342 0.24139999999999995
vt 0.4342 0.24050000000000005
vt 0.4494 0.1804
vt 0.4342 0.24050000000000005
vt 0.4342 0.23319999999999996
vt 0.4494 0.1804
vt 0.4342 0.23319999999999996
vt 0.4342 0.21960000000000002
vt 0.4494 0.1804
vt 0.4342 0.21960000000000002
vt 0.4342 0.20130000000000003
vt 0.4494 0.1804
vt 0.4342 0.20130000000000003
vt 0.4342 0.1804
vt 0.4494 0.1804
vt 0.4342 0.1804
vt 0.4342 0.15949999999999998
vt 0.4494 0.1804
vt 0.4342 0.15949999999999998
vt 0.4342 0.1412
vt 0.4494 0.1804
vt 0.4342 0.1412
vt 0.4342 0.12760000000000005
vt 0.4494 0.1804
vt 0.4342 0.12760000000000005
vt 0.4342 0.12029999999999996
vt 0.4494 0.1804
vt 0.4342 0.12029999999999996
vt 0.4342 0.11939999999999995
vt 0.4037 0.2933
vt 0.4342 0.24050000000000005
vt 0.4342 0.24139999999999995
vt 0.4037 0.29500000000000004
vt 0.4342 0.24050000000000005
vt 0.4037 0.2933
vt 0.4037 0.27969999999999995
vt 0.4342 0.23319999999999996
vt 0.4342 0.23319999999999996
vt 0.4037 0.27969999999999995
vt 0.4037 0.2541
vt 0.4342 0.21960000000000002
vt 0.4342 0.21960000000000002
vt 0.4037 0.2541
vt 0.4037 0.21960000000000002
vt 0.4342 0.20130000000000003
vt 0.4342 0.20130000000000003
vt 0.4037 0.21960000000000002
vt 0.4037 0.1804
vt 0.4342 0.1804
vt 0.4342 0.1804
vt 0.4037 0.1804
vt 0.4037 0.1412
vt 0.4342 0.15949999999999998
vt 0.4342 0.15949999999999998
vt 0.4037 0.1412
vt 0.4037 0.10670000000000002
vt 0.4342 0.1412
vt 0.4342 0.1412
vt 0.4037 0.10670000000000002
vt 0.4037 0.08109999999999995
vt 0.4342 0.12760000000000005
vt 0.4342 0.12760000000000005
vt 0.4037 0.08109999999999995
vt 0.4037 0.0675
vt 0.4342 0.12029999999999996
vt 0.4037 0.06579999999999997
vt 0.4342 0.11939999999999995
vt 0.4342 0.12029999999999996
vt 0.4037 0.0675
vt 0.3569 0.3325
vt 0.4037 0.2933
vt 0.4037 0.29500000000000004
vt 0.3569 0.3348
vt 0.4037 0.2933
vt 0.3569 0.3325
vt 0.3569 0.31420000000000003
vt 0.4037 0.27969999999999995
vt 0.4037 0.27969999999999995
vt 0.3569 0.31420000000000003
vt 0.3569 0.27969999999999995
vt 0.4037 0.2541
vt 0.4037 0.2541
vt 0.3569 0.27969999999999995
vt 0.3569 0.23319999999999996
vt 0.4037 0.21960000000000002
vt 0.4037 0.21960000000000002
vt 0.3569 0.23319999999999996
vt 0.3569 0.1804
vt 0.4037 0.1804
vt 0.4037 0.1804
vt 0.3569 0.1804
vt 0.3569 0.12760000000000005
vt 0.4037 0.1412
vt 0.4037 0.1412
vt 0.3569 0.12760000000000005
vt 0.3569 0.08109999999999995
vt 0.4037 0.10670000000000002
vt 0.4037 0.10670000000000002
vt 0.3569 0.08109999999999995
vt 0.3569 0.046599999999999975
vt 0.4037 0.08109999999999995
vt 0.4037 0.08109999999999995
vt 0.3569 0.046599999999999975
vt 0.3569 0.028299999999999992
vt 0.4037 0.0675
vt 0.3569 0.026000000000000023
vt 0.4037 0.06579999999999997
vt 0.4037 0.0675
vt 0.3569 0.028299999999999992
vt 0.2996 0.35340000000000005
vt 0.3569 0.3325
vt 0.3569 0.3348
vt 0.2996 0.356
vt 0.3569 0.3325
vt 0.2996 0.35340000000000005
vt 0.2996 0.3325
vt 0.3569 0.31420000000000003
vt 0.3569 0.31420000000000003
vt 0.2996 0.3325
vt 0.2996 0.2933
vt 0.3569 0.27969999999999995
vt 0.3569 0.27969999999999995
vt 0.2996 0.2933
vt 0.2996 0.24050000000000005
vt 0.3569 0.23319999999999996
vt 0.3569 0.23319999999999996
vt 0.2996 0.24050000000000005
vt 0.2996 0.1804
vt 0.3569 0.1804
vt 0.3569 0.1804
vt 0.2996 0.1804
vt 0.2996 0.12029999999999996
vt 0.3569 0.12760000000000005
vt 0.3569 0.12760000000000005
vt 0.2996 0.12029999999999996
vt 0.2996 0.0675
vt 0.3569 0.08109999999999995
vt 0.3569 0.08109999999999995
vt 0.2996 0.0675
vt 0.2996 0.028299999999999992
vt 0.3569 0.046599999999999975
vt 0.3569 0.046599999999999975
vt 0.2996 0.028299999999999992
vt 0.2996 0.007399999999999962
vt 0.3569 0.028299999999999992
vt 0.2996 0.0048000000000000265
vt 0.3569 0.026000000000000023
vt 0.3569 0.028299999999999992
vt 0.2996 0.007399999999999962
vt 0.2386 0.35340000000000005
vt 0.2996 0.35340000000000005
vt 0.2996 0.356
vt 0.2386 0.356
vt 0.2996 0.35340000000000005
vt 0.2386 0.35340000000000005
vt 0.2386 0.3325
vt 0.2996 0.3325
vt 0.2996 0.3325
vt 0.2386 0.3325
vt 0.2386 0.2933
vt 0.2996 0.2933
vt 0.2996 0.2933
vt 0.2386 0.2933
vt 0.2386 0.24050000000000005
vt 0.2996 0.24050000000000005
vt 0.2996 0.24050000000000005
vt 0.2386 0.24050000000000005
vt 0.2386 0.1804
vt 0.2996 0.1804
vt 0.2996 0.1804
vt 0.2386 0.1804
vt 0.2386 0.12029999999999996
vt 0.2996 0.12029999999999996
vt 0.2996 0.12029999999999996
vt 0.2386 0.12029999999999996
vt 0.2386 0.0675
vt 0.2996 0.0675
vt 0.2996 0.0675
vt 0.2386 0.0675
vt 0.2386 0.028299999999999992
vt 0.2996 0.028299999999999992
vt 0.2996 0.028299999999999992
vt 0.2386 0.028299999999999992
vt 0.2386 0.007399999999999962
vt 0.2996 0.007399999999999962
vt 0.2386 0.0048000000000000265
vt 0.2996 0.0048000000000000265
vt 0.2996 0.007399999999999962
vt 0.2386 0.007399999999999962
vt 0.1813 0.3325
vt 0.2386 0.35340000000000005
vt 0.2386 0.356
vt 0.1813 0.3348
vt 0.2386 0.35340000000000005
vt 0.1813 0.3325
vt 0.1813 0.31420000000000003
vt 0.2386 0.3325
vt 0.2386 0.3325
vt 0.1813 0.31420000000000003
vt 0.1813 0.27969999999999995
vt 0.2386 0.2933
vt 0.2386 0.2933
vt 0.1813 0.27969999999999995
vt 0.1813 0.23319999999999996
vt 0.2386 0.24050000000000005
vt 0.2386 0.24050000000000005
vt 0.1813 0.23319999999999996
vt 0.1813 0.1804
vt 0.2386 0.1804
vt 0.2386 0.1804
vt 0.1813 0.1804
vt 0.1813 0.12760000000000005
vt 0.2386 0.12029999999999996
vt 0.2386 0.12029999999999996
vt 0.1813 0.12760000000000005
vt 0.1813 0.08109999999999995
vt 0.2386 0.0675
vt 0.2386 0.0675
vt 0.1813 0.08109999999999995
vt 0.1813 0.046599999999999975
vt 0.2386 0.028299999999999992
vt 0.2386 0.028299999999999992
vt 0.1813 0.046599999999999975
vt 0.1813 0.028299999999999992
vt 0.2386 0.007399999999999962
vt 0.1813 0.026000000000000023
vt 0.2386 0.0048000000000000265
vt 0.2386 0.007399999999999962
vt 0.1813 0.028299999999999992
vt 0.1346 0.2933
vt 0.1813 0.3325
vt 0.1813 0.3348
vt 0.1346 0.29500000000000004
vt 0.1813 0.3325
vt 0.1346 0.2933
vt 0.1346 0.27969999999999995
vt 0.1813 0.31420000000000003
vt 0.1813 0.31420000000000003
vt 0.1346 0.27969999999999995
vt 0.1346 0.2541
vt 0.1813 0.27969999999999995
vt 0.1813 0.27969999999999995
vt 0.1346 0.2541
vt 0.1346 0.21960000000000002
vt 0.1813 0.23319999999999996
vt 0.1813 0.23319999999999996
vt 0.1346 0.21960000000000002
vt 0.1346 0.1804
vt 0.1813 0.1804
vt 0.1813 0.1804
vt 0.1346 0.1804
vt 0.1346 0.1412
vt 0.1813 0.12760000000000005
vt 0.1813 0.12760000000000005
vt 0.1346 0.1412
vt 0.1346 0.10670000000000002
vt 0.1813 0.08109999999999995
vt 0.1813 0.08109999999999995
vt 0.1346 0.10670000000000002
vt 0.1346 0.08109999999999995
vt 0.1813 0.046599999999999975
vt 0.1813 0.046599999999999975
vt 0.1346 0.08109999999999995
vt 0.1346 0.0675
vt 0.1813 0.028299999999999992
vt 0.1346 0.06579999999999997
vt 0.1813 0.026000000000000023
vt 0.1813 0.028299999999999992
vt 0.1346 0.0675
vt 0.1041 0.24050000000000005
vt 0.1346 0.2933
vt 0.1346 0.29500000000000004
vt 0.1041 0.24139999999999995
vt 0.1346 0.2933
vt 0.1041 0.24050000000000005
vt 0.1041 0.23319999999999996
vt 0.1346 0.27969999999999995
vt 0.1346 0.27969999999999995
vt 0.1041 0.23319999999999996
vt 0.1041 0.21960000000000002
vt 0.1346 0.2541
vt 0.1346 0.2541
vt 0.1041 0.21960000000000002
vt 0.1041 0.20130000000000003
vt 0.1346 0.21960000000000002
vt 0.1346 0.21960000000000002
vt 0.1041 0.20130000000000003
vt 0.1041 0.1804
vt 0.1346 0.1804
vt 0.1346 0.1804
vt 0.1041 0.1804
vt 0.1041 0.15949999999999998
vt 0.1346 0.1412
vt 0.1346 0.1412
vt 0.1041 0.15949999999999998
vt 0.1041 0.1412
vt 0.1346 0.10670000000000002
vt 0.1346 0.10670000000000002
vt 0.1041 0.1412
vt 0.1041 0.12760000000000005
vt 0.1346 0.08109999999999995
vt 0.1346 0.08109999999999995
vt 0.1041 0.12760000000000005
vt 0.1041 0.12029999999999996
vt 0.1346 0.0675
vt 0.1041 0.11939999999999995
vt 0.1346 0.06579999999999997
vt 0.1346 0.0675
vt 0.1041 0.12029999999999996
vt 0.0888 0.1804
vt 0.1041 0.24050000000000005
vt 0.1041 0.24139999999999995
vt 0.0888 0.1804
vt 0.1041 0.23319999999999996
vt 0.1041 0.24050000000000005
vt 0.0888 0.1804
vt 0.1041 0.21960000000000002
vt 0.1041 0.23319999999999996
vt 0.0888 0.1804
vt 0.1041 0.20130000000000003
vt 0.1041 0.21960000000000002
vt 0.0888 0.1804
vt 0.1041 0.1804
vt 0.1041 0.20130000000000003
vt 0.0888 0.1804
vt 0.1041 0.15949999999999998
vt 0.1041 0.1804
vt 0.0888 0.1804
vt 0.1041 0.1412
vt 0.1041 0.15949999999999998
vt 0.0888 0.1804
vt 0.1041 0.12760000000000005
vt 0.1041 0.1412
vt 0.0888 0.1804
vt 0.1041 0.12029999999999996
vt 0.1041 0.12760000000000005
vt 0.0888 0.1804
vt 0.1041 0.11939999999999995
vt 0.1041 0.12029999999999996
vt 0.4494 0.1804
vt 0.4342 0.24050000000000005
vt 0.4342 0.24139999999999995
vt 0.4494 0.1804
vt 0.4342 0.23319999999999996
vt 0.4342 0.24050000000000005
vt 0.4494 0.1804
vt 0.4342 0.21960000000000002
vt 0.4342 0.23319999999999996
vt 0.4494 0.1804
vt 0.4342 0.20130000000000003
vt 0.4342 0.21960000000000002
vt 0.4494 0.1804
vt 0.4342 0.1804
vt 0.4342 0.20130000000000003
vt 0.4494 0.1804
vt 0.4342 0.15949999999999998
vt 0.4342 0.1804
vt 0.4494 0.1804
vt 0.4342 0.1412
vt 0.4342 0.15949999999999998
vt 0.4494 0.1804
vt 0.4342 0.12760000000000005
vt 0.4342 0.1412
vt 0.4494 0.1804
vt 0.4342 0.12029999999999996
vt 0.4342 0.12760000000000005
vt 0.4494 0.1804
vt 0.4342 0.11939999999999995
vt 0.4342 0.12029999999999996
vt 0.4037 0.2933
vt 0.4037 0.29500000000000004
vt 0.4342 0.24139999999999995
vt 0.4342 0.24050000000000005
vt 0.4342 0.24050000000000005
vt 0.4342 0.23319999999999996
vt 0.4037 0.27969999999999995
vt 0.4037 0.2933
vt 0.4342 0.23319999999999996
vt 0.4342 0.21960000000000002
vt 0.4037 0.2541
vt 0.4037 0.27969999999999995
vt 0.4342 0.21960000000000002
vt 0.4342 0.20130000000000003
vt 0.4037 0.21960000000000002
vt 0.4037 0.2541
vt 0.4342 0.20130000000000003
vt 0.4342 0.1804
vt 0.4037 0.1804
vt 0.4037 0.21960000000000002
vt 0.4342 0.1804
vt 0.4342 0.15949999999999998
vt 0.4037 0.1412
vt 0.4037 0.1804
vt 0.4342 0.15949999999999998
vt 0.4342 0.1412
vt 0.4037 0.10670000000000002
vt 0.4037 0.1412
vt 0.4342 0.1412
vt 0.4342 0.12760000000000005
vt 0.4037 0.08109999999999995
vt 0.4037 0.10670000000000002
vt 0.4342 0.12760000000000005
vt 0.4342 0.12029999999999996
vt 0.4037 0.0675
vt 0.4037 0.08109999999999995
vt 0.4037 0.06579999999999997
vt 0.4037 0.0675
vt 0.4342 0.12029999999999996
vt 0.4342 0.11939999999999995
vt 0.3569 0.3325
vt 0.3569 0.3348
vt 0.4037 0.29500000000000004
vt 0.4037 0.2933
vt 0.4037 0.2933
vt 0.4037 0.27969999999999995
vt 0.3569 0.31420000000000003
vt 0.3569 0.3325
vt 0.4037 0.27969999999999995
vt 0.4037 0.2541
vt 0.3569 0.27969999999999995
vt 0.3569 0.31420000000000003
vt 0.4037 0.2541
vt 0.4037 0.21960000000000002
vt 0.3569 0.23319999999999996
vt 0.3569 0.27969999999999995
vt 0.4037 0.21960000000000002
vt 0.4037 0.1804
vt 0.3569 0.1804
vt 0.3569 0.23319999999999996
vt 0.4037 0.1804
vt 0.4037 0.1412
vt 0.3569 0.12760000000000005
vt 0.3569 0.1804
vt 0.4037 0.1412
vt 0.4037 0.10670000000000002
vt 0.3569 0.08109999999999995
vt 0.3569 0.12760000000000005
vt 0.4037 0.10670000000000002
vt 0.4037 0.08109999999999995
vt 0.3569 0.046599999999999975
vt 0.3569 0.08109999999999995
vt 0.4037 0.08109999999999995
vt 0.4037 0.0675
vt 0.3569 0.028299999999999992
vt 0.3569 0.046599999999999975
vt 0.3569 0.026000000000000023
vt 0.3569 0.028299999999999992
vt 0.4037 0.0675
vt 0.4037 0.06579999999999997
vt 0.2996 0.35340000000000005
vt 0.2996 0.356
vt 0.3569 0.3348
vt 0.3569 0.3325
vt 0.3569 0.3325
vt 0.3569 0.31420000000000003
vt 0.2996 0.3325
vt 0.2996 0.35340000000000005
vt 0.3569 0.31420000000000003
vt 0.3569 0.27969999999999995
vt 0.2996 0.2933
vt 0.2996 0.3325
vt 0.3569 0.27969999999999995
vt 0.3569 0.23319999999999996
vt 0.2996 0.24050000000000005
vt 0.2996 0.2933
vt 0.3569 0.23319999999999996
vt 0.3569 0.1804
vt 0.2996 0.1804
vt 0.2996 0.24050000000000005
vt 0.3569 0.1804
vt 0.3569 0.12760000000000005
vt 0.2996 0.12029999999999996
vt 0.2996 0.1804
vt 0.3569 0.12760000000000005
vt 0.3569 0.08109999999999995
vt 0.2996 0.0675
vt 0.2996 0.12029999999999996
vt 0.3569 0.08109999999999995
vt 0.3569 0.046599999999999975
vt 0.2996 0.028299999999999992
vt 0.2996 0.0675
vt 0.3569 0.046599999999999975
vt 0.3569 0.028299999999999992
vt 0.2996 0.007399999999999962
vt 0.2996 0.028299999999999992
vt 0.2996 0.0048000000000000265
vt 0.2996 0.007399999999999962
vt 0.3569 0.028299999999999992
vt 0.3569 0.026000000000000023
vt 0.2386 0.35340000000000005
vt 0.2386 0.356
vt 0.2996 0.356
vt 0.2996 0.35340000000000005
vt 0.2996 0.35340000000000005
vt 0.2996 0.3325
vt 0.2386 0.3325
vt 0.2386 0.35340000000000005
vt 0.2996 0.3325
vt 0.2996 0.2933
vt 0.2386 0.2933
vt 0.2386 0.3325
vt 0.2996 0.2933
vt 0.2996 0.24050000000000005
vt 0.2386 0.24050000000000005
vt 0.2386 0.2933
vt 0.2996 0.24050000000000005
vt 0.2996 0.1804
vt 0.2386 0.1804
vt 0.2386 0.24050000000000005
vt 0.2996 0.1804
vt 0.2996 0.12029999999999996
vt 0.2386 0.12029999999999996
vt 0.2386 0.1804
vt 0.2996 0.12029999999999996
vt 0.2996 0.0675
vt 0.2386 0.0675
vt 0.2386 0.12029999999999996
vt 0.2996 0.0675
vt 0.2996 0.028299999999999992
vt 0.2386 0.028299999999999992
vt 0.2386 0.0675
vt 0.2996 0.028299999999999992
vt 0.2996 0.007399999999999962
vt 0.2386 0.007399999999999962
vt 0.2386 0.028299999999999992
vt 0.2386 0.0048000000000000265
vt 0.2386 0.007399999999999962
vt 0.2996 0.007399999999999962
vt 0.2996 0.0048000000000000265
vt 0.1813 0.3325
vt 0.1813 0.3348
vt 0.2386 0.356
vt 0.2386 0.35340000000000005
vt 0.2386 0.35340000000000005
vt 0.2386 0.3325
vt 0.1813 0.31420000000000003
vt 0.1813 0.3325
vt 0.2386 0.3325
vt 0.2386 0.2933
vt 0.1813 0.27969999999999995
vt 0.1813 0.31420000000000003
vt 0.2386 0.2933
vt 0.2386 0.24050000000000005
vt 0.1813 0.23319999999999996
vt 0.1813 0.27969999999999995
vt 0.2386 0.24050000000000005
vt 0.2386 0.1804
vt 0.1813 0.1804
vt 0.1813 0.23319999999999996
vt 0.2386 0.1804
vt 0.2386 0.12029999999999996
vt 0.1813 0.12760000000000005
vt 0.1813 0.1804
vt 0.2386 0.12029999999999996
vt 0.2386 0.0675
vt 0.1813 0.08109999999999995
vt 0.1813 0.12760000000000005
vt 0.2386 0.0675
vt 0.2386 0.028299999999999992
vt 0.1813 0.046599999999999975
vt 0.1813 0.08109999999999995
vt 0.2386 0.028299999999999992
vt 0.2386 0.007399999999999962
vt 0.1813 0.028299999999999992
vt 0.1813 0.046599999999999975
vt 0.1813 0.026000000000000023
vt 0.1813 0.028299999999999992
vt 0.2386 0.007399999999999962
vt 0.2386 0.0048000000000000265
vt 0.1346 0.2933
vt 0.1346 0.29500000000000004
vt 0.1813 0.3348
vt 0.1813 0.3325
vt 0.1813 0.3325
vt 0.1813 0.31420000000000003
vt 0.1346 0.27969999999999995
vt 0.1346 0.2933
vt 0.1813 0.31420000000000003
vt 0.1813 0.27969999999999995
vt 0.1346 0.2541
vt 0.1346 0.27969999999999995
vt 0.1813 0.27969999999999995
vt 0.1813 0.23319999999999996
vt 0.1346 0.21960000000000002
vt 0.1346 0.2541
vt 0.1813 0.23319999999999996
vt 0.1813 0.1804
vt 0.1346 0.1804
vt 0.1346 0.21960000000000002
vt 0.1813 0.1804
vt 0.1813 0.12760000000000005
vt 0.1346 0.1412
vt 0.1346 0.1804
vt 0.1813 0.12760000000000005
vt 0.1813 0.08109999999999995
vt 0.1346 0.10670000000000002
vt 0.1346 0.1412
vt 0.1813 0.08109999999999995
vt 0.1813 0.046599999999999975
vt 0.1346 0.08109999999999995
vt 0.1346 0.10670000000000002
vt 0.1813 0.046599999999999975
vt 0.1813 0.028299999999999992
vt 0.1346 0.0675
vt 0.1346 0.08109999999999995
vt 0.1346 0.06579999999999997
vt 0.1346 0.0675
vt 0.1813 0.028299999999999992
vt 0.1813 0.026000000000000023
vt 0.1041 0.24050000000000005
vt 0.1041 0.24139999999999995
vt 0.1346 0.29500000000000004
vt 0.1346 0.2933
vt 0.1346 0.2933
vt 0.1346 0.27969999999999995
vt 0.1041 0.23319999999999996
vt 0.1041 0.24050000000000005
vt 0.1346 0.27969999999999995
vt 0.1346 0.2541
vt 0.1041 0.21960000000000002
vt 0.1041 0.23319999999999996
vt 0.1346 0.2541
vt 0.1346 0.21960000000000002
vt 0.1041 0.20130000000000003
vt 0.1041 0.21960000000000002
vt 0.1346 0.21960000000000002
vt 0.1346 0.1804
vt 0.1041 0.1804
vt 0.1041 0.20130000000000003
vt 0.1346 0.1804
vt 0.1346 0.1412
vt 0.1041 0.15949999999999998
vt 0.1041 0.1804
vt 0.1346 0.1412
vt 0.1346 0.10670000000000002
vt 0.1041 0.1412
vt 0.1041 0.15949999999999998
vt 0.1346 0.10670000000000002
vt 0.1346 0.08109999999999995
vt 0.1041 0.12760000000000005
vt 0.1041 0.1412
vt 0.1346 0.08109999999999995
vt 0.1346 0.0675
vt 0.1041 0.12029999999999996
vt 0.1041 0.12760000000000005
vt 0.1041 0.11939999999999995
vt 0.1041 0.12029999999999996
vt 0.1346 0.0675
vt 0.1346 0.06579999999999997
vt 0.0888 0.1804
vt 0.1041 0.24139999999999995
vt 0.1041 0.24050000000000005
vt 0.0888 0.1804
vt 0.1041 0.24050000000000005
vt 0.1041 0.23319999999999996
vt 0.0888 0.1804
vt 0.1041 0.23319999999999996
vt 0.1041 0.21960000000000002
vt 0.0888 0.1804
vt 0.1041 0.21960000000000002
vt 0.1041 0.20130000000000003
vt 0.0888 0.1804
vt 0.1041 0.20130000000000003
vt 0.1041 0.1804
vt 0.0888 0.1804
vt 0.1041 0.1804
vt 0.1041 0.15949999999999998
vt 0.0888 0.1804
vt 0.1041 0.15949999999999998
vt 0.1041 0.1412
vt 0.0888 0.1804
vt 0.1041 0.1412
vt 0.1041 0.12760000000000005
vt 0.0888 0.1804
vt 0.1041 0.12760000000000005
vt 0.1041 0.12029999999999996
vt 0.0888 0.1804
vt 0.1041 0.12029999999999996
vt 0.1041 0.11939999999999995
vt 0.4494 0.1804
vt 0.4342 0.24139999999999995
vt 0.4342 0.24050000000000005
vt 0.4494 0.1804
vt 0.4342 0.24050000000000005
vt 0.4342 0.23319999999999996
vt 0.4494 0.1804
vt 0.4342 0.23319999999999996
vt 0.4342 0.21960000000000002
vt 0.4494 0.1804
vt 0.4342 0.21960000000000002
vt 0.4342 0.20130000000000003
vt 0.4494 0.1804
vt 0.4342 0.20130000000000003
vt 0.4342 0.1804
vt 0.4494 0.1804
vt 0.4342 0.1804
vt 0.4342 0.15949999999999998
vt 0.4494 0.1804
vt 0.4342 0.15949999999999998
vt 0.4342 0.1412
vt 0.4494 0.1804
vt 0.4342 0.1412
vt 0.4342 0.12760000000000005
vt 0.4494 0.1804
vt 0.4342 0.12760000000000005
vt 0.4342 0.12029999999999996
vt 0.4494 0.1804
vt 0.4342 0.12029999999999996
vt 0.4342 0.11939999999999995
vt 0.4037 0.2933
vt 0.4342 0.24050000000000005
vt 0.4342 0.24139999999999995
vt 0.4037 0.29500000000000004
vt 0.4342 0.24050000000000005
vt 0.4037 0.2933
vt 0.4037 0.27969999999999995
vt 0.4342 0.23319999999999996
vt 0.4342 0.23319999999999996
vt 0.4037 0.27969999999999995
vt 0.4037 0.2541
vt 0.4342 0.21960000000000002
vt 0.4342 0.21960000000000002
vt 0.4037 0.2541
vt 0.4037 0.21960000000000002
vt 0.4342 0.20130000000000003
vt 0.4342 0.20130000000000003
vt 0.4037 0.21960000000000002
vt 0.4037 0.1804
vt 0.4342 0.1804
vt 0.4342 0.1804
vt 0.4037 0.1804
vt 0.4037 0.1412
vt 0.4342 0.15949999999999998
vt 0.4342 0.15949999999999998
vt 0.4037 0.1412
vt 0.4037 0.10670000000000002
vt 0.4342 0.1412
vt 0.4342 0.1412
vt 0.4037 0.10670000000000002
vt 0.4037 0.08109999999999995
vt 0.4342 0.12760000000000005
vt 0.4342 0.12760000000000005
vt 0.4037 0.08109999999999995
vt 0.4037 0.0675
vt 0.4342 0.12029999999999996
vt 0.4037 0.06579999999999997
vt 0.4342 0.11939999999999995
vt 0.4342 0.12029999999999996
vt 0.4037 0.0675
vt 0.3569 0.3325
vt 0.4037 0.2933
vt 0.4037 0.29500000000000004
vt 0.3569 0.3348
vt 0.4037 0.2933
vt 0.3569 0.3325
vt 0.3569 0.31420000000000003
vt 0.4037 0.27969999999999995
vt 0.4037 0.27969999999999995
vt 0.3569 0.31420000000000003
vt 0.3569 0.27969999999999995
vt 0.4037 0.2541
vt 0.4037 0.2541
vt 0.3569 0.27969999999999995
vt 0.3569 0.23319999999999996
vt 0.4037 0.21960000000000002
vt 0.4037 0.21960000000000002
vt 0.3569 0.23319999999999996
vt 0.3569 0.1804
vt 0.4037 0.1804
vt 0.4037 0.1804
vt 0.3569 0.1804
vt 0.3569 0.12760000000000005
vt 0.4037 0.1412
vt 0.4037 0.1412
vt 0.3569 0.12760000000000005
vt 0.3569 0.08109999999999995
vt 0.4037 0.10670000000000002
vt 0.4037 0.10670000000000002
vt 0.3569 0.08109999999999995
vt 0.3569 0.046599999999999975
vt 0.4037 0.08109999999999995
vt 0.4037 0.08109999999999995
vt 0.3569 0.046599999999999975
vt 0.3569 0.028299999999999992
vt 0.4037 0.0675
vt 0.3569 0.026000000000000023
vt 0.4037 0.06579999999999997
vt 0.4037 0.0675
vt 0.3569 0.028299999999999992
vt 0.2996 0.35340000000000005
vt 0.3569 0.3325
vt 0.3569 0.3348
vt 0.2996 0.356
vt 0.3569 0.3325
vt 0.2996 0.35340000000000005
vt 0.2996 0.3325
vt 0.3569 0.31420000000000003
vt 0.3569 0.31420000000000003
vt 0.2996 0.3325
vt 0.2996 0.2933
vt 0.3569 0.27969999999999995
vt 0.3569 0.27969999999999995
vt 0.2996 0.2933
vt 0.2996 0.24050000000000005
vt 0.3569 0.23319999999999996
vt 0.3569 0.23319999999999996
vt 0.2996 0.24050000000000005
vt 0.2996 0.1804
vt 0.3569 0.1804
vt 0.3569 0.1804
vt 0.2996 0.1804
vt 0.2996 0.12029999999999996
vt 0.3569 0.12760000000000005
vt 0.3569 0.12760000000000005
vt 0.2996 0.12029999999999996
vt 0.2996 0.0675
vt 0.3569 0.08109999999999995
vt 0.3569 0.08109999999999995
vt 0.2996 0.0675
vt 0.2996 0.028299999999999992
vt 0.3569 0.046599999999999975
vt 0.3569 0.046599999999999975
vt 0.2996 0.028299999999999992
vt 0.2996 0.007399999999999962
vt 0.3569 0.028299999999999992
vt 0.2996 0.0048000000000000265
vt 0.3569 0.026000000000000023
vt 0.3569 0.028299999999999992
vt 0.2996 0.007399999999999962
vt 0.2386 0.35340000000000005
vt 0.2996 0.35340000000000005
vt 0.2996 0.356
vt 0.2386 0.356
vt 0.2996 0.35340000000000005
vt 0.2386 0.35340000000000005
vt 0.2386 0.3325
vt 0.2996 0.3325
vt 0.2996 0.3325
vt 0.2386 0.3325
vt 0.2386 0.2933
vt 0.2996 0.2933
vt 0.2996 0.2933
vt 0.2386 0.2933
vt 0.2386 0.24050000000000005
vt 0.2996 0.24050000000000005
vt 0.2996 0.24050000000000005
vt 0.2386 0.24050000000000005
vt 0.2386 0.1804
vt 0.2996 0.1804
vt 0.2996 0.1804
vt 0.2386 0.1804
vt 0.2386 0.12029999999999996
vt 0.2996 0.12029999999999996
vt 0.2996 0.12029999999999996
vt 0.2386 0.12029999999999996
vt 0.2386 0.0675
vt 0.2996 0.0675
vt 0.2996 0.0675
vt 0.2386 0.0675
vt 0.2386 0.028299999999999992
vt 0.2996 0.028299999999999992
vt 0.2996 0.028299999999999992
vt 0.2386 0.028299999999999992
vt 0.2386 0.007399999999999962
vt 0.2996 0.007399999999999962
vt 0.2386 0.0048000000000000265
vt 0.2996 0.0048000000000000265
vt 0.2996 0.007399999999999962
vt 0.2386 0.007399999999999962
vt 0.1813 0.3325
vt 0.2386 0.35340000000000005
vt 0.2386 0.356
vt 0.1813 0.3348
vt 0.2386 0.35340000000000005
vt 0.1813 0.3325
vt 0.1813 0.31420000000000003
vt 0.2386 0.3325
vt 0.2386 0.3325
vt 0.1813 0.31420000000000003
vt 0.1813 0.27969999999999995
vt 0.2386 0.2933
vt 0.2386 0.2933
vt 0.1813 0.27969999999999995
vt 0.1813 0.23319999999999996
vt 0.2386 0.24050000000000005
vt 0.2386 0.24050000000000005
vt 0.1813 0.23319999999999996
vt 0.1813 0.1804
vt 0.2386 0.1804
vt 0.2386 0.1804
vt 0.1813 0.1804
vt 0.1813 0.12760000000000005
vt 0.2386 0.12029999999999996
vt 0.2386 0.12029999999999996
vt 0.1813 0.12760000000000005
vt 0.1813 0.08109999999999995
vt 0.2386 0.0675
vt 0.2386 0.0675
vt 0.1813 0.08109999999999995
vt 0.1813 0.046599999999999975
vt 0.2386 0.028299999999999992
vt 0.2386 0.028299999999999992
vt 0.1813 0.046599999999999975
vt 0.1813 0.028299999999999992
vt 0.2386 0.007399999999999962
vt 0.1813 0.026000000000000023
vt 0.2386 0.0048000000000000265
vt 0.2386 0.007399999999999962
vt 0.1813 0.028299999999999992
vt 0.1346 0.2933
vt 0.1813 0.3325
vt 0.1813 0.3348
vt 0.1346 0.29500000000000004
vt 0.1813 0.3325
vt 0.1346 0.2933
vt 0.1346 0.27969999999999995
vt 0.1813 0.31420000000000003
vt 0.1813 0.31420000000000003
vt 0.1346 0.27969999999999995
vt 0.1346 0.2541
vt 0.1813 0.27969999999999995
vt 0.1813 0.27969999999999995
vt 0.1346 0.2541
vt 0.1346 0.21960000000000002
vt 0.1813 0.23319999999999996
vt 0.1813 0.23319999999999996
vt 0.1346 0.21960000000000002
vt 0.1346 0.1804
vt 0.1813 0.1804
vt 0.1813 0.1804
vt 0.1346 0.1804
vt 0.1346 0.1412
vt 0.1813 0.12760000000000005
vt 0.1813 0.12760000000000005
vt 0.1346 0.1412
vt 0.1346 0.10670000000000002
vt 0.1813 0.08109999999999995
vt 0.1813 0.08109999999999995
vt 0.1346 0.10670000000000002
vt 0.1346 0.08109999999999995
vt 0.1813 0.046599999999999975
vt 0.1813 0.046599999999999975
vt 0.1346 0.08109999999999995
vt 0.1346 0.0675
vt 0.1813 0.028299999999999992
vt 0.1346 0.06579999999999997
vt 0.1813 0.026000000000000023
vt 0.1813 0.028299999999999992
vt 0.1346 0.0675
vt 0.1041 0.24050000000000005
vt 0.1346 0.2933
vt 0.1346 0.29500000000000004
vt 0.1041 0.24139999999999995
vt 0.1346 0.2933
vt 0.1041 0.24050000000000005
vt 0.1041 0.23319999999999996
vt 0.1346 0.27969999999999995
vt 0.1346 0.27969999999999995
vt 0.1041 0.23319999999999996
vt 0.1041 0.21960000000000002
vt 0.1346 0.2541
vt 0.1346 0.2541
vt 0.1041 0.21960000000000002
vt 0.1041 0.20130000000000003
vt 0.1346 0.21960000000000002
vt 0.1346 0.21960000000000002
vt 0.1041 0.20130000000000003
vt 0.1041 0.1804
vt 0.1346 0.1804
vt 0.1346 0.1804
vt 0.1041 0.1804
vt 0.1041 0.15949999999999998
vt 0.1346 0.1412
vt 0.1346 0.1412
vt 0.1041 0.15949999999999998
vt 0.1041 0.1412
vt 0.1346 0.10670000000000002
vt 0.1346 0.10670000000000002
vt 0.1041 0.1412
vt 0.1041 0.12760000000000005
vt 0.1346 0.08109999999999995
vt 0.1346 0.08109999999999995
vt 0.1041 0.12760000000000005
vt 0.1041 0.12029999999999996
vt 0.1346 0.0675
vt 0.1041 0.11939999999999995
vt 0.1346 0.06579999999999997
vt 0.1346 0.0675
vt 0.1041 0.12029999999999996
vt 0.0888 0.1804
vt 0.1041 0.24050000000000005
vt 0.1041 0.24139999999999995
vt 0.0888 0.1804
vt 0.1041 0.23319999999999996
vt 0.1041 0.24050000000000005
vt 0.0888 0.1804
vt 0.1041 0.21960000000000002
vt 0.1041 0.23319999999999996
vt 0.0888 0.1804
vt 0.1041 0.20130000000000003
vt 0.1041 0.21960000000000002
vt 0.0888 0.1804
vt 0.1041 0.1804
vt 0.1041 0.20130000000000003
vt 0.0888 0.1804
vt 0.1041 0.15949999999999998
vt 0.1041 0.1804
vt 0.0888 0.1804
vt 0.1041 0.1412
vt 0.1041 0.15949999999999998
vt 0.0888 0.1804
vt 0.1041 0.12760000000000005
vt 0.1041 0.1412
vt 0.0888 0.1804
vt 0.1041 0.12029999999999996
vt 0.1041 0.12760000000000005
vt 0.0888 0.1804
vt 0.1041 0.11939999999999995
vt 0.1041 0.12029999999999996
vt 0.4494 0.1804
vt 0.4342 0.24050000000000005
vt 0.4342 0.24139999999999995
vt 0.4494 0.1804
vt 0.4342 0.23319999999999996
vt 0.4342 0.24050000000000005
vt 0.4494 0.1804
vt 0.4342 0.21960000000000002
vt 0.4342 0.23319999999999996
vt 0.4494 0.1804
vt 0.4342 0.20130000000000003
vt 0.4342 0.21960000000000002
vt 0.4494 0.1804
vt 0.4342 0.1804
vt 0.4342 0.20130000000000003
vt 0.4494 0.1804
vt 0.4342 0.15949999999999998
vt 0.4342 0.1804
vt 0.4494 0.1804
vt 0.4342 0.1412
vt 0.4342 0.15949999999999998
vt 0.4494 0.1804
vt 0.4342 0.12760000000000005
vt 0.4342 0.1412
vt 0.4494 0.1804
vt 0.4342 0.12309999999999999
vt 0.4342 0.12760000000000005
vt 0.4494 0.1804
vt 0.4342 0.12029999999999996
vt 0.4342 0.12309999999999999
vt 0.4494 0.1804
vt 0.4342 0.11939999999999995
vt 0.4342 0.12029999999999996
vt 0.4037 0.2933
vt 0.4037 0.29500000000000004
vt 0.4342 0.24139999999999995
vt 0.4342 0.24050000000000005
vt 0.4342 0.24050000000000005
vt 0.4342 0.23319999999999996
vt 0.4037 0.27969999999999995
vt 0.4037 0.2933
vt 0.4342 0.23319999999999996
vt 0.4342 0.21960000000000002
vt 0.4037 0.2541
vt 0.4037 0.27969999999999995
vt 0.4342 0.21960000000000002
vt 0.4342 0.20130000000000003
vt 0.4037 0.21960000000000002
vt 0.4037 0.2541
vt 0.4342 0.20130000000000003
vt 0.4342 0.1804
vt 0.4037 0.1804
vt 0.4037 0.21960000000000002
vt 0.4342 0.1804
vt 0.4342 0.15949999999999998
vt 0.4037 0.1412
vt 0.4037 0.1804
vt 0.4342 0.15949999999999998
vt 0.4342 0.1412
vt 0.4037 0.10670000000000002
vt 0.4037 0.1412
vt 0.4342 0.1412
vt 0.4342 0.12760000000000005
vt 0.4037 0.08109999999999995
vt 0.4037 0.10670000000000002
vt 0.4037 0.07269999999999999
vt 0.4037 0.08109999999999995
vt 0.4342 0.12760000000000005
vt 0.4342 0.12309999999999999
vt 0.4037 0.0675
vt 0.4037 0.07269999999999999
vt 0.4342 0.12309999999999999
vt 0.4342 0.12029999999999996
vt 0.4037 0.06579999999999997
vt 0.4037 0.0675
vt 0.4342 0.12029999999999996
vt 0.4342 0.11939999999999995
vt 0.3569 0.3325
vt 0.3569 0.3348
vt 0.4037 0.29500000000000004
vt 0.4037 0.2933
vt 0.4037 0.2933
vt 0.4037 0.27969999999999995
vt 0.3569 0.31420000000000003
vt 0.3569 0.3325
vt 0.4037 0.27969999999999995
vt 0.4037 0.2541
vt 0.3569 0.27969999999999995
vt 0.3569 0.31420000000000003
vt 0.4037 0.2541
vt 0.4037 0.21960000000000002
vt 0.3569 0.23319999999999996
vt 0.3569 0.27969999999999995
vt 0.4037 0.21960000000000002
vt 0.4037 0.1804
vt 0.3569 0.1804
vt 0.3569 0.23319999999999996
vt 0.4037 0.1804
vt 0.4037 0.1412
vt 0.3569 0.12760000000000005
vt 0.3569 0.1804
vt 0.4037 0.1412
vt 0.4037 0.10670000000000002
vt 0.3569 0.08109999999999995
vt 0.3569 0.12760000000000005
vt 0.4037 0.10670000000000002
vt 0.4037 0.08109999999999995
vt 0.3569 0.046599999999999975
vt 0.3569 0.08109999999999995
vt 0.3569 0.0353
vt 0.3569 0.046599999999999975
vt 0.4037 0.08109999999999995
vt 0.4037 0.07269999999999999
vt 0.3569 0.028299999999999992
vt 0.3569 0.0353
vt 0.4037 0.07269999999999999
vt 0.4037 0.0675
vt 0.3569 0.026000000000000023
vt 0.3569 0.028299999999999992
vt 0.4037 0.0675
vt 0.4037 0.06579999999999997
vt 0.2996 0.35340000000000005
vt 0.2996 0.356
vt 0.3569 0.3348
vt 0.3569 0.3325
vt 0.3569 0.3325
vt 0.3569 0.31420000000000003
vt 0.2996 0.3325
vt 0.2996 0.35340000000000005
vt 0.3569 0.31420000000000003
vt 0.3569 0.27969999999999995
vt 0.2996 0.2933
vt 0.2996 0.3325
vt 0.3569 0.27969999999999995
vt 0.3569 0.23319999999999996
vt 0.2996 0.24050000000000005
vt 0.2996 0.2933
vt 0.3569 0.23319999999999996
vt 0.3569 0.1804
vt 0.2996 0.1804
vt 0.2996 0.24050000000000005
vt 0.3569 0.1804
vt 0.3569 0.12760000000000005
vt 0.2996 0.12029999999999996
vt 0.2996 0.1804
vt 0.3569 0.12760000000000005
vt 0.3569 0.08109999999999995
vt 0.2996 0.0675
vt 0.2996 0.12029999999999996
vt 0.3569 0.08109999999999995
vt 0.3569 0.046599999999999975
vt 0.2996 0.028299999999999992
vt 0.2996 0.0675
vt 0.2996 0.01539999999999997
vt 0.2996 0.028299999999999992
vt 0.3569 0.046599999999999975
vt 0.3569 0.0353
vt 0.2996 0.007399999999999962
vt 0.2996 0.01539999999999997
vt 0.3569 0.0353
vt 0.3569 0.028299999999999992
vt 0.2996 0.0048000000000000265
vt 0.2996 0.007399999999999962
vt 0.3569 0.028299999999999992
vt 0.3569 0.026000000000000023
vt 0.2386 0.35340000000000005
vt 0.2386 0.356
vt 0.2996 0.356
vt 0.2996 0.35340000000000005
vt 0.2996 0.35340000000000005
vt 0.2996 0.3325
vt 0.2386 0.3325
vt 0.2386 0.35340000000000005
vt 0.2996 0.3325
vt 0.2996 0.2933
vt 0.2386 0.2933
vt 0.2386 0.3325
vt 0.2996 0.2933
vt 0.2996 0.24050000000000005
vt 0.2386 0.24050000000000005
vt 0.2386 0.2933
vt 0.2996 0.24050000000000005
vt 0.2996 0.1804
vt 0.2386 0.1804
vt 0.2386 0.24050000000000005
vt 0.2996 0.1804
vt 0.2996 0.12029999999999996
vt 0.2386 0.12029999999999996
vt 0.2386 0.1804
vt 0.2996 0.12029999999999996
vt 0.2996 0.0675
vt 0.2386 0.0675
vt 0.2386 0.12029999999999996
vt 0.2996 0.0675
vt 0.2996 0.028299999999999992
vt 0.2386 0.028299999999999992
vt 0.2386 0.0675
vt 0.2996 0.01539999999999997
vt 0.2386 0.007399999999999962
vt 0.2996 0.007399999999999962
vt 0.2996 0.028299999999999992
vt 0.2996 0.028299999999999992
vt 0.2386 0.007399999999999962
vt 0.2386 0.028299999999999992
vt 0.2386 0.0048000000000000265
vt 0.2386 0.007399999999999962
vt 0.2996 0.007399999999999962
vt 0.2996 0.0048000000000000265
vt 0.1813 0.3325
vt 0.1813 0.3348
vt 0.2386 0.356
vt 0.2386 0.35340000000000005
vt 0.2386 0.35340000000000005
vt 0.2386 0.3325
vt 0.1813 0.31420000000000003
vt 0.1813 0.3325
vt 0.2386 0.3325
vt 0.2386 0.2933
vt 0.1813 0.27969999999999995
vt 0.1813 0.31420000000000003
vt 0.2386 0.2933
vt 0.2386 0.24050000000000005
vt 0.1813 0.23319999999999996
vt 0.1813 0.27969999999999995
vt 0.2386 0.24050000000000005
vt 0.2386 0.1804
vt 0.1813 0.1804
vt 0.1813 0.23319999999999996
vt 0.2386 0.1804
vt 0.2386 0.12029999999999996
vt 0.1813 0.12760000000000005
vt 0.1813 0.1804
vt 0.2386 0.12029999999999996
vt 0.2386 0.0675
vt 0.1813 0.08109999999999995
vt 0.1813 0.12760000000000005
vt 0.2386 0.0675
vt 0.2386 0.028299999999999992
vt 0.1813 0.046599999999999975
vt 0.1813 0.08109999999999995
vt 0.2386 0.007399999999999962
vt 0.1813 0.028299999999999992
vt 0.1813 0.0353
vt 0.2386 0.028299999999999992
vt 0.2386 0.028299999999999992
vt 0.1813 0.0353
vt 0.1813 0.046599999999999975
vt 0.1813 0.026000000000000023
vt 0.1813 0.028299999999999992
vt 0.2386 0.007399999999999962
vt 0.2386 0.0048000000000000265
vt 0.1346 0.2933
vt 0.1346 0.29500000000000004
vt 0.1813 0.3348
vt 0.1813 0.3325
vt 0.1813 0.3325
vt 0.1813 0.31420000000000003
vt 0.1346 0.27969999999999995
vt 0.1346 0.2933
vt 0.1813 0.31420000000000003
vt 0.1813 0.27969999999999995
vt 0.1346 0.2541
vt 0.1346 0.27969999999999995
vt 0.1813 0.27969999999999995
vt 0.1813 0.23319999999999996
vt 0.1346 0.21960000000000002
vt 0.1346 0.2541
vt 0.1813 0.23319999999999996
vt 0.1813 0.1804
vt 0.1346 0.1804
vt 0.1346 0.21960000000000002
vt 0.1813 0.1804
vt 0.1813 0.12760000000000005
vt 0.1346 0.1412
vt 0.1346 0.1804
vt 0.1813 0.12760000000000005
vt 0.1813 0.08109999999999995
vt 0.1346 0.10670000000000002
vt 0.1346 0.1412
vt 0.1813 0.08109999999999995
vt 0.1813 0.046599999999999975
vt 0.1346 0.08109999999999995
vt 0.1346 0.10670000000000002
vt 0.1346 0.07269999999999999
vt 0.1346 0.08109999999999995
vt 0.1813 0.046599999999999975
vt 0.1813 0.0353
vt 0.1346 0.0675
vt 0.1346 0.07269999999999999
vt 0.1813 0.0353
vt 0.1813 0.028299999999999992
vt 0.1346 0.06579999999999997
vt 0.1346 0.0675
vt 0.1813 0.028299999999999992
vt 0.1813 0.026000000000000023
vt 0.1041 0.24050000000000005
vt 0.1041 0.24139999999999995
vt 0.1346 0.29500000000000004
vt 0.1346 0.2933
vt 0.1346 0.2933
vt 0.1346 0.27969999999999995
vt 0.1041 0.23319999999999996
vt 0.1041 0.24050000000000005
vt 0.1346 0.27969999999999995
vt 0.1346 0.2541
vt 0.1041 0.21960000000000002
vt 0.1041 0.23319999999999996
vt 0.1346 0.2541
vt 0.1346 0.21960000000000002
vt 0.1041 0.20130000000000003
vt 0.1041 0.21960000000000002
vt 0.1346 0.21960000000000002
vt 0.1346 0.1804
vt 0.1041 0.1804
vt 0.1041 0.20130000000000003
vt 0.1346 0.1804
vt 0.1346 0.1412
vt 0.1041 0.15949999999999998
vt 0.1041 0.1804
vt 0.1346 0.1412
vt 0.1346 0.10670000000000002
vt 0.1041 0.1412
vt 0.1041 0.15949999999999998
vt 0.1346 0.10670000000000002
vt 0.1346 0.08109999999999995
vt 0.1041 0.12760000000000005
vt 0.1041 0.1412
vt 0.1041 0.12309999999999999
vt 0.1041 0.12760000000000005
vt 0.1346 0.08109999999999995
vt 0.1346 0.07269999999999999
vt 0.1041 0.12029999999999996
vt 0.1041 0.12309999999999999
vt 0.1346 0.07269999999999999
vt 0.1346 0.0675
vt 0.1041 0.11939999999999995
vt 0.1041 0.12029999999999996
vt 0.1346 0.0675
vt 0.1346 0.06579999999999997
vt 0.0888 0.1804
vt 0.1041 0.24139999999999995
vt 0.1041 0.24050000000000005
vt 0.0888 0.1804
vt 0.1041 0.24050000000000005
vt 0.1041 0.23319999999999996
vt 0.0888 0.1804
vt 0.1041 0.23319999999999996
vt 0.1041 0.21960000000000002
vt 0.0888 0.1804
vt 0.1041 0.21960000000000002
vt 0.1041 0.20130000000000003
vt 0.0888 0.1804
vt 0.1041 0.20130000000000003
vt 0.1041 0.1804
vt 0.0888 0.1804
vt 0.1041 0.1804
vt 0.1041 0.15949999999999998
vt 0.0888 0.1804
vt 0.1041 0.15949999999999998
vt 0.1041 0.1412
vt 0.0888 0.1804
vt 0.1041 0.1412
vt 0.1041 0.12760000000000005
vt 0.0888 0.1804
vt 0.1041 0.12760000000000005
vt 0.1041 0.12309999999999999
vt 0.0888 0.1804
vt 0.1041 0.12309999999999999
vt 0.1041 0.12029999999999996
vt 0.0888 0.1804
vt 0.1041 0.12029999999999996
vt 0.1041 0.11939999999999995
vt 0.4494 0.1804
vt 0.4342 0.24139999999999995
vt 0.4342 0.24050000000000005
vt 0.4494 0.1804
vt 0.4342 0.24050000000000005
vt 0.4342 0.23319999999999996
vt 0.4494 0.1804
vt 0.4342 0.23319999999999996
vt 0.4342 0.21960000000000002
vt 0.4494 0.1804
vt 0.4342 0.21960000000000002
vt 0.4342 0.20130000000000003
vt 0.4494 0.1804
vt 0.4342 0.20130000000000003
vt 0.4342 0.1804
vt 0.4494 0.1804
vt 0.4342 0.1804
vt 0.4342 0.15949999999999998
vt 0.4494 0.1804
vt 0.4342 0.15949999999999998
vt 0.4342 0.1412
vt 0.4494 0.1804
vt 0.4342 0.1412
vt 0.4342 0.12760000000000005
vt 0.4494 0.1804
vt 0.4342 0.12760000000000005
vt 0.4342 0.12029999999999996
vt 0.4494 0.1804
vt 0.4342 0.12029999999999996
vt 0.4342 0.11939999999999995
vt 0.4037 0.2933
vt 0.4342 0.24050000000000005
vt 0.4342 0.24139999999999995
vt 0.4037 0.29500000000000004
vt 0.4342 0.24050000000000005
vt 0.4037 0.2933
vt 0.4037 0.27969999999999995
vt 0.4342 0.23319999999999996
vt 0.4342 0.23319999999999996
vt 0.4037 0.27969999999999995
vt 0.4037 0.2541
vt 0.4342 0.21960000000000002
vt 0.4342 0.21960000000000002
vt 0.4037 0.2541
vt 0.4037 0.21960000000000002
vt 0.4342 0.20130000000000003
vt 0.4342 0.20130000000000003
vt 0.4037 0.21960000000000002
vt 0.4037 0.1804
vt 0.4342 0.1804
vt 0.4342 0.1804
vt 0.4037 0.1804
vt 0.4037 0.1412
vt 0.4342 0.15949999999999998
vt 0.4342 0.15949999999999998
vt 0.4037 0.1412
vt 0.4037 0.10670000000000002
vt 0.4342 0.1412
vt 0.4342 0.1412
vt 0.4037 0.10670000000000002
vt 0.4037 0.08109999999999995
vt 0.4342 0.12760000000000005
vt 0.4342 0.12760000000000005
vt 0.4037 0.08109999999999995
vt 0.4037 0.0675
vt 0.4342 0.12029999999999996
vt 0.4037 0.06579999999999997
vt 0.4342 0.11939999999999995
vt 0.4342 0.12029999999999996
vt 0.4037 0.0675
vt 0.3569 0.3325
vt 0.4037 0.2933
vt 0.4037 0.29500000000000004
vt 0.3569 0.3348
vt 0.4037 0.2933
vt 0.3569 0.3325
vt 0.3569 0.31420000000000003
vt 0.4037 0.27969999999999995
vt 0.4037 0.27969999999999995
vt 0.3569 0.31420000000000003
vt 0.3569 0.27969999999999995
vt 0.4037 0.2541
vt 0.4037 0.2541
vt 0.3569 0.27969999999999995
vt 0.3569 0.23319999999999996
vt 0.4037 0.21960000000000002
vt 0.4037 0.21960000000000002
vt 0.3569 0.23319999999999996
vt 0.3569 0.1804
vt 0.4037 0.1804
vt 0.4037 0.1804
vt 0.3569 0.1804
vt 0.3569 0.12760000000000005
vt 0.4037 0.1412
vt 0.4037 0.1412
vt 0.3569 0.12760000000000005
vt 0.3569 0.08109999999999995
vt 0.4037 0.10670000000000002
vt 0.4037 0.10670000000000002
vt 0.3569 0.08109999999999995
vt 0.3569 0.046599999999999975
vt 0.4037 0.08109999999999995
vt 0.4037 0.08109999999999995
vt 0.3569 0.046599999999999975
vt 0.3569 0.028299999999999992
vt 0.4037 0.0675
vt 0.3569 0.026000000000000023
vt 0.4037 0.06579999999999997
vt 0.4037 0.0675
vt 0.3569 0.028299999999999992
vt 0.2996 0.35340000000000005
vt 0.3569 0.3325
vt 0.3569 0.3348
vt 0.2996 0.356
vt 0.3569 0.3325
vt 0.2996 0.35340000000000005
vt 0.2996 0.3325
vt 0.3569 0.31420000000000003
vt 0.3569 0.31420000000000003
vt 0.2996 0.3325
vt 0.2996 0.2933
vt 0.3569 0.27969999999999995
vt 0.3569 0.27969999999999995
vt 0.2996 0.2933
vt 0.2996 0.24050000000000005
vt 0.3569 0.23319999999999996
vt 0.3569 0.23319999999999996
vt 0.2996 0.24050000000000005
vt 0.2996 0.1804
vt 0.3569 0.1804
vt 0.3569 0.1804
vt 0.2996 0.1804
vt 0.2996 0.12029999999999996
vt 0.3569 0.12760000000000005
vt 0.3569 0.12760000000000005
vt 0.2996 0.12029999999999996
vt 0.2996 0.0675
vt 0.3569 0.08109999999999995
vt 0.3569 0.08109999999999995
vt 0.2996 0.0675
vt 0.2996 0.028299999999999992
vt 0.3569 0.046599999999999975
vt 0.3569 0.046599999999999975
vt 0.2996 0.028299999999999992
vt 0.2996 0.007399999999999962
vt 0.3569 0.028299999999999992
vt 0.2996 0.0048000000000000265
vt 0.3569 0.026000000000000023
vt 0.3569 0.028299999999999992
vt 0.2996 0.007399999999999962
vt 0.2386 0.35340000000000005
vt 0.2996 0.35340000000000005
vt 0.2996 0.356
vt 0.2386 0.356
vt 0.2996 0.35340000000000005
vt 0.2386 0.35340000000000005
vt 0.2386 0.3325
vt 0.2996 0.3325
vt 0.2996 0.3325
vt 0.2386 0.3325
vt 0.2386 0.2933
vt 0.2996 0.2933
vt 0.2996 0.2933
vt 0.2386 0.2933
vt 0.2386 0.24050000000000005
vt 0.2996 0.24050000000000005
vt 0.2996 0.24050000000000005
vt 0.2386 0.24050000000000005
vt 0.2386 0.1804
vt 0.2996 0.1804
vt 0.2996 0.1804
vt 0.2386 0.1804
vt 0.2386 0.12029999999999996
vt 0.2996 0.12029999999999996
vt 0.2996 0.12029999999999996
vt 0.2386 0.12029999999999996
vt 0.2386 0.0675
vt 0.2996 0.0675
vt 0.2996 0.0675
vt 0.2386 0.0675
vt 0.2386 0.028299999999999992
vt 0.2996 0.028299999999999992
vt 0.2996 0.028299999999999992
vt 0.2386 0.028299999999999992
vt 0.2386 0.007399999999999962
vt 0.2996 0.007399999999999962
vt 0.2386 0.0048000000000000265
vt 0.2996 0.0048000000000000265
vt 0.2996 0.007399999999999962
vt 0.2386 0.007399999999999962
vt 0.1813 0.3325
vt 0.2386 0.35340000000000005
vt 0.2386 0.356
vt 0.1813 0.3348
vt 0.2386 0.35340000000000005
vt 0.1813 0.3325
vt 0.1813 0.31420000000000003
vt 0.2386 0.3325
vt 0.2386 0.3325
vt 0.1813 0.31420000000000003
vt 0.1813 0.27969999999999995
vt 0.2386 0.2933
vt 0.2386 0.2933
vt 0.1813 0.27969999999999995
vt 0.1813 0.23319999999999996
vt 0.2386 0.24050000000000005
vt 0.2386 0.24050000000000005
vt 0.1813 0.23319999999999996
vt 0.1813 0.1804
vt 0.2386 0.1804
vt 0.2386 0.1804
vt 0.1813 0.1804
vt 0.1813 0.12760000000000005
vt 0.2386 0.12029999999999996
vt 0.2386 0.12029999999999996
vt 0.1813 0.12760000000000005
vt 0.1813 0.08109999999999995
vt 0.2386 0.0675
vt 0.2386 0.0675
vt 0.1813 0.08109999999999995
vt 0.1813 0.046599999999999975
vt 0.2386 0.028299999999999992
vt 0.2386 0.028299999999999992
vt 0.1813 0.046599999999999975
vt 0.1813 0.028299999999999992
vt 0.2386 0.007399999999999962
vt 0.1813 0.026000000000000023
vt 0.2386 0.0048000000000000265
vt 0.2386 0.007399999999999962
vt 0.1813 0.028299999999999992
vt 0.1346 0.2933
vt 0.1813 0.3325
vt 0.1813 0.3348
vt 0.1346 0.29500000000000004
vt 0.1813 0.3325
vt 0.1346 0.2933
vt 0.1346 0.27969999999999995
vt 0.1813 0.31420000000000003
vt 0.1813 0.31420000000000003
vt 0.1346 0.27969999999999995
vt 0.1346 0.2541
vt 0.1813 0.27969999999999995
vt 0.1813 0.27969999999999995
vt 0.1346 0.2541
vt 0.1346 0.21960000000000002
vt 0.1813 0.23319999999999996
vt 0.1813 0.23319999999999996
vt 0.1346 0.21960000000000002
vt 0.1346 0.1804
vt 0.1813 0.1804
vt 0.1813 0.1804
vt 0.1346 0.1804
vt 0.1346 0.1412
vt 0.1813 0.12760000000000005
vt 0.1813 0.12760000000000005
vt 0.1346 0.1412
vt 0.1346 0.10670000000000002
vt 0.1813 0.08109999999999995
vt 0.1813 0.08109999999999995
vt 0.1346 0.10670000000000002
vt 0.1346 0.08109999999999995
vt 0.1813 0.046599999999999975
vt 0.1813 0.046599999999999975
vt 0.1346 0.08109999999999995
vt 0.1346 0.0675
vt 0.1813 0.028299999999999992
vt 0.1346 0.06579999999999997
vt 0.1813 0.026000000000000023
vt 0.1813 0.028299999999999992
vt 0.1346 0.0675
vt 0.1041 0.24050000000000005
vt 0.1346 0.2933
vt 0.1346 0.29500000000000004
vt 0.1041 0.24139999999999995
vt 0.1346 0.2933
vt 0.1041 0.24050000000000005
vt 0.1041 0.23319999999999996
vt 0.1346 0.27969999999999995
vt 0.1346 0.27969999999999995
vt 0.1041 0.23319999999999996
vt 0.1041 0.21960000000000002
vt 0.1346 0.2541
vt 0.1346 0.2541
vt 0.1041 0.21960000000000002
vt 0.1041 0.20130000000000003
vt 0.1346 0.21960000000000002
vt 0.1346 0.21960000000000002
vt 0.1041 0.20130000000000003
vt 0.1041 0.1804
vt 0.1346 0.1804
vt 0.1346 0.1804
vt 0.1041 0.1804
vt 0.1041 0.15949999999999998
vt 0.1346 0.1412
vt 0.1346 0.1412
vt 0.1041 0.15949999999999998
vt 0.1041 0.1412
vt 0.1346 0.10670000000000002
vt 0.1346 0.10670000000000002
vt 0.1041 0.1412
vt 0.1041 0.12760000000000005
vt 0.1346 0.08109999999999995
vt 0.1346 0.08109999999999995
vt 0.1041 0.12760000000000005
vt 0.1041 0.12029999999999996
vt 0.1346 0.0675
vt 0.1041 0.11939999999999995
vt 0.1346 0.06579999999999997
vt 0.1346 0.0675
vt 0.1041 0.12029999999999996
vt 0.0888 0.1804
vt 0.1041 0.24050000000000005
vt 0.1041 0.24139999999999995
vt 0.0888 0.1804
vt 0.1041 0.23319999999999996
vt 0.1041 0.24050000000000005
vt 0.0888 0.1804
vt 0.1041 0.21960000000000002
vt 0.1041 0.23319999999999996
vt 0.0888 0.1804
vt 0.1041 0.20130000000000003
vt 0.1041 0.21960000000000002
vt 0.0888 0.1804
vt 0.1041 0.1804
vt 0.1041 0.20130000000000003
vt 0.0888 0.1804
vt 0.1041 0.15949999999999998
vt 0.1041 0.1804
vt 0.0888 0.1804
vt 0.1041 0.1412
vt 0.1041 0.15949999999999998
vt 0.0888 0.1804
vt 0.1041 0.12760000000000005
vt 0.1041 0.1412
vt 0.0888 0.1804
vt 0.1041 0.12029999999999996
vt 0.1041 0.12760000000000005
vt 0.0888 0.1804
vt 0.1041 0.11939999999999995
vt 0.1041 0.12029999999999996
vt 0.4494 0.1804
vt 0.4342 0.24139999999999995
vt 0.4342 0.24050000000000005
vt 0.4494 0.1804
vt 0.4342 0.24050000000000005
vt 0.4342 0.23319999999999996
vt 0.4494 0.1804
vt 0.4342 0.23319999999999996
vt 0.4342 0.21960000000000002
vt 0.4494 0.1804
vt 0.4342 0.21960000000000002
vt 0.4342 0.20130000000000003
vt 0.4494 0.1804
vt 0.4342 0.20130000000000003
vt 0.4342 0.1804
vt 0.4494 0.1804
vt 0.4342 0.1804
vt 0.4342 0.15949999999999998
vt 0.4494 0.1804
vt 0.4342 0.15949999999999998
vt 0.4342 0.1412
vt 0.4494 0.1804
vt 0.4342 0.1412
vt 0.4342 0.12760000000000005
vt 0.4494 0.1804
vt 0.4342 0.12760000000000005
vt 0.4342 0.12029999999999996
vt 0.4494 0.1804
vt 0.4342 0.12029999999999996
vt 0.4342 0.11939999999999995
vt 0.4037 0.2933
vt 0.4342 0.24050000000000005
vt 0.4342 0.24139999999999995
vt 0.4037 0.29500000000000004
vt 0.4342 0.24050000000000005
vt 0.4037 0.2933
vt 0.4037 0.27969999999999995
vt 0.4342 0.23319999999999996
vt 0.4342 0.23319999999999996
vt 0.4037 0.27969999999999995
vt 0.4037 0.2541
vt 0.4342 0.21960000000000002
vt 0.4342 0.21960000000000002
vt 0.4037 0.2541
vt 0.4037 0.21960000000000002
vt 0.4342 0.20130000000000003
vt 0.4342 0.20130000000000003
vt 0.4037 0.21960000000000002
vt 0.4037 0.1804
vt 0.4342 0.1804
vt 0.4342 0.1804
vt 0.4037 0.1804
vt 0.4037 0.1412
vt 0.4342 0.15949999999999998
vt 0.4342 0.15949999999999998
vt 0.4037 0.1412
vt 0.4037 0.10670000000000002
vt 0.4342 0.1412
vt 0.4342 0.1412
vt 0.4037 0.10670000000000002
vt 0.4037 0.08109999999999995
vt 0.4342 0.12760000000000005
vt 0.4342 0.12760000000000005
vt 0.4037 0.08109999999999995
vt 0.4037 0.0675
vt 0.4342 0.12029999999999996
vt 0.4037 0.06579999999999997
vt 0.4342 0.11939999999999995
vt 0.4342 0.12029999999999996
vt 0.4037 0.0675
vt 0.3569 0.3325
vt 0.4037 0.2933
vt 0.4037 0.29500000000000004
vt 0.3569 0.3348
vt 0.4037 0.2933
vt 0.3569 0.3325
vt 0.3569 0.31420000000000003
vt 0.4037 0.27969999999999995
vt 0.4037 0.27969999999999995
vt 0.3569 0.31420000000000003
vt 0.3569 0.27969999999999995
vt 0.4037 0.2541
vt 0.4037 0.2541
vt 0.3569 0.27969999999999995
vt 0.3569 0.23319999999999996
vt 0.4037 0.21960000000000002
vt 0.4037 0.21960000000000002
vt 0.3569 0.23319999999999996
vt 0.3569 0.1804
vt 0.4037 0.1804
vt 0.4037 0.1804
vt 0.3569 0.1804
vt 0.3569 0.12760000000000005
vt 0.4037 0.1412
vt 0.4037 0.1412
vt 0.3569 0.12760000000000005
vt 0.3569 0.08109999999999995
vt 0.4037 0.10670000000000002
vt 0.4037 0.10670000000000002
vt 0.3569 0.08109999999999995
vt 0.3569 0.046599999999999975
vt 0.4037 0.08109999999999995
vt 0.4037 0.08109999999999995
vt 0.3569 0.046599999999999975
vt 0.3569 0.028299999999999992
vt 0.4037 0.0675
vt 0.3569 0.026000000000000023
vt 0.4037 0.06579999999999997
vt 0.4037 0.0675
vt 0.3569 0.028299999999999992
vt 0.2996 0.35340000000000005
vt 0.3569 0.3325
vt 0.3569 0.3348
vt 0.2996 0.356
vt 0.3569 0.3325
vt 0.2996 0.35340000000000005
vt 0.2996 0.3325
vt 0.3569 0.31420000000000003
vt 0.3569 0.31420000000000003
vt 0.2996 0.3325
vt 0.2996 0.2933
vt 0.3569 0.27969999999999995
vt 0.3569 0.27969999999999995
vt 0.2996 0.2933
vt 0.2996 0.24050000000000005
vt 0.3569 0.23319999999999996
vt 0.3569 0.23319999999999996
vt 0.2996 0.24050000000000005
vt 0.2996 0.1804
vt 0.3569 0.1804
vt 0.3569 0.1804
vt 0.2996 0.1804
vt 0.2996 0.12029999999999996
vt 0.3569 0.12760000000000005
vt 0.3569 0.12760000000000005
vt 0.2996 0.12029999999999996
vt 0.2996 0.0675
vt 0.3569 0.08109999999999995
vt 0.3569 0.08109999999999995
vt 0.2996 0.0675
vt 0.2996 0.028299999999999992
vt 0.3569 0.046599999999999975
vt 0.3569 0.046599999999999975
vt 0.2996 0.028299999999999992
vt 0.2996 0.007399999999999962
vt 0.3569 0.028299999999999992
vt 0.2996 0.0048000000000000265
vt 0.3569 0.026000000000000023
vt 0.3569 0.028299999999999992
vt 0.2996 0.007399999999999962
vt 0.2386 0.35340000000000005
vt 0.2996 0.35340000000000005
vt 0.2996 0.356
vt 0.2386 0.356
vt 0.2996 0.35340000000000005
vt 0.2386 0.35340000000000005
vt 0.2386 0.3325
vt 0.2996 0.3325
vt 0.2996 0.3325
vt 0.2386 0.3325
vt 0.2386 0.2933
vt 0.2996 0.2933
vt 0.2996 0.2933
vt 0.2386 0.2933
vt 0.2386 0.24050000000000005
vt 0.2996 0.24050000000000005
vt 0.2996 0.24050000000000005
vt 0.2386 0.24050000000000005
vt 0.2386 0.1804
vt 0.2996 0.1804
vt 0.2996 0.1804
vt 0.2386 0.1804
vt 0.2386 0.12029999999999996
vt 0.2996 0.12029999999999996
vt 0.2996 0.12029999999999996
vt 0.2386 0.12029999999999996
vt 0.2386 0.0675
vt 0.2996 0.0675
vt 0.2996 0.0675
vt 0.2386 0.0675
vt 0.2386 0.028299999999999992
vt 0.2996 0.028299999999999992
vt 0.2996 0.028299999999999992
vt 0.2386 0.028299999999999992
vt 0.2386 0.007399999999999962
vt 0.2996 0.007399999999999962
vt 0.2386 0.0048000000000000265
vt 0.2996 0.0048000000000000265
vt 0.2996 0.007399999999999962
vt 0.2386 0.007399999999999962
vt 0.1813 0.3325
vt 0.2386 0.35340000000000005
vt 0.2386 0.356
vt 0.1813 0.3348
vt 0.2386 0.35340000000000005
vt 0.1813 0.3325
vt 0.1813 0.31420000000000003
vt 0.2386 0.3325
vt 0.2386 0.3325
vt 0.1813 0.31420000000000003
vt 0.1813 0.27969999999999995
vt 0.2386 0.2933
vt 0.2386 0.2933
vt 0.1813 0.27969999999999995
vt 0.1813 0.23319999999999996
vt 0.2386 0.24050000000000005
vt 0.2386 0.24050000000000005
vt 0.1813 0.23319999999999996
vt 0.1813 0.1804
vt 0.2386 0.1804
vt 0.2386 0.1804
vt 0.1813 0.1804
vt 0.1813 0.12760000000000005
vt 0.2386 0.12029999999999996
vt 0.2386 0.12029999999999996
vt 0.1813 0.12760000000000005
vt 0.1813 0.08109999999999995
vt 0.2386 0.0675
vt 0.2386 0.0675
vt 0.1813 0.08109999999999995
vt 0.1813 0.046599999999999975
vt 0.2386 0.028299999999999992
vt 0.2386 0.028299999999999992
vt 0.1813 0.046599999999999975
vt 0.1813 0.028299999999999992
vt 0.2386 0.007399999999999962
vt 0.1813 0.026000000000000023
vt 0.2386 0.0048000000000000265
vt 0.2386 0.007399999999999962
vt 0.1813 0.028299999999999992
vt 0.1346 0.2933
vt 0.1813 0.3325
vt 0.1813 0.3348
vt 0.1346 0.29500000000000004
vt 0.1813 0.3325
vt 0.1346 0.2933
vt 0.1346 0.27969999999999995
vt 0.1813 0.31420000000000003
vt 0.1813 0.31420000000000003
vt 0.1346 0.27969999999999995
vt 0.1346 0.2541
vt 0.1813 0.27969999999999995
vt 0.1813 0.27969999999999995
vt 0.1346 0.2541
vt 0.1346 0.21960000000000002
vt 0.1813 0.23319999999999996
vt 0.1813 0.23319999999999996
vt 0.1346 0.21960000000000002
vt 0.1346 0.1804
vt 0.1813 0.1804
vt 0.1813 0.1804
vt 0.1346 0.1804
vt 0.1346 0.1412
vt 0.1813 0.12760000000000005
vt 0.1813 0.12760000000000005
vt 0.1346 0.1412
vt 0.1346 0.10670000000000002
vt 0.1813 0.08109999999999995
vt 0.1813 0.08109999999999995
vt 0.1346 0.10670000000000002
vt 0.1346 0.08109999999999995
vt 0.1813 0.046599999999999975
vt 0.1813 0.046599999999999975
vt 0.1346 0.08109999999999995
vt 0.1346 0.0675
vt 0.1813 0.028299999999999992
vt 0.1346 0.06579999999999997
vt 0.1813 0.026000000000000023
vt 0.1813 0.028299999999999992
vt 0.1346 0.0675
vt 0.1041 0.24050000000000005
vt 0.1346 0.2933
vt 0.1346 0.29500000000000004
vt 0.1041 0.24139999999999995
vt 0.1346 0.2933
vt 0.1041 0.24050000000000005
vt 0.1041 0.23319999999999996
vt 0.1346 0.27969999999999995
vt 0.1346 0.27969999999999995
vt 0.1041 0.23319999999999996
vt 0.1041 0.21960000000000002
vt 0.1346 0.2541
vt 0.1346 0.2541
vt 0.1041 0.21960000000000002
vt 0.1041 0.20130000000000003
vt 0.1346 0.21960000000000002
vt 0.1346 0.21960000000000002
vt 0.1041 0.20130000000000003
vt 0.1041 0.1804
vt 0.1346 0.1804
vt 0.1346 0.1804
vt 0.1041 0.1804
vt 0.1041 0.15949999999999998
vt 0.1346 0.1412
vt 0.1346 0.1412
vt 0.1041 0.15949999999999998
vt 0.1041 0.1412
vt 0.1346 0.10670000000000002
vt 0.1346 0.10670000000000002
vt 0.1041 0.1412
vt 0.1041 0.12760000000000005
vt 0.1346 0.08109999999999995
vt 0.1346 0.08109999999999995
vt 0.1041 0.12760000000000005
vt 0.1041 0.12029999999999996
vt 0.1346 0.0675
vt 0.1041 0.11939999999999995
vt 0.1346 0.06579999999999997
vt 0.1346 0.0675
vt 0.1041 0.12029999999999996
vt 0.0888 0.1804
vt 0.1041 0.24050000000000005
vt 0.1041 0.24139999999999995
vt 0.0888 0.1804
vt 0.1041 0.23319999999999996
vt 0.1041 0.24050000000000005
vt 0.0888 0.1804
vt 0.1041 0.21960000000000002
vt 0.1041 0.23319999999999996
vt 0.0888 0.1804
vt 0.1041 0.20130000000000003
vt 0.1041 0.21960000000000002
vt 0.0888 0.1804
vt 0.1041 0.1804
vt 0.1041 0.20130000000000003
vt 0.0888 0.1804
vt 0.1041 0.15949999999999998
vt 0.1041 0.1804
vt 0.0888 0.1804
vt 0.1041 0.1412
vt 0.1041 0.15949999999999998
vt 0.0888 0.1804
vt 0.1041 0.12760000000000005
vt 0.1041 0.1412
vt 0.0888 0.1804
vt 0.1041 0.12029999999999996
vt 0.1041 0.12760000000000005
vt 0.0888 0.1804
vt 0.1041 0.11939999999999995
vt 0.1041 0.12029999999999996
vt 0.4494 0.1804
vt 0.4342 0.24050000000000005
vt 0.4342 0.24139999999999995
vt 0.4494 0.1804
vt 0.4342 0.23319999999999996
vt 0.4342 0.24050000000000005
vt 0.4494 0.1804
vt 0.4342 0.21960000000000002
vt 0.4342 0.23319999999999996
vt 0.4494 0.1804
vt 0.4342 0.20130000000000003
vt 0.4342 0.21960000000000002
vt 0.4494 0.1804
vt 0.4342 0.1804
vt 0.4342 0.20130000000000003
vt 0.4494 0.1804
vt 0.4342 0.15949999999999998
vt 0.4342 0.1804
vt 0.4494 0.1804
vt 0.4342 0.1412
vt 0.4342 0.15949999999999998
vt 0.4494 0.1804
vt 0.4342 0.12760000000000005
vt 0.4342 0.1412
vt 0.4494 0.1804
vt 0.4342 0.12029999999999996
vt 0.4342 0.12760000000000005
vt 0.4494 0.1804
vt 0.4342 0.11939999999999995
vt 0.4342 0.12029999999999996
vt 0.4037 0.2933
vt 0.4037 0.29500000000000004
vt 0.4342 0.24139999999999995
vt 0.4342 0.24050000000000005
vt 0.4342 0.24050000000000005
vt 0.4342 0.23319999999999996
vt 0.4037 0.27969999999999995
vt 0.4037 0.2933
vt 0.4342 0.23319999999999996
vt 0.4342 0.21960000000000002
vt 0.4037 0.2541
vt 0.4037 0.27969999999999995
vt 0.4342 0.21960000000000002
vt 0.4342 0.20130000000000003
vt 0.4037 0.21960000000000002
vt 0.4037 0.2541
vt 0.4342 0.20130000000000003
vt 0.4342 0.1804
vt 0.4037 0.1804
vt 0.4037 0.21960000000000002
vt 0.4342 0.1804
vt 0.4342 0.15949999999999998
vt 0.4037 0.1412
vt 0.4037 0.1804
vt 0.4342 0.15949999999999998
vt 0.4342 0.1412
vt 0.4037 0.10670000000000002
vt 0.4037 0.1412
vt 0.4342 0.1412
vt 0.4342 0.12760000000000005
vt 0.4037 0.08109999999999995
vt 0.4037 0.10670000000000002
vt 0.4342 0.12760000000000005
vt 0.4342 0.12029999999999996
vt 0.4037 0.0675
vt 0.4037 0.08109999999999995
vt 0.4037 0.06579999999999997
vt 0.4037 0.0675
vt 0.4342 0.12029999999999996
vt 0.4342 0.11939999999999995
vt 0.3569 0.3325
vt 0.3569 0.3348
vt 0.4037 0.29500000000000004
vt 0.4037 0.2933
vt 0.4037 0.2933
vt 0.4037 0.27969999999999995
vt 0.3569 0.31420000000000003
vt 0.3569 0.3325
vt 0.4037 0.27969999999999995
vt 0.4037 0.2541
vt 0.3569 0.27969999999999995
vt 0.3569 0.31420000000000003
vt 0.4037 0.2541
vt 0.4037 0.21960000000000002
vt 0.3569 0.23319999999999996
vt 0.3569 0.27969999999999995
vt 0.4037 0.21960000000000002
vt 0.4037 0.1804
vt 0.3569 0.1804
vt 0.3569 0.23319999999999996
vt 0.4037 0.1804
vt 0.4037 0.1412
vt 0.3569 0.12760000000000005
vt 0.3569 0.1804
vt 0.4037 0.1412
vt 0.4037 0.10670000000000002
vt 0.3569 0.08109999999999995
vt 0.3569 0.12760000000000005
vt 0.4037 0.10670000000000002
vt 0.4037 0.08109999999999995
vt 0.3569 0.046599999999999975
vt 0.3569 0.08109999999999995
vt 0.4037 0.08109999999999995
vt 0.4037 0.0675
vt 0.3569 0.028299999999999992
vt 0.3569 0.046599999999999975
vt 0.3569 0.026000000000000023
vt 0.3569 0.028299999999999992
vt 0.4037 0.0675
vt 0.4037 0.06579999999999997
vt 0.2996 0.35340000000000005
vt 0.2996 0.356
vt 0.3569 0.3348
vt 0.3569 0.3325
vt 0.3569 0.3325
vt 0.3569 0.31420000000000003
vt 0.2996 0.3325
vt 0.2996 0.35340000000000005
vt 0.3569 0.31420000000000003
vt 0.3569 0.27969999999999995
vt 0.2996 0.2933
vt 0.2996 0.3325
vt 0.3569 0.27969999999999995
vt 0.3569 0.23319999999999996
vt 0.2996 0.24050000000000005
vt 0.2996 0.2933
vt 0.3569 0.23319999999999996
vt 0.3569 0.1804
vt 0.2996 0.1804
vt 0.2996 0.24050000000000005
vt 0.3569 0.1804
vt 0.3569 0.12760000000000005
vt 0.2996 0.12029999999999996
vt 0.2996 0.1804
vt 0.3569 0.12760000000000005
vt 0.3569 0.08109999999999995
vt 0.2996 0.0675
vt 0.2996 0.12029999999999996
vt 0.3569 0.08109999999999995
vt 0.3569 0.046599999999999975
vt 0.2996 0.028299999999999992
vt 0.2996 0.0675
vt 0.3569 0.046599999999999975
vt 0.3569 0.028299999999999992
vt 0.2996 0.007399999999999962
vt 0.2996 0.028299999999999992
vt 0.2996 0.0048000000000000265
vt 0.2996 0.007399999999999962
vt 0.3569 0.028299999999999992
vt 0.3569 0.026000000000000023
vt 0.2386 0.35340000000000005
vt 0.2386 0.356
vt 0.2996 0.356
vt 0.2996 0.35340000000000005
vt 0.2996 0.35340000000000005
vt 0.2996 0.3325
vt 0.2386 0.3325
vt 0.2386 0.35340000000000005
vt 0.2996 0.3325
vt 0.2996 0.2933
vt 0.2386 0.2933
vt 0.2386 0.3325
vt 0.2996 0.2933
vt 0.2996 0.24050000000000005
vt 0.2386 0.24050000000000005
vt 0.2386 0.2933
vt 0.2996 0.24050000000000005
vt 0.2996 0.1804
vt 0.2386 0.1804
vt 0.2386 0.24050000000000005
vt 0.2996 0.1804
vt 0.2996 0.12029999999999996
vt 0.2386 0.12029999999999996
vt 0.2386 0.1804
vt 0.2996 0.12029999999999996
vt 0.2996 0.0675
vt 0.2386 0.0675
vt 0.2386 0.12029999999999996
vt 0.2996 0.0675
vt 0.2996 0.028299999999999992
vt 0.2386 0.028299999999999992
vt 0.2386 0.0675
vt 0.2996 0.028299999999999992
vt 0.2996 0.007399999999999962
vt 0.2386 0.007399999999999962
vt 0.2386 0.028299999999999992
vt 0.2386 0.0048000000000000265
vt 0.2386 0.007399999999999962
vt 0.2996 0.007399999999999962
vt 0.2996 0.0048000000000000265
vt 0.1813 0.3325
vt 0.1813 0.3348
vt 0.2386 0.356
vt 0.2386 0.35340000000000005
vt 0.2386 0.35340000000000005
vt 0.2386 0.3325
vt 0.1813 0.31420000000000003
vt 0.1813 0.3325
vt 0.2386 0.3325
vt 0.2386 0.2933
vt 0.1813 0.27969999999999995
vt 0.1813 0.31420000000000003
vt 0.2386 0.2933
vt 0.2386 0.24050000000000005
vt 0.1813 0.23319999999999996
vt 0.1813 0.27969999999999995
vt 0.2386 0.24050000000000005
vt 0.2386 0.1804
vt 0.1813 0.1804
vt 0.1813 0.23319999999999996
vt 0.2386 0.1804
vt 0.2386 0.12029999999999996
vt 0.1813 0.12760000000000005
vt 0.1813 0.1804
vt 0.2386 0.12029999999999996
vt 0.2386 0.0675
vt 0.1813 0.08109999999999995
vt 0.1813 0.12760000000000005
vt 0.2386 0.0675
vt 0.2386 0.028299999999999992
vt 0.1813 0.046599999999999975
vt 0.1813 0.08109999999999995
vt 0.2386 0.028299999999999992
vt 0.2386 0.007399999999999962
vt 0.1813 0.028299999999999992
vt 0.1813 0.046599999999999975
vt 0.1813 0.026000000000000023
vt 0.1813 0.028299999999999992
vt 0.2386 0.007399999999999962
vt 0.2386 0.0048000000000000265
vt 0.1346 0.2933
vt 0.1346 0.29500000000000004
vt 0.1813 0.3348
vt 0.1813 0.3325
vt 0.1813 0.3325
vt 0.1813 0.31420000000000003
vt 0.1346 0.27969999999999995
vt 0.1346 0.2933
vt 0.1813 0.31420000000000003
vt 0.1813 0.27969999999999995
vt 0.1346 0.2541
vt 0.1346 0.27969999999999995
vt 0.1813 0.27969999999999995
vt 0.1813 0.23319999999999996
vt 0.1346 0.21960000000000002
vt 0.1346 0.2541
vt 0.1813 0.23319999999999996
vt 0.1813 0.1804
vt 0.1346 0.1804
vt 0.1346 0.21960000000000002
vt 0.1813 0.1804
vt 0.1813 0.12760000000000005
vt 0.1346 0.1412
vt 0.1346 0.1804
vt 0.1813 0.12760000000000005
vt 0.1813 0.08109999999999995
vt 0.1346 0.10670000000000002
vt 0.1346 0.1412
vt 0.1813 0.08109999999999995
vt 0.1813 0.046599999999999975
vt 0.1346 0.08109999999999995
vt 0.1346 0.10670000000000002
vt 0.1813 0.046599999999999975
vt 0.1813 0.028299999999999992
vt 0.1346 0.0675
vt 0.1346 0.08109999999999995
vt 0.1346 0.06579999999999997
vt 0.1346 0.0675
vt 0.1813 0.028299999999999992
vt 0.1813 0.026000000000000023
vt 0.1041 0.24050000000000005
vt 0.1041 0.24139999999999995
vt 0.1346 0.29500000000000004
vt 0.1346 0.2933
vt 0.1346 0.2933
vt 0.1346 0.27969999999999995
vt 0.1041 0.23319999999999996
vt 0.1041 0.24050000000000005
vt 0.1346 0.27969999999999995
vt 0.1346 0.2541
vt 0.1041 0.21960000000000002
vt 0.1041 0.23319999999999996
vt 0.1346 0.2541
vt 0.1346 0.21960000000000002
vt 0.1041 0.20130000000000003
vt 0.1041 0.21960000000000002
vt 0.1346 0.21960000000000002
vt 0.1346 0.1804
vt 0.1041 0.1804
vt 0.1041 0.20130000000000003
vt 0.1346 0.1804
vt 0.1346 0.1412
vt 0.1041 0.15949999999999998
vt 0.1041 0.1804
vt 0.1346 0.1412
vt 0.1346 0.10670000000000002
vt 0.1041 0.1412
vt 0.1041 0.15949999999999998
vt 0.1346 0.10670000000000002
vt 0.1346 0.08109999999999995
vt 0.1041 0.12760000000000005
vt 0.1041 0.1412
vt 0.1346 0.08109999999999995
vt 0.1346 0.0675
vt 0.1041 0.12029999999999996
vt 0.1041 0.12760000000000005
vt 0.1041 0.11939999999999995
vt 0.1041 0.12029999999999996
vt 0.1346 0.0675
vt 0.1346 0.06579999999999997
vt 0.0888 0.1804
vt 0.1041 0.24139999999999995
vt 0.1041 0.24050000000000005
vt 0.0888 0.1804
vt 0.1041 0.24050000000000005
vt 0.1041 0.23319999999999996
vt 0.0888 0.1804
vt 0.1041 0.23319999999999996
vt 0.1041 0.21960000000000002
vt 0.0888 0.1804
vt 0.1041 0.21960000000000002
vt 0.1041 0.20130000000000003
vt 0.0888 0.1804
vt 0.1041 0.20130000000000003
vt 0.1041 0.1804
vt 0.0888 0.1804
vt 0.1041 0.1804
vt 0.1041 0.15949999999999998
vt 0.0888 0.1804
vt 0.1041 0.15949999999999998
vt 0.1041 0.1412
vt 0.0888 0.1804
vt 0.1041 0.1412
vt 0.1041 0.12760000000000005
vt 0.0888 0.1804
vt 0.1041 0.12760000000000005
vt 0.1041 0.12029999999999996
vt 0.0888 0.1804
vt 0.1041 0.12029999999999996
vt 0.1041 0.11939999999999995
vt 0.4494 0.1804
vt 0.4342 0.24139999999999995
vt 0.4342 0.24050000000000005
vt 0.4494 0.1804
vt 0.4342 0.24050000000000005
vt 0.4342 0.23319999999999996
vt 0.4494 0.1804
vt 0.4342 0.23319999999999996
vt 0.4342 0.21960000000000002
vt 0.4494 0.1804
vt 0.4342 0.21960000000000002
vt 0.4342 0.20130000000000003
vt 0.4494 0.1804
vt 0.4342 0.20130000000000003
vt 0.4342 0.1804
vt 0.4494 0.1804
vt 0.4342 0.1804
vt 0.4342 0.15949999999999998
vt 0.4494 0.1804
vt 0.4342 0.15949999999999998
vt 0.4342 0.1412
vt 0.4494 0.1804
vt 0.4342 0.1412
vt 0.4342 0.12760000000000005
vt 0.4494 0.1804
vt 0.4342 0.12760000000000005
vt 0.4342 0.12029999999999996
vt 0.4494 0.1804
vt 0.4342 0.12029999999999996
vt 0.4342 0.11939999999999995
vt 0.4037 0.2933
vt 0.4342 0.24050000000000005
vt 0.4342 0.24139999999999995
vt 0.4037 0.29500000000000004
vt 0.4342 0.24050000000000005
vt 0.4037 0.2933
vt 0.4037 0.27969999999999995
vt 0.4342 0.23319999999999996
vt 0.4342 0.23319999999999996
vt 0.4037 0.27969999999999995
vt 0.4037 0.2541
vt 0.4342 0.21960000000000002
vt 0.4342 0.21960000000000002
vt 0.4037 0.2541
vt 0.4037 0.21960000000000002
vt 0.4342 0.20130000000000003
vt 0.4342 0.20130000000000003
vt 0.4037 0.21960000000000002
vt 0.4037 0.1804
vt 0.4342 0.1804
vt 0.4342 0.1804
vt 0.4037 0.1804
vt 0.4037 0.1412
vt 0.4342 0.15949999999999998
vt 0.4342 0.15949999999999998
vt 0.4037 0.1412
vt 0.4037 0.10670000000000002
vt 0.4342 0.1412
vt 0.4342 0.1412
vt 0.4037 0.10670000000000002
vt 0.4037 0.08109999999999995
vt 0.4342 0.12760000000000005
vt 0.4342 0.12760000000000005
vt 0.4037 0.08109999999999995
vt 0.4037 0.0675
vt 0.4342 0.12029999999999996
vt 0.4037 0.06579999999999997
vt 0.4342 0.11939999999999995
vt 0.4342 0.12029999999999996
vt 0.4037 0.0675
vt 0.3569 0.3325
vt 0.4037 0.2933
vt 0.4037 0.29500000000000004
vt 0.3569 0.3348
vt 0.4037 0.2933
vt 0.3569 0.3325
vt 0.3569 0.31420000000000003
vt 0.4037 0.27969999999999995
vt 0.4037 0.27969999999999995
vt 0.3569 0.31420000000000003
vt 0.3569 0.27969999999999995
vt 0.4037 0.2541
vt 0.4037 0.2541
vt 0.3569 0.27969999999999995
vt 0.3569 0.23319999999999996
vt 0.4037 0.21960000000000002
vt 0.4037 0.21960000000000002
vt 0.3569 0.23319999999999996
vt 0.3569 0.1804
vt 0.4037 0.1804
vt 0.4037 0.1804
vt 0.3569 0.1804
vt 0.3569 0.12760000000000005
vt 0.4037 0.1412
vt 0.4037 0.1412
vt 0.3569 0.12760000000000005
vt 0.3569 0.08109999999999995
vt 0.4037 0.10670000000000002
vt 0.4037 0.10670000000000002
vt 0.3569 0.08109999999999995
vt 0.3569 0.046599999999999975
vt 0.4037 0.08109999999999995
vt 0.4037 0.08109999999999995
vt 0.3569 0.046599999999999975
vt 0.3569 0.028299999999999992
vt 0.4037 0.0675
vt 0.3569 0.026000000000000023
vt 0.4037 0.06579999999999997
vt 0.4037 0.0675
vt 0.3569 0.028299999999999992
vt 0.2996 0.35340000000000005
vt 0.3569 0.3325
vt 0.3569 0.3348
vt 0.2996 0.356
vt 0.3569 0.3325
vt 0.2996 0.35340000000000005
vt 0.2996 0.3325
vt 0.3569 0.31420000000000003
vt 0.3569 0.31420000000000003
vt 0.2996 0.3325
vt 0.2996 0.2933
vt 0.3569 0.27969999999999995
vt 0.3569 0.27969999999999995
vt 0.2996 0.2933
vt 0.2996 0.24050000000000005
vt 0.3569 0.23319999999999996
vt 0.3569 0.23319999999999996
vt 0.2996 0.24050000000000005
vt 0.2996 0.1804
vt 0.3569 0.1804
vt 0.3569 0.1804
vt 0.2996 0.1804
vt 0.2996 0.12029999999999996
vt 0.3569 0.12760000000000005
vt 0.3569 0.12760000000000005
vt 0.2996 0.12029999999999996
vt 0.2996 0.0675
vt 0.3569 0.08109999999999995
vt 0.3569 0.08109999999999995
vt 0.2996 0.0675
vt 0.2996 0.028299999999999992
vt 0.3569 0.046599999999999975
vt 0.3569 0.046599999999999975
vt 0.2996 0.028299999999999992
vt 0.2996 0.007399999999999962
vt 0.3569 0.028299999999999992
vt 0.2996 0.0048000000000000265
vt 0.3569 0.026000000000000023
vt 0.3569 0.028299999999999992
vt 0.2996 0.007399999999999962
vt 0.2386 0.35340000000000005
vt 0.2996 0.35340000000000005
vt 0.2996 0.356
vt 0.2386 0.356
vt 0.2996 0.35340000000000005
vt 0.2386 0.35340000000000005
vt 0.2386 0.3325
vt 0.2996 0.3325
vt 0.2996 0.3325
vt 0.2386 0.3325
vt 0.2386 0.2933
vt 0.2996 0.2933
vt 0.2996 0.2933
vt 0.2386 0.2933
vt 0.2386 0.24050000000000005
vt 0.2996 0.24050000000000005
vt 0.2996 0.24050000000000005
vt 0.2386 0.24050000000000005
vt 0.2386 0.1804
vt 0.2996 0.1804
vt 0.2996 0.1804
vt 0.2386 0.1804
vt 0.2386 0.12029999999999996
vt 0.2996 0.12029999999999996
vt 0.2996 0.12029999999999996
vt 0.2386 0.12029999999999996
vt 0.2386 0.0675
vt 0.2996 0.0675
vt 0.2996 0.0675
vt 0.2386 0.0675
vt 0.2386 0.028299999999999992
vt 0.2996 0.028299999999999992
vt 0.2996 0.028299999999999992
vt 0.2386 0.028299999999999992
vt 0.2386 0.007399999999999962
vt 0.2996 0.007399999999999962
vt 0.2386 0.0048000000000000265
vt 0.2996 0.0048000000000000265
vt 0.2996 0.007399999999999962
vt 0.2386 0.007399999999999962
vt 0.1813 0.3325
vt 0.2386 0.35340000000000005
vt 0.2386 0.356
vt 0.1813 0.3348
vt 0.2386 0.35340000000000005
vt 0.1813 0.3325
vt 0.1813 0.31420000000000003
vt 0.2386 0.3325
vt 0.2386 0.3325
vt 0.1813 0.31420000000000003
vt 0.1813 0.27969999999999995
vt 0.2386 0.2933
vt 0.2386 0.2933
vt 0.1813 0.27969999999999995
vt 0.1813 0.23319999999999996
vt 0.2386 0.24050000000000005
vt 0.2386 0.24050000000000005
vt 0.1813 0.23319999999999996
vt 0.1813 0.1804
vt 0.2386 0.1804
vt 0.2386 0.1804
vt 0.1813 0.1804
vt 0.1813 0.12760000000000005
vt 0.2386 0.12029999999999996
vt 0.2386 0.12029999999999996
vt 0.1813 0.12760000000000005
vt 0.1813 0.08109999999999995
vt 0.2386 0.0675
vt 0.2386 0.0675
vt 0.1813 0.08109999999999995
vt 0.1813 0.046599999999999975
vt 0.2386 0.028299999999999992
vt 0.2386 0.028299999999999992
vt 0.1813 0.046599999999999975
vt 0.1813 0.028299999999999992
vt 0.2386 0.007399999999999962
vt 0.1813 0.026000000000000023
vt 0.2386 0.0048000000000000265
vt 0.2386 0.007399999999999962
vt 0.1813 0.028299999999999992
vt 0.1346 0.2933
vt 0.1813 0.3325
vt 0.1813 0.3348
vt 0.1346 0.29500000000000004
vt 0.1813 0.3325
vt 0.1346 0.2933
vt 0.1346 0.27969999999999995
vt 0.1813 0.31420000000000003
vt 0.1813 0.31420000000000003
vt 0.1346 0.27969999999999995
vt 0.1346 0.2541
vt 0.1813 0.27969999999999995
vt 0.1813 0.27969999999999995
vt 0.1346 0.2541
vt 0.1346 0.21960000000000002
vt 0.1813 0.23319999999999996
vt 0.1813 0.23319999999999996
vt 0.1346 0.21960000000000002
vt 0.1346 0.1804
vt 0.1813 0.1804
vt 0.1813 0.1804
vt 0.1346 0.1804
vt 0.1346 0.1412
vt 0.1813 0.12760000000000005
vt 0.1813 0.12760000000000005
vt 0.1346 0.1412
vt 0.1346 0.10670000000000002
vt 0.1813 0.08109999999999995
vt 0.1813 0.08109999999999995
vt 0.1346 0.10670000000000002
vt 0.1346 0.08109999999999995
vt 0.1813 0.046599999999999975
vt 0.1813 0.046599999999999975
vt 0.1346 0.08109999999999995
vt 0.1346 0.0675
vt 0.1813 0.028299999999999992
vt 0.1346 0.06579999999999997
vt 0.1813 0.026000000000000023
vt 0.1813 0.028299999999999992
vt 0.1346 0.0675
vt 0.1041 0.24050000000000005
vt 0.1346 0.2933
vt 0.1346 0.29500000000000004
vt 0.1041 0.24139999999999995
vt 0.1346 0.2933
vt 0.1041 0.24050000000000005
vt 0.1041 0.23319999999999996
vt 0.1346 0.27969999999999995
vt 0.1346 0.27969999999999995
vt 0.1041 0.23319999999999996
vt 0.1041 0.21960000000000002
vt 0.1346 0.2541
vt 0.1346 0.2541
vt 0.1041 0.21960000000000002
vt 0.1041 0.20130000000000003
vt 0.1346 0.21960000000000002
vt 0.1346 0.21960000000000002
vt 0.1041 0.20130000000000003
vt 0.1041 0.1804
vt 0.1346 0.1804
vt 0.1346 0.1804
vt 0.1041 0.1804
vt 0.1041 0.15949999999999998
vt 0.1346 0.1412
vt 0.1346 0.1412
vt 0.1041 0.15949999999999998
vt 0.1041 0.1412
vt 0.1346 0.10670000000000002
vt 0.1346 0.10670000000000002
vt 0.1041 0.1412
vt 0.1041 0.12760000000000005
vt 0.1346 0.08109999999999995
vt 0.1346 0.08109999999999995
vt 0.1041 0.12760000000000005
vt 0.1041 0.12029999999999996
vt 0.1346 0.0675
vt 0.1041 0.11939999999999995
vt 0.1346 0.06579999999999997
vt 0.1346 0.0675
vt 0.1041 0.12029999999999996
vt 0.0888 0.1804
vt 0.1041 0.24050000000000005
vt 0.1041 0.24139999999999995
vt 0.0888 0.1804
vt 0.1041 0.23319999999999996
vt 0.1041 0.24050000000000005
vt 0.0888 0.1804
vt 0.1041 0.21960000000000002
vt 0.1041 0.23319999999999996
vt 0.0888 0.1804
vt 0.1041 0.20130000000000003
vt 0.1041 0.21960000000000002
vt 0.0888 0.1804
vt 0.1041 0.1804
vt 0.1041 0.20130000000000003
vt 0.0888 0.1804
vt 0.1041 0.15949999999999998
vt 0.1041 0.1804
vt 0.0888 0.1804
vt 0.1041 0.1412
vt 0.1041 0.15949999999999998
vt 0.0888 0.1804
vt 0.1041 0.12760000000000005
vt 0.1041 0.1412
vt 0.0888 0.1804
vt 0.1041 0.12029999999999996
vt 0.1041 0.12760000000000005
vt 0.0888 0.1804
vt 0.1041 0.11939999999999995
vt 0.1041 0.12029999999999996
vt 0.4494 0.1804
vt 0.4342 0.24139999999999995
vt 0.4342 0.24050000000000005
vt 0.4494 0.1804
vt 0.4342 0.24050000000000005
vt 0.4342 0.23319999999999996
vt 0.4494 0.1804
vt 0.4342 0.23319999999999996
vt 0.4342 0.21960000000000002
vt 0.4494 0.1804
vt 0.4342 0.21960000000000002
vt 0.4342 0.20130000000000003
vt 0.4494 0.1804
vt 0.4342 0.20130000000000003
vt 0.4342 0.1804
vt 0.4494 0.1804
vt 0.4342 0.1804
vt 0.4342 0.15949999999999998
vt 0.4494 0.1804
vt 0.4342 0.15949999999999998
vt 0.4342 0.1412
vt 0.4494 0.1804
vt 0.4342 0.1412
vt 0.4342 0.12760000000000005
vt 0.4494 0.1804
vt 0.4342 0.12760000000000005
vt 0.4342 0.12029999999999996
vt 0.4494 0.1804
vt 0.4342 0.12029999999999996
vt 0.4342 0.11939999999999995
vt 0.4037 0.2933
vt 0.4342 0.24050000000000005
vt 0.4342 0.24139999999999995
vt 0.4037 0.29500000000000004
vt 0.4342 0.24050000000000005
vt 0.4037 0.2933
vt 0.4037 0.27969999999999995
vt 0.4342 0.23319999999999996
vt 0.4342 0.23319999999999996
vt 0.4037 0.27969999999999995
vt 0.4037 0.2541
vt 0.4342 0.21960000000000002
vt 0.4342 0.21960000000000002
vt 0.4037 0.2541
vt 0.4037 0.21960000000000002
vt 0.4342 0.20130000000000003
vt 0.4342 0.20130000000000003
vt 0.4037 0.21960000000000002
vt 0.4037 0.1804
vt 0.4342 0.1804
vt 0.4342 0.1804
vt 0.4037 0.1804
vt 0.4037 0.1412
vt 0.4342 0.15949999999999998
vt 0.4342 0.15949999999999998
vt 0.4037 0.1412
vt 0.4037 0.10670000000000002
vt 0.4342 0.1412
vt 0.4342 0.1412
vt 0.4037 0.10670000000000002
vt 0.4037 0.08109999999999995
vt 0.4342 0.12760000000000005
vt 0.4342 0.12760000000000005
vt 0.4037 0.08109999999999995
vt 0.4037 0.0675
vt 0.4342 0.12029999999999996
vt 0.4037 0.06579999999999997
vt 0.4342 0.11939999999999995
vt 0.4342 0.12029999999999996
vt 0.4037 0.0675
vt 0.3569 0.3325
vt 0.4037 0.2933
vt 0.4037 0.29500000000000004
vt 0.3569 0.3348
vt 0.4037 0.2933
vt 0.3569 0.3325
vt 0.3569 0.31420000000000003
vt 0.4037 0.27969999999999995
vt 0.4037 0.27969999999999995
vt 0.3569 0.31420000000000003
vt 0.3569 0.27969999999999995
vt 0.4037 0.2541
vt 0.4037 0.2541
vt 0.3569 0.27969999999999995
vt 0.3569 0.23319999999999996
vt 0.4037 0.21960000000000002
vt 0.4037 0.21960000000000002
vt 0.3569 0.23319999999999996
vt 0.3569 0.1804
vt 0.4037 0.1804
vt 0.4037 0.1804
vt 0.3569 0.1804
vt 0.3569 0.12760000000000005
vt 0.4037 0.1412
vt 0.4037 0.1412
vt 0.3569 0.12760000000000005
vt 0.3569 0.08109999999999995
vt 0.4037 0.10670000000000002
vt 0.4037 0.10670000000000002
vt 0.3569 0.08109999999999995
vt 0.3569 0.046599999999999975
vt 0.4037 0.08109999999999995
vt 0.4037 0.08109999999999995
vt 0.3569 0.046599999999999975
vt 0.3569 0.028299999999999992
vt 0.4037 0.0675
vt 0.3569 0.026000000000000023
vt 0.4037 0.06579999999999997
vt 0.4037 0.0675
vt 0.3569 0.028299999999999992
vt 0.2996 0.35340000000000005
vt 0.3569 0.3325
vt 0.3569 0.3348
vt 0.2996 0.356
vt 0.3569 0.3325
vt 0.2996 0.35340000000000005
vt 0.2996 0.3325
vt 0.3569 0.31420000000000003
vt 0.3569 0.31420000000000003
vt 0.2996 0.3325
vt 0.2996 0.2933
vt 0.3569 0.27969999999999995
vt 0.3569 0.27969999999999995
vt 0.2996 0.2933
vt 0.2996 0.24050000000000005
vt 0.3569 0.23319999999999996
vt 0.3569 0.23319999999999996
vt 0.2996 0.24050000000000005
vt 0.2996 0.1804
vt 0.3569 0.1804
vt 0.3569 0.1804
vt 0.2996 0.1804
vt 0.2996 0.12029999999999996
vt 0.3569 0.12760000000000005
vt 0.3569 0.12760000000000005
vt 0.2996 0.12029999999999996
vt 0.2996 0.0675
vt 0.3569 0.08109999999999995
vt 0.3569 0.08109999999999995
vt 0.2996 0.0675
vt 0.2996 0.028299999999999992
vt 0.3569 0.046599999999999975
vt 0.3569 0.046599999999999975
vt 0.2996 0.028299999999999992
vt 0.2996 0.007399999999999962
vt 0.3569 0.028299999999999992
vt 0.2996 0.0048000000000000265
vt 0.3569 0.026000000000000023
vt 0.3569 0.028299999999999992
vt 0.2996 0.007399999999999962
vt 0.2386 0.35340000000000005
vt 0.2996 0.35340000000000005
vt 0.2996 0.356
vt 0.2386 0.356
vt 0.2996 0.35340000000000005
vt 0.2386 0.35340000000000005
vt 0.2386 0.3325
vt 0.2996 0.3325
vt 0.2996 0.3325
vt 0.2386 0.3325
vt 0.2386 0.2933
vt 0.2996 0.2933
vt 0.2996 0.2933
vt 0.2386 0.2933
vt 0.2386 0.24050000000000005
vt 0.2996 0.24050000000000005
vt 0.2996 0.24050000000000005
vt 0.2386 0.24050000000000005
vt 0.2386 0.1804
vt 0.2996 0.1804
vt 0.2996 0.1804
vt 0.2386 0.1804
vt 0.2386 0.12029999999999996
vt 0.2996 0.12029999999999996
vt 0.2996 0.12029999999999996
vt 0.2386 0.12029999999999996
vt 0.2386 0.0675
vt 0.2996 0.0675
vt 0.2996 0.0675
vt 0.2386 0.0675
vt 0.2386 0.028299999999999992
vt 0.2996 0.028299999999999992
vt 0.2996 0.028299999999999992
vt 0.2386 0.028299999999999992
vt 0.2386 0.007399999999999962
vt 0.2996 0.007399999999999962
vt 0.2386 0.0048000000000000265
vt 0.2996 0.0048000000000000265
vt 0.2996 0.007399999999999962
vt 0.2386 0.007399999999999962
vt 0.1813 0.3325
vt 0.2386 0.35340000000000005
vt 0.2386 0.356
vt 0.1813 0.3348
vt 0.2386 0.35340000000000005
vt 0.1813 0.3325
vt 0.1813 0.31420000000000003
vt 0.2386 0.3325
vt 0.2386 0.3325
vt 0.1813 0.31420000000000003
vt 0.1813 0.27969999999999995
vt 0.2386 0.2933
vt 0.2386 0.2933
vt 0.1813 0.27969999999999995
vt 0.1813 0.23319999999999996
vt 0.2386 0.24050000000000005
vt 0.2386 0.24050000000000005
vt 0.1813 0.23319999999999996
vt 0.1813 0.1804
vt 0.2386 0.1804
vt 0.2386 0.1804
vt 0.1813 0.1804
vt 0.1813 0.12760000000000005
vt 0.2386 0.12029999999999996
vt 0.2386 0.12029999999999996
vt 0.1813 0.12760000000000005
vt 0.1813 0.08109999999999995
vt 0.2386 0.0675
vt 0.2386 0.0675
vt 0.1813 0.08109999999999995
vt 0.1813 0.046599999999999975
vt 0.2386 0.028299999999999992
vt 0.2386 0.028299999999999992
vt 0.1813 0.046599999999999975
vt 0.1813 0.028299999999999992
vt 0.2386 0.007399999999999962
vt 0.1813 0.026000000000000023
vt 0.2386 0.0048000000000000265
vt 0.2386 0.007399999999999962
vt 0.1813 0.028299999999999992
vt 0.1346 0.2933
vt 0.1813 0.3325
vt 0.1813 0.3348
vt 0.1346 0.29500000000000004
vt 0.1813 0.3325
vt 0.1346 0.2933
vt 0.1346 0.27969999999999995
vt 0.1813 0.31420000000000003
vt 0.1813 0.31420000000000003
vt 0.1346 0.27969999999999995
vt 0.1346 0.2541
vt 0.1813 0.27969999999999995
vt 0.1813 0.27969999999999995
vt 0.1346 0.2541
vt 0.1346 0.21960000000000002
vt 0.1813 0.23319999999999996
vt 0.1813 0.23319999999999996
vt 0.1346 0.21960000000000002
vt 0.1346 0.1804
vt 0.1813 0.1804
vt 0.1813 0.1804
vt 0.1346 0.1804
vt 0.1346 0.1412
vt 0.1813 0.12760000000000005
vt 0.1813 0.12760000000000005
vt 0.1346 0.1412
vt 0.1346 0.10670000000000002
vt 0.1813 0.08109999999999995
vt 0.1813 0.08109999999999995
vt 0.1346 0.10670000000000002
vt 0.1346 0.08109999999999995
vt 0.1813 0.046599999999999975
vt 0.1813 0.046599999999999975
vt 0.1346 0.08109999999999995
vt 0.1346 0.0675
vt 0.1813 0.028299999999999992
vt 0.1346 0.06579999999999997
vt 0.1813 0.026000000000000023
vt 0.1813 0.028299999999999992
vt 0.1346 0.0675
vt 0.1041 0.24050000000000005
vt 0.1346 0.2933
vt 0.1346 0.29500000000000004
vt 0.1041 0.24139999999999995
vt 0.1346 0.2933
vt 0.1041 0.24050000000000005
vt 0.1041 0.23319999999999996
vt 0.1346 0.27969999999999995
vt 0.1346 0.27969999999999995
vt 0.1041 0.23319999999999996
vt 0.1041 0.21960000000000002
vt 0.1346 0.2541
vt 0.1346 0.2541
vt 0.1041 0.21960000000000002
vt 0.1041 0.20130000000000003
vt 0.1346 0.21960000000000002
vt 0.1346 0.21960000000000002
vt 0.1041 0.20130000000000003
vt 0.1041 0.1804
vt 0.1346 0.1804
vt 0.1346 0.1804
vt 0.1041 0.1804
vt 0.1041 0.15949999999999998
vt 0.1346 0.1412
vt 0.1346 0.1412
vt 0.1041 0.15949999999999998
vt 0.1041 0.1412
vt 0.1346 0.10670000000000002
vt 0.1346 0.10670000000000002
vt 0.1041 0.1412
vt 0.1041 0.12760000000000005
vt 0.1346 0.08109999999999995
vt 0.1346 0.08109999999999995
vt 0.1041 0.12760000000000005
vt 0.1041 0.12029999999999996
vt 0.1346 0.0675
vt 0.1041 0.11939999999999995
vt 0.1346 0.06579999999999997
vt 0.1346 0.0675
vt 0.1041 0.12029999999999996
vt 0.0888 0.1804
vt 0.1041 0.24050000000000005
vt 0.1041 0.24139999999999995
vt 0.0888 0.1804
vt 0.1041 0.23319999999999996
vt 0.1041 0.24050000000000005
vt 0.0888 0.1804
vt 0.1041 0.21960000000000002
vt 0.1041 0.23319999999999996
vt 0.0888 0.1804
vt 0.1041 0.20130000000000003
vt 0.1041 0.21960000000000002
vt 0.0888 0.1804
vt 0.1041 0.1804
vt 0.1041 0.20130000000000003
vt 0.0888 0.1804
vt 0.1041 0.15949999999999998
vt 0.1041 0.1804
vt 0.0888 0.1804
vt 0.1041 0.1412
vt 0.1041 0.15949999999999998
vt 0.0888 0.1804
vt 0.1041 0.12760000000000005
vt 0.1041 0.1412
vt 0.0888 0.1804
vt 0.1041 0.12029999999999996
vt 0.1041 0.12760000000000005
vt 0.0888 0.1804
vt 0.1041 0.11939999999999995
vt 0.1041 0.12029999999999996
vt 0.4494 0.1804
vt 0.4342 0.24139999999999995
vt 0.4342 0.24050000000000005
vt 0.4494 0.1804
vt 0.4342 0.24050000000000005
vt 0.4342 0.23319999999999996
vt 0.4494 0.1804
vt 0.4342 0.23319999999999996
vt 0.4342 0.21960000000000002
vt 0.4494 0.1804
vt 0.4342 0.21960000000000002
vt 0.4342 0.20130000000000003
vt 0.4494 0.1804
vt 0.4342 0.20130000000000003
vt 0.4342 0.1804
vt 0.4494 0.1804
vt 0.4342 0.1804
vt 0.4342 0.15949999999999998
vt 0.4494 0.1804
vt 0.4342 0.15949999999999998
vt 0.4342 0.1412
vt 0.4494 0.1804
vt 0.4342 0.1412
vt 0.4342 0.12760000000000005
vt 0.4494 0.1804
vt 0.4342 0.12760000000000005
vt 0.4342 0.12029999999999996
vt 0.4494 0.1804
vt 0.4342 0.12029999999999996
vt 0.4342 0.11939999999999995
vt 0.4037 0.2933
vt 0.4342 0.24050000000000005
vt 0.4342 0.24139999999999995
vt 0.4037 0.29500000000000004
vt 0.4342 0.24050000000000005
vt 0.4037 0.2933
vt 0.4037 0.27969999999999995
vt 0.4342 0.23319999999999996
vt 0.4342 0.23319999999999996
vt 0.4037 0.27969999999999995
vt 0.4037 0.2541
vt 0.4342 0.21960000000000002
vt 0.4342 0.21960000000000002
vt 0.4037 0.2541
vt 0.4037 0.21960000000000002
vt 0.4342 0.20130000000000003
vt 0.4342 0.20130000000000003
vt 0.4037 0.21960000000000002
vt 0.4037 0.1804
vt 0.4342 0.1804
vt 0.4342 0.1804
vt 0.4037 0.1804
vt 0.4037 0.1412
vt 0.4342 0.15949999999999998
vt 0.4342 0.15949999999999998
vt 0.4037 0.1412
vt 0.4037 0.10670000000000002
vt 0.4342 0.1412
vt 0.4342 0.1412
vt 0.4037 0.10670000000000002
vt 0.4037 0.08109999999999995
vt 0.4342 0.12760000000000005
vt 0.4342 0.12760000000000005
vt 0.4037 0.08109999999999995
vt 0.4037 0.0675
vt 0.4342 0.12029999999999996
vt 0.4037 0.06579999999999997
vt 0.4342 0.11939999999999995
vt 0.4342 0.12029999999999996
vt 0.4037 0.0675
vt 0.3569 0.3325
vt 0.4037 0.2933
vt 0.4037 0.29500000000000004
vt 0.3569 0.3348
vt 0.4037 0.2933
vt 0.3569 0.3325
vt 0.3569 0.31420000000000003
vt 0.4037 0.27969999999999995
vt 0.4037 0.27969999999999995
vt 0.3569 0.31420000000000003
vt 0.3569 0.27969999999999995
vt 0.4037 0.2541
vt 0.4037 0.2541
vt 0.3569 0.27969999999999995
vt 0.3569 0.23319999999999996
vt 0.4037 0.21960000000000002
vt 0.4037 0.21960000000000002
vt 0.3569 0.23319999999999996
vt 0.3569 0.1804
vt 0.4037 0.1804
vt 0.4037 0.1804
vt 0.3569 0.1804
vt 0.3569 0.12760000000000005
vt 0.4037 0.1412
vt 0.4037 0.1412
vt 0.3569 0.12760000000000005
vt 0.3569 0.08109999999999995
vt 0.4037 0.10670000000000002
vt 0.4037 0.10670000000000002
vt 0.3569 0.08109999999999995
vt 0.3569 0.046599999999999975
vt 0.4037 0.08109999999999995
vt 0.4037 0.08109999999999995
vt 0.3569 0.046599999999999975
vt 0.3569 0.028299999999999992
vt 0.4037 0.0675
vt 0.3569 0.026000000000000023
vt 0.4037 0.06579999999999997
vt 0.4037 0.0675
vt 0.3569 0.028299999999999992
vt 0.2996 0.35340000000000005
vt 0.3569 0.3325
vt 0.3569 0.3348
vt 0.2996 0.356
vt 0.3569 0.3325
vt 0.2996 0.35340000000000005
vt 0.2996 0.3325
vt 0.3569 0.31420000000000003
vt 0.3569 0.31420000000000003
vt 0.2996 0.3325
vt 0.2996 0.2933
vt 0.3569 0.27969999999999995
vt 0.3569 0.27969999999999995
vt 0.2996 0.2933
vt 0.2996 0.24050000000000005
vt 0.3569 0.23319999999999996
vt 0.3569 0.23319999999999996
vt 0.2996 0.24050000000000005
vt 0.2996 0.1804
vt 0.3569 0.1804
vt 0.3569 0.1804
vt 0.2996 0.1804
vt 0.2996 0.12029999999999996
vt 0.3569 0.12760000000000005
vt 0.3569 0.12760000000000005
vt 0.2996 0.12029999999999996
vt 0.2996 0.0675
vt 0.3569 0.08109999999999995
vt 0.3569 0.08109999999999995
vt 0.2996 0.0675
vt 0.2996 0.028299999999999992
vt 0.3569 0.046599999999999975
vt 0.3569 0.046599999999999975
vt 0.2996 0.028299999999999992
vt 0.2996 0.007399999999999962
vt 0.3569 0.028299999999999992
vt 0.2996 0.0048000000000000265
vt 0.3569 0.026000000000000023
vt 0.3569 0.028299999999999992
vt 0.2996 0.007399999999999962
vt 0.2386 0.35340000000000005
vt 0.2996 0.35340000000000005
vt 0.2996 0.356
vt 0.2386 0.356
vt 0.2996 0.35340000000000005
vt 0.2386 0.35340000000000005
vt 0.2386 0.3325
vt 0.2996 0.3325
vt 0.2996 0.3325
vt 0.2386 0.3325
vt 0.2386 0.2933
vt 0.2996 0.2933
vt 0.2996 0.2933
vt 0.2386 0.2933
vt 0.2386 0.24050000000000005
vt 0.2996 0.24050000000000005
vt 0.2996 0.24050000000000005
vt 0.2386 0.24050000000000005
vt 0.2386 0.1804
vt 0.2996 0.1804
vt 0.2996 0.1804
vt 0.2386 0.1804
vt 0.2386 0.12029999999999996
vt 0.2996 0.12029999999999996
vt 0.2996 0.12029999999999996
vt 0.2386 0.12029999999999996
vt 0.2386 0.0675
vt 0.2996 0.0675
vt 0.2996 0.0675
vt 0.2386 0.0675
vt 0.2386 0.028299999999999992
vt 0.2996 0.028299999999999992
vt 0.2996 0.028299999999999992
vt 0.2386 0.028299999999999992
vt 0.2386 0.007399999999999962
vt 0.2996 0.007399999999999962
vt 0.2386 0.0048000000000000265
vt 0.2996 0.0048000000000000265
vt 0.2996 0.007399999999999962
vt 0.2386 0.007399999999999962
vt 0.1813 0.3325
vt 0.2386 0.35340000000000005
vt 0.2386 0.356
vt 0.1813 0.3348
vt 0.2386 0.35340000000000005
vt 0.1813 0.3325
vt 0.1813 0.31420000000000003
vt 0.2386 0.3325
vt 0.2386 0.3325
vt 0.1813 0.31420000000000003
vt 0.1813 0.27969999999999995
vt 0.2386 0.2933
vt 0.2386 0.2933
vt 0.1813 0.27969999999999995
vt 0.1813 0.23319999999999996
vt 0.2386 0.24050000000000005
vt 0.2386 0.24050000000000005
vt 0.1813 0.23319999999999996
vt 0.1813 0.1804
vt 0.2386 0.1804
vt 0.2386 0.1804
vt 0.1813 0.1804
vt 0.1813 0.12760000000000005
vt 0.2386 0.12029999999999996
vt 0.2386 0.12029999999999996
vt 0.1813 0.12760000000000005
vt 0.1813 0.08109999999999995
vt 0.2386 0.0675
vt 0.2386 0.0675
vt 0.1813 0.08109999999999995
vt 0.1813 0.046599999999999975
vt 0.2386 0.028299999999999992
vt 0.2386 0.028299999999999992
vt 0.1813 0.046599999999999975
vt 0.1813 0.028299999999999992
vt 0.2386 0.007399999999999962
vt 0.1813 0.026000000000000023
vt 0.2386 0.0048000000000000265
vt 0.2386 0.007399999999999962
vt 0.1813 0.028299999999999992
vt 0.1346 0.2933
vt 0.1813 0.3325
vt 0.1813 0.3348
vt 0.1346 0.29500000000000004
vt 0.1813 0.3325
vt 0.1346 0.2933
vt 0.1346 0.27969999999999995
vt 0.1813 0.31420000000000003
vt 0.1813 0.31420000000000003
vt 0.1346 0.27969999999999995
vt 0.1346 0.2541
vt 0.1813 0.27969999999999995
vt 0.1813 0.27969999999999995
vt 0.1346 0.2541
vt 0.1346 0.21960000000000002
vt 0.1813 0.23319999999999996
vt 0.1813 0.23319999999999996
vt 0.1346 0.21960000000000002
vt 0.1346 0.1804
vt 0.1813 0.1804
vt 0.1813 0.1804
vt 0.1346 0.1804
vt 0.1346 0.1412
vt 0.1813 0.12760000000000005
vt 0.1813 0.12760000000000005
vt 0.1346 0.1412
vt 0.1346 0.10670000000000002
vt 0.1813 0.08109999999999995
vt 0.1813 0.08109999999999995
vt 0.1346 0.10670000000000002
vt 0.1346 0.08109999999999995
vt 0.1813 0.046599999999999975
vt 0.1813 0.046599999999999975
vt 0.1346 0.08109999999999995
vt 0.1346 0.0675
vt 0.1813 0.028299999999999992
vt 0.1346 0.06579999999999997
vt 0.1813 0.026000000000000023
vt 0.1813 0.028299999999999992
vt 0.1346 0.0675
vt 0.1041 0.24050000000000005
vt 0.1346 0.2933
vt 0.1346 0.29500000000000004
vt 0.1041 0.24139999999999995
vt 0.1346 0.2933
vt 0.1041 0.24050000000000005
vt 0.1041 0.23319999999999996
vt 0.1346 0.27969999999999995
vt 0.1346 0.27969999999999995
vt 0.1041 0.23319999999999996
vt 0.1041 0.21960000000000002
vt 0.1346 0.2541
vt 0.1346 0.2541
vt 0.1041 0.21960000000000002
vt 0.1041 0.20130000000000003
vt 0.1346 0.21960000000000002
vt 0.1346 0.21960000000000002
vt 0.1041 0.20130000000000003
vt 0.1041 0.1804
vt 0.1346 0.1804
vt 0.1346 0.1804
vt 0.1041 0.1804
vt 0.1041 0.15949999999999998
vt 0.1346 0.1412
vt 0.1346 0.1412
vt 0.1041 0.15949999999999998
vt 0.1041 0.1412
vt 0.1346 0.10670000000000002
vt 0.1346 0.10670000000000002
vt 0.1041 0.1412
vt 0.1041 0.12760000000000005
vt 0.1346 0.08109999999999995
vt 0.1346 0.08109999999999995
vt 0.1041 0.12760000000000005
vt 0.1041 0.12029999999999996
vt 0.1346 0.0675
vt 0.1041 0.11939999999999995
vt 0.1346 0.06579999999999997
vt 0.1346 0.0675
vt 0.1041 0.12029999999999996
vt 0.0888 0.1804
vt 0.1041 0.24050000000000005
vt 0.1041 0.24139999999999995
vt 0.0888 0.1804
vt 0.1041 0.23319999999999996
vt 0.1041 0.24050000000000005
vt 0.0888 0.1804
vt 0.1041 0.21960000000000002
vt 0.1041 0.23319999999999996
vt 0.0888 0.1804
vt 0.1041 0.20130000000000003
vt 0.1041 0.21960000000000002
vt 0.0888 0.1804
vt 0.1041 0.1804
vt 0.1041 0.20130000000000003
vt 0.0888 0.1804
vt 0.1041 0.15949999999999998
vt 0.1041 0.1804
vt 0.0888 0.1804
vt 0.1041 0.1412
vt 0.1041 0.15949999999999998
vt 0.0888 0.1804
vt 0.1041 0.12760000000000005
vt 0.1041 0.1412
vt 0.0888 0.1804
vt 0.1041 0.12029999999999996
vt 0.1041 0.12760000000000005
vt 0.0888 0.1804
vt 0.1041 0.11939999999999995
vt 0.1041 0.12029999999999996
vt 0.6742 0.5051
vt 0.6364 0.5051
vt 0.598 0.4416
vt 0.6742 0.5051
vt 0.598 0.4416
vt 0.9098 0.44120000000000004
vt 0.7541 0.505
vt 0.8341 0.5049
vt 0.7541 0.505
vt 0.9098 0.44120000000000004
vn -0.0076243599353006284 0.9961666004578147 -0.08714340633632478
vn -0.022637834405618982 0.9961666100938024 -0.08449623297902763
vn -0.0369642783566494 0.9961666632790951 -0.07928190901439207
vn -0.05017394143406754 0.9961666900435835 -0.07165543418738063
vn -0.061854437250635025 0.9961666814267655 -0.061854437250635025
vn -0.07165543418738063 0.9961666900435835 -0.05017394143406754
vn -0.07928190901439207 0.9961666632790951 -0.0369642783566494
vn -0.08449623297902763 0.9961666100938024 -0.022637834405618982
vn -0.08714340633632478 0.9961666004578147 -0.0076243599353006284
vn -0.08714340633632478 0.9961666004578147 0.0076243599353006284
vn -0.08449623297902763 0.9961666100938024 0.022637834405618982
vn -0.07928190901439207 0.9961666632790951 0.0369642783566494
vn -0.07165543418738063 0.9961666900435835 0.05017394143406754
vn -0.061854437250635025 0.9961666814267655 0.061854437250635025
vn -0.05017394143406754 0.9961666900435835 0.07165543418738063
vn -0.0369642783566494 0.9961666632790951 0.07928190901439207
vn -0.022637834405618982 0.9961666100938024 0.08449623297902763
vn -0.0076243599353006284 0.9961666004578147 0.08714340633632478
vn -0.02263647854462426 0.9656726860324888 -0.258773749228737
vn -0.06722519420801 0.9656728407943739 -0.2509118128263782
vn -0.10977718885975314 0.9656724695834265 -0.23542652844294457
vn -0.1489882064736339 0.965672941917538 -0.21278694410159993
vn -0.18367833602546407 0.9656731008730821 -0.18367833602546407
vn -0.2127878030565861 0.9656726598558183 -0.14898880789287686
vn -0.23542483135496306 0.9656729732824931 -0.10977639752349595
vn -0.2509114865140113 0.9656729316666083 -0.06722510678122849
vn -0.25877444747218137 0.9656724974903825 -0.022636539624130172
vn -0.258773749228737 0.9656726860324888 0.02263647854462426
vn -0.2509118128263782 0.9656728407943739 0.06722519420801
vn -0.23542652844294457 0.9656724695834265 0.10977718885975314
vn -0.21278694410159993 0.965672941917538 0.1489882064736339
vn -0.18367833602546407 0.9656731008730821 0.18367833602546407
vn -0.14898880789287686 0.9656726598558183 0.2127878030565861
vn -0.10977639752349595 0.9656729732824931 0.23542483135496306
vn -0.06722510678122849 0.9656729316666083 0.2509114865140113
vn -0.022636539624130172 0.9656724974903825 0.25877444747218137
vn -0.0369444721544872 0.9056912288211614 -0.42232511648449345
vn -0.10972217740045495 0.9056902296422231 -0.40949511806262184
vn -0.17916289139148206 0.9056900263222118 -0.3842215956563546
vn -0.24315952229615512 0.9056896095105735 -0.34727478736771344
vn -0.29977153098811093 0.9056898246188306 -0.29977153098811093
vn -0.3472734899877179 0.9056903508639638 -0.2431586138792143
vn -0.38422058643276696 0.9056905475591984 -0.179162420789574
vn -0.40949257423886015 0.9056914623665278 -0.10972149579554749
vn -0.4223247516762568 0.9056914002334511 -0.03694444024151964
vn -0.42232511648449345 0.9056912288211614 0.0369444721544872
vn -0.40949511806262184 0.9056902296422231 0.10972217740045495
vn -0.3842215956563546 0.9056900263222118 0.17916289139148206
vn -0.34727478736771344 0.9056896095105735 0.24315952229615512
vn -0.29977153098811093 0.9056898246188306 0.29977153098811093
vn -0.2431586138792143 0.9056903508639638 0.3472734899877179
vn -0.179162420789574 0.9056905475591984 0.38422058643276696
vn -0.10972149579554749 0.9056914623665278 0.40949257423886015
vn -0.03694444024151963 0.9056914002334508 0.4223247516762567
vn -0.05010047785611265 0.818123292236305 -0.572856195584039
vn -0.14883327366921723 0.8181230880487332 -0.5554487100088619
vn -0.24302368107123176 0.8181228122205938 -0.5211665324662123
vn -0.329836636516104 0.8181204371457494 -0.4710485575141816
vn -0.40661988046496184 0.8181201290894391 -0.40661988046496184
vn -0.4710453833762133 0.8181231607703259 -0.32983441392784935
vn -0.5211654420926586 0.8181236578519054 -0.24302317262224615
vn -0.5554473485123592 0.8181240787756837 -0.14883290885428843
vn -0.5728611871838353 0.818119770323267 -0.05010091440814262
vn -0.572856195584039 0.818123292236305 0.05010047785611266
vn -0.5554487100088619 0.8181230880487332 0.14883327366921723
vn -0.5211665324662123 0.8181228122205938 0.24302368107123176
vn -0.4710485575141816 0.8181204371457494 0.329836636516104
vn -0.40661988046496184 0.8181201290894391 0.40661988046496184
vn -0.32983441392784935 0.818123160770326 0.4710453833762133
vn -0.24302317262224615 0.8181236578519054 0.5211654420926586
vn -0.14883290885428843 0.8181240787756837 0.5554473485123592
vn -0.05010091440814262 0.818119770323267 0.5728611871838353
vn -0.06174676736896029 0.7057474553643325 -0.7057675721979957
vn -0.18334546519419653 0.7057573245960824 -0.6843179371985683
vn -0.29941164463904335 0.7057553050208836 -0.6420764101642599
vn -0.40635753186363793 0.7057551288958964 -0.5803302976192345
vn -0.5009536578621998 0.7057555280328763 -0.5009536578621998
vn -0.5803303391955021 0.705755077946173 -0.4063575609760754
vn -0.6420738629270704 0.7057581263396905 -0.29941045681705813
vn -0.684325783322328 0.7057491706142336 -0.18334756736211075
vn -0.7057575522011068 0.7057575522011067 -0.061745890731323055
vn -0.7057675721979958 0.7057474553643326 0.0617467673689603
vn -0.6843179371985683 0.7057573245960824 0.18334546519419656
vn -0.6420764101642599 0.7057553050208836 0.29941164463904335
vn -0.5803302976192344 0.7057551288958964 0.4063575318636379
vn -0.5009536578621998 0.7057555280328763 0.5009536578621998
vn -0.4063575609760754 0.705755077946173 0.5803303391955021
vn -0.29941045681705813 0.7057581263396905 0.6420738629270704
vn -0.18334756736211075 0.7057491706142336 0.684325783322328
vn -0.06174589073132304 0.7057575522011066 0.7057575522011067
vn -0.07148341568932387 0.5721139152443346 -0.8170531128789522
vn -0.212255113503729 0.5721168350636762 -0.7922310861284362
vn -0.34663163221810633 0.5721135313615602 -0.7433253788071659
vn -0.47043172568505404 0.5721165055375027 -0.6718457379194565
vn -0.5799495388769951 0.5721163034844591 -0.5799495388769951
vn -0.6718476621572692 0.5721131379657164 -0.47043307305166476
vn -0.743323290598156 0.5721168344741667 -0.346630658432846
vn -0.7922322800941348 0.572115063053299 -0.2122554333918643
vn -0.817052935013439 0.5721141712036737 -0.07148340012799229
vn -0.8170531128789522 0.5721139152443346 0.07148341568932387
vn -0.7922310861284362 0.5721168350636762 0.212255113503729
vn -0.7433253788071659 0.5721135313615602 0.34663163221810633
vn -0.6718457379194565 0.5721165055375027 0.47043172568505404
vn -0.5799495388769951 0.5721163034844591 0.5799495388769951
vn -0.47043307305166476 0.5721131379657164 0.6718476621572692
vn -0.3334430455279018 0.5714478314261346 0.7498420576010961
vn -0.08588156400489273 0.5696053473210241 0.8174191735378912
vn -0.07904445188792963 0.42129086654477427 -0.9034743938771536
vn -0.23470819919092709 0.42128894235890846 -0.8760295019453765
vn -0.3832779071296706 0.4213028150072061 -0.8219501103919288
vn -0.5201938330768416 0.4212975106295257 -0.7429042896404543
vn -0.6412912716982407 0.4212968189855065 -0.6412912716982407
vn -0.7429027352949117 0.42130159536182327 -0.5201927446984637
vn -0.8219556427695448 0.4212896743157856 -0.3832804868946555
vn -0.8760129497869332 0.4213111415340408 -0.2347301297764722
vn -0.9034639928407464 0.4213133419712801 -0.07904354190727336
vn -0.9034640282333606 0.4213132654944411 0.07904354500375269
vn -0.8760225287509592 0.4212897937534443 0.2347326964867811
vn -0.8219501103919287 0.42130281500720607 0.3832779071296705
vn -0.7429042896404542 0.4212975106295256 0.5201938330768415
vn -0.6412912716982407 0.4212968189855065 0.6412912716982407
vn -0.5201797678615954 0.42128389872765964 0.7429218571157266
vn -0.38331122909218984 0.421283526125261 0.8219444581401479
vn -0.08420980135667551 0.25791944590435084 -0.9624896200894129
vn -0.25005696349518886 0.2579025915769216 -0.9332511817648416
vn -0.4083415856190356 0.2578797033886828 -0.8756455949950852
vn -0.5541726757013794 0.2578887880395526 -0.7914455246632359
vn -0.6831881850304247 0.2578910771424026 -0.6831881850304247
vn -0.7914472374550255 0.25788095429530183 -0.5541738750036427
vn -0.8756405564596405 0.25790053166930244 -0.40833923598858635
vn -0.9332535138807481 0.2578935465063112 -0.25005758836642766
vn -0.9624958621762523 0.25789597257361363 -0.0842103474871291
vn -0.9624963773420989 0.2578940351932438 0.08421039255983713
vn -0.9332511817648416 0.2579025915769216 0.25005696349518886
vn -0.8756455949950852 0.2578797033886828 0.4083415856190356
vn -0.7914455246632359 0.2578887880395526 0.5541726757013794
vn -0.6831881850304247 0.2578910771424026 0.6831881850304247
vn -0.5541706760004002 0.2579018493558776 0.7914426687765058
vn -0.08681680603593209 0.0868294128708605 -0.9924331187794072
vn -0.2578378561262317 0.08682645310413034 -0.9622789652640158
vn -0.4210396019538418 0.08682628406130398 -0.9028769849667541
vn -0.571415863932074 0.08681628253892845 -0.8160556620310179
vn -0.7044371578134023 0.08681348618475938 -0.7044371578134023
vn -0.8160550256508723 0.08682519684381461 -0.5714154183280209
vn -0.9028770448760642 0.08682552560604273 -0.4210396298914153
vn -0.9622787149628242 0.08682942624779322 -0.25783778905927407
vn -0.9924342050633592 0.08681690106269145 -0.08681690106269145
vn -0.9924331187794074 0.08682941287086052 0.0868168060359321
vn -0.9622789652640158 0.08682645310413034 0.2578378561262317
vn -0.9028769849667541 0.08682628406130398 0.4210396019538418
vn -0.8160556620310179 0.08681628253892845 0.571415863932074
vn -0.7044495929807839 0.08683251262621516 0.7044223773420504
vn -0.5714026255022935 0.0868253150511089 0.816063970675928
vn -0.32154563454555524 0.18266275961729447 0.929108562630703
vn -0.0868295093784671 -0.0868295093784671 -0.992431998981386
vn -0.257834929537413 -0.0868264301842517 -0.9622797514922035
vn -0.4210403023418703 -0.08682628990603851 -0.9028766577916495
vn -0.5714084247076174 -0.08681621393448226 -0.8160608783486936
vn -0.7044371578134023 -0.08681348618475941 -0.7044371578134023
vn -0.8160602321549111 -0.08682526564931396 -0.571407972240674
vn -0.9028767186250797 -0.08682551975108505 -0.4210403307104471
vn -0.9622794973305207 -0.08682944918138885 -0.25783486143688455
vn -0.9924331020205336 -0.0868168045698868 -0.086829605885178
vn -0.9924319989813858 -0.08682950937846709 0.08682950937846709
vn -0.9622797514922035 -0.0868264301842517 0.257834929537413
vn -0.9028891983459343 -0.08680152739469882 0.4210185154505487
vn -0.8160478819797038 -0.08681638484635965 0.5714269591458286
vn -0.7044359763213478 -0.08683265819021724 0.7044359763213478
vn -0.571407972240674 -0.08682526564931395 0.816060232154911
vn -0.421017624883263 -0.08682570941832579 0.9028872884926782
vn -0.2578689938454806 -0.08682669691412652 0.9622705995280652
vn -0.08418040771154825 -0.2578933787140108 -0.9624991761934082
vn -0.25006656904027047 -0.25790280860406417 -0.9332485480098874
vn -0.40832085581307553 -0.25787920326516905 -0.8756554089545723
vn -0.5541797129408947 -0.25788897619166223 -0.7914405358102174
vn -0.6831881850304247 -0.25789107714240267 -0.6831881850304247
vn -0.791442330824207 -0.2578807663388907 -0.5541809698392876
vn -0.8756501283555467 -0.25790103194575226 -0.4083183934532348
vn -0.9332509920645239 -0.25789332935486864 -0.2500672239315733
vn -0.9624960357466121 -0.25789601908092713 -0.08420822117980331
vn -0.9624965756433944 -0.2578939886955043 0.08420826841506036
vn -0.9332485480098874 -0.25790280860406417 0.25006656904027047
vn -0.8756498163799167 -0.25790232151335213 0.4083182479780228
vn -0.7914405358102174 -0.25788897619166223 0.5541797129408947
vn -0.6831881850304247 -0.25789107714240267 0.6831881850304247
vn -0.5541809698392876 -0.2578807663388907 0.791442330824207
vn -0.4083210012771053 -0.2578779136728606 0.8756557209062217
vn -0.25004210527222726 -0.2578775782243633 0.9332620747893756
vn -0.08483897619558729 -0.23186440169256772 0.9690414064145206
vn -0.07904344819983684 -0.4213132622428634 -0.9034640382189851
vn -0.23470656873867252 -0.42128888568361483 -0.8760299660344828
vn -0.38329295035513206 -0.4213033737536244 -0.821942809124742
vn -0.5201896220235169 -0.4212973369184068 -0.7429073367819766
vn -0.6412912716982406 -0.42129681898550647 -0.6412912716982406
vn -0.7429056502005749 -0.4213017691412882 -0.520188441065814
vn -0.821948812010364 -0.4212891153730121 -0.38329574965420143
vn -0.8760195719987934 -0.42131204975565506 -0.23470378396127156
vn -0.9034639998161884 -0.42131334522414565 -0.07904344484000253
vn -0.9034640382189851 -0.4213132622428634 0.07904344819983684
vn -0.8760299660344828 -0.42128888568361483 0.23470656873867252
vn -0.821942809124742 -0.4213033737536244 0.38329295035513206
vn -0.7429073367819766 -0.4212973369184068 0.5201896220235169
vn -0.6412912716982406 -0.42129681898550647 0.6412912716982406
vn -0.520188441065814 -0.4213017691412882 0.7429056502005749
vn -0.38329574965420143 -0.4212891153730121 0.821948812010364
vn -0.2347063949644237 -0.4212903312014379 0.8760293174312072
vn -0.0714830113804417 -0.5721138985404548 -0.8170531599478862
vn -0.21225781349216896 -0.5721169507273693 -0.7922302792130206
vn -0.34662693702579683 -0.5721133158310736 -0.7433277341636653
vn -0.4704360228049456 -0.5721167252828129 -0.6718425418944048
vn -0.5799495388769951 -0.572116303484459 -0.5799495388769951
vn -0.6718447172601337 -0.5721129181994655 -0.47043754603447907
vn -0.7433253733904187 -0.5721170500725 -0.3466258361552631
vn -0.7922316290009692 -0.5721149474533596 -0.21225817513328032
vn -0.8170529588678338 -0.5721141879069211 -0.07148299378818655
vn -0.8170531599478862 -0.5721138985404548 0.0714830113804417
vn -0.7922302792130206 -0.5721169507273693 0.21225781349216896
vn -0.7433277341636653 -0.5721133158310736 0.34662693702579683
vn -0.6718425418944048 -0.5721167252828129 0.4704360228049456
vn -0.5799495388769951 -0.572116303484459 0.5799495388769951
vn -0.47043754603447907 -0.5721129181994655 0.6718447172601337
vn -0.3466258361552631 -0.5721170500725 0.7433253733904187
vn -0.21225817513328032 -0.5721149474533596 0.7922316290009692
vn -0.07148017757510741 -0.5721228791601837 0.817047119421697
vn -0.0714830113804417 -0.5721138985404548 0.8170531599478862
vn -0.06172480573063343 -0.7057464869616655 -0.705770461622462
vn -0.183362525868526 -0.7057581064970037 -0.6843125595960359
vn -0.2994061542073745 -0.7057550345217037 -0.6420792677466068
vn -0.4063576205469348 -0.7057551337809751 -0.5803302295807373
vn -0.5009536578621998 -0.7057555280328764 -0.5009536578621998
vn -0.5803302791296976 -0.7057550730610924 -0.40635765524200423
vn -0.6420762320601868 -0.7057583968329812 -0.29940473864508793
vn -0.6843219100551748 -0.7057483890885464 -0.18336503133738186
vn -0.7057707893482962 -0.7057435226665876 -0.061754944067975874
vn -0.7057665451897907 -0.7057477994588439 0.06175457270410663
vn -0.684312559596036 -0.7057581064970037 0.18336252586852603
vn -0.6420792677466068 -0.7057550345217037 0.2994061542073745
vn -0.5803302295807373 -0.7057551337809751 0.4063576205469348
vn -0.5009536578621998 -0.7057555280328764 0.5009536578621998
vn -0.40635765524200423 -0.7057550730610924 0.5803302791296976
vn -0.29940473864508793 -0.7057583968329812 0.6420762320601868
vn -0.18336503133738188 -0.7057483890885464 0.6843219100551748
vn -0.06172376135367369 -0.7057585200634686 0.7057585200634686
vn -0.05011258689158526 -0.8181237952488474 -0.572854418052838
vn -0.14883000589299825 -0.8181229465613569 -0.5554497940009102
vn -0.24302109493709081 -0.8181226914560418 -0.521167927965929
vn -0.3298292141322036 -0.8181200482580068 -0.4710544301280368
vn -0.4066198804649619 -0.8181201290894391 -0.4066198804649619
vn -0.4710503495742501 -0.8181235496082402 -0.3298263569552775
vn -0.5211665262100416 -0.8181237785750813 -0.24302044129700223
vn -0.5554480436648263 -0.8181242202351048 -0.14882953689916206
vn -0.572848048065928 -0.8181282896411186 -0.05011202965310989
vn -0.572854418052838 -0.8181237952488474 0.05011258689158526
vn -0.5554497940009102 -0.8181229465613568 0.14883000589299825
vn -0.521167927965929 -0.8181226914560418 0.24302109493709081
vn -0.47105443012803694 -0.818120048258007 0.3298292141322037
vn -0.4066198804649619 -0.8181201290894391 0.4066198804649619
vn -0.3298263569552775 -0.8181235496082402 0.4710503495742501
vn -0.2430204412970022 -0.8181237785750812 0.5211665262100414
vn -0.14882953689916206 -0.8181242202351048 0.5554480436648263
vn -0.050113148249919345 -0.8181192675524661 0.5728608351352866
vn -0.03694330548966244 -0.9056911892267417 -0.4223253034528573
vn -0.10971414814091784 -0.9056899448670626 -0.40949789921855556
vn -0.1791597522670699 -0.9056899059241095 -0.38422334321951296
vn -0.2431555570155273 -0.9056894382614976 -0.34727801040958745
vn -0.29977153098811093 -0.9056898246188306 -0.29977153098811093
vn -0.34727611376900935 -0.9056905220373317 -0.2431542290342489
vn -0.38422186783986656 -0.9056906679152275 -0.17915906431133627
vn -0.4094941803115759 -0.9056917470211797 -0.10971315175800095
vn -0.42232477013407793 -0.9056914398169466 -0.036943258837097634
vn -0.4223253034528573 -0.9056911892267417 0.03694330548966244
vn -0.40949789921855556 -0.9056899448670626 0.10971414814091784
vn -0.38422334321951307 -0.9056899059241097 0.17915975226706993
vn -0.34727801040958745 -0.9056894382614976 0.2431555570155273
vn -0.29977153098811093 -0.9056898246188306 0.29977153098811093
vn -0.24315422903424885 -0.9056905220373315 0.3472761137690093
vn -0.17915906431133627 -0.9056906679152275 0.38422186783986656
vn -0.10971315175800095 -0.9056917470211797 0.4094941803115759
vn -0.036943258837097634 -0.9056914398169466 0.42232477013407793
vn -0.02264059829556719 -0.9656727774510049 -0.2587730476670258
vn -0.06722329755494355 -0.9656727967287315 -0.25091249056981924
vn -0.10976748768311997 -0.9656722252840246 -0.2354320538132742
vn -0.14899301892226718 -0.9656730786801896 -0.21278295379271656
vn -0.18367833602546407 -0.9656731008730821 -0.18367833602546407
vn -0.21278464558192753 -0.9656725231248973 -0.14899420353211223
vn -0.23542871105565785 -0.9656732174012765 -0.10976592916082219
vn -0.2509118478806017 -0.9656729757059639 -0.06722312536866296
vn -0.25877442297779685 -0.9656724060843196 -0.022640718624399654
vn -0.2587730476670258 -0.9656727774510049 0.02264059829556719
vn -0.25091249056981924 -0.9656727967287315 0.06722329755494355
vn -0.2354320538132742 -0.9656722252840246 0.10976748768311997
vn -0.21278295379271656 -0.9656730786801896 0.14899301892226718
vn -0.18367833602546407 -0.9656731008730821 0.18367833602546407
vn -0.14899420353211223 -0.9656725231248973 0.21278464558192753
vn -0.10976592916082219 -0.9656732174012765 0.23542871105565785
vn -0.06722312536866296 -0.9656729757059639 0.2509118478806017
vn -0.022640718624399654 -0.9656724060843196 0.25877442297779685
vn -0.0076243599353006284 -0.9961666004578147 -0.08714340633632478
vn -0.022637834405618982 -0.9961666100938024 -0.08449623297902763
vn -0.0369642783566494 -0.9961666632790951 -0.07928190901439207
vn -0.05017394143406754 -0.9961666900435835 -0.07165543418738063
vn -0.061854437250635025 -0.9961666814267655 -0.061854437250635025
vn -0.07165543418738063 -0.9961666900435835 -0.05017394143406754
vn -0.07928190901439207 -0.9961666632790951 -0.0369642783566494
vn -0.08449623297902763 -0.9961666100938024 -0.022637834405618982
vn -0.08714340633632478 -0.9961666004578147 -0.0076243599353006284
vn -0.08714340633632478 -0.9961666004578147 0.0076243599353006284
vn -0.08449623297902763 -0.9961666100938024 0.022637834405618982
vn -0.07928190901439207 -0.9961666632790951 0.0369642783566494
vn -0.07165543418738063 -0.9961666900435835 0.05017394143406754
vn -0.061854437250635025 -0.9961666814267655 0.061854437250635025
vn -0.05017394143406754 -0.9961666900435835 0.07165543418738063
vn -0.0369642783566494 -0.9961666632790951 0.07928190901439207
vn -0.022637834405618982 -0.9961666100938024 0.08449623297902763
vn -0.0076243599353006284 -0.9961666004578147 0.08714340633632478
vn -0.40832154606931004 0.2578871292453761 0.8756527528564889
vn -0.07909813979966453 -0.4212926694316929 0.9034688544511931
vn -0.4083486853439279 0.2579030554088247 0.8756354065412606
vn -0.19651266962814837 0.5596569632214906 0.8050881033733621
vn -0.2578689209315959 0.08682992885339856 0.9622703274407292
vn -0.32152988640333713 0.16778366379132115 0.9319158622505672
vn -0.3613890788265986 0.4440753599771614 0.819874995573116
vn -0.06783237771730617 -0.5712302519258762 0.8179821317228859
vn -0.07910294168493037 -0.42131801697130544 0.9034566138958513
vn -0.25773922961171425 0.08682161724626365 0.9623058226457447
vn -0.08471807937760167 -0.23181861996183314 0.9690629362768765
vn -0.25774013981495913 -0.08678123916856688 0.962309221018137
vn -0.19241851289114223 0.5869935483085884 0.786392834492313
vn -0.42101725479976093 0.08682609754827754 0.9028874237386465
vn 0.6513294501485428 0.40000538362081633 0.6447989147350982
vn 0.7166848200533273 0.21542330303954849 0.6632915416411252
vn 0.6919637986058708 -0.023227020652089817 0.7215584570431985
vn 0 -0.6790054892106517 0.7341331933796508
vn -0.0572658351581482 -0.6415572405544423 0.7649345927697411
vn 0.684108602521413 -0.11477182307502176 0.7202935849945044
vn 0.4380403797951625 -0.2209979880250523 0.8713670380257612
vn 0.4581872446461766 0.6628041812381122 0.5922457818987151
vn -0.042591711834266986 -0.5849441920798373 0.8099544667665541
vn -0.0868312403204956 0.1470124229911114 0.9853160321392762
vn 0.289048002454503 0.0017986806871492238 0.9573129148950449
vn 0.2721023890238556 0.00865344720897993 0.9622293945514822
vn 0 0.3686228747160567 0.929579031732144
vn 0 0.3686228747160567 0.9295790317321442
vn -0.00006383483813644238 0.36858833004361535 0.9295927274246353
vn 0.00010108646265617433 0.3685621601298402 0.9296031002002699
vn 0.000046887660443647295 0.36860764097131493 0.9295850713189782
vn 0 -0.139053069859503 0.9902849305945478
vn 0 0.23545495745767342 0.9718852622653588
vn 0.0076243599353006284 0.9961666004578147 -0.08714340633632478
vn 0.022637834405618982 0.9961666100938024 -0.08449623297902763
vn 0.0369642783566494 0.9961666632790951 -0.07928190901439207
vn 0.05017394143406754 0.9961666900435835 -0.07165543418738063
vn 0.061854437250635025 0.9961666814267655 -0.061854437250635025
vn 0.07165543418738063 0.9961666900435835 -0.05017394143406754
vn 0.07928190901439207 0.9961666632790951 -0.0369642783566494
vn 0.08449623297902763 0.9961666100938024 -0.022637834405618982
vn 0.08714340633632478 0.9961666004578147 -0.0076243599353006284
vn 0.08714340633632478 0.9961666004578147 0.0076243599353006284
vn 0.08449623297902763 0.9961666100938024 0.022637834405618982
vn 0.07928190901439207 0.9961666632790951 0.0369642783566494
vn 0.07165543418738063 0.9961666900435835 0.05017394143406754
vn 0.061854437250635025 0.9961666814267655 0.061854437250635025
vn 0.05017394143406754 0.9961666900435835 0.07165543418738063
vn 0.0369642783566494 0.9961666632790951 0.07928190901439207
vn 0.022637834405618982 0.9961666100938024 0.08449623297902763
vn 0.0076243599353006284 0.9961666004578147 0.08714340633632478
vn 0.0226364785446242 0.9656726860324888 -0.2587737492287371
vn 0.06722519420801 0.9656728407943739 -0.2509118128263782
vn 0.10977718885975309 0.9656724695834265 -0.23542652844294457
vn 0.14898820647363387 0.965672941917538 -0.21278694410159996
vn 0.18367833602546413 0.9656731008730821 -0.18367833602546413
vn 0.21278780305658612 0.9656726598558185 -0.14898880789287686
vn 0.23542483135496303 0.9656729732824931 -0.10977639752349598
vn 0.2509114865140112 0.9656729316666082 -0.06722510678122846
vn 0.2587744474721813 0.9656724974903825 -0.022636539624130203
vn 0.2587737492287371 0.9656726860324888 0.0226364785446242
vn 0.2509118128263782 0.9656728407943739 0.06722519420801
vn 0.23542652844294457 0.9656724695834265 0.10977718885975309
vn 0.21278694410159996 0.965672941917538 0.14898820647363387
vn 0.18367833602546413 0.9656731008730821 0.18367833602546413
vn 0.14898880789287686 0.9656726598558185 0.21278780305658612
vn 0.10977639752349598 0.9656729732824931 0.23542483135496303
vn 0.06722510678122846 0.9656729316666082 0.2509114865140112
vn 0.022636539624130207 0.9656724974903824 0.2587744474721813
vn 0.036944472154487096 0.9056912288211616 -0.42232511648449356
vn 0.10972217740045496 0.9056902296422231 -0.40949511806262184
vn 0.1791628913914821 0.9056900263222118 -0.3842215956563546
vn 0.2431595222961551 0.9056896095105735 -0.34727478736771344
vn 0.2997715309881109 0.9056898246188306 -0.29977153098811093
vn 0.3472734899877178 0.9056903508639639 -0.24315861387921428
vn 0.38422058643276696 0.9056905475591984 -0.17916242078957395
vn 0.4094925742388601 0.9056914623665276 -0.10972149579554748
vn 0.4223247516762568 0.9056914002334511 -0.03694444024151967
vn 0.42232511648449356 0.9056912288211616 0.036944472154487096
vn 0.40949511806262184 0.9056902296422231 0.10972217740045496
vn 0.3842215956563546 0.9056900263222118 0.1791628913914821
vn 0.34727478736771344 0.9056896095105735 0.2431595222961551
vn 0.29977153098811093 0.9056898246188306 0.2997715309881109
vn 0.24315861387921428 0.9056903508639639 0.3472734899877178
vn 0.17916242078957395 0.9056905475591983 0.3842205864327669
vn 0.10972149579554748 0.9056914623665276 0.4094925742388601
vn 0.03694444024151966 0.9056914002334508 0.4223247516762567
vn 0.05010047785611272 0.8181232922363051 -0.5728561955840391
vn 0.14883327366921723 0.8181230880487332 -0.5554487100088619
vn 0.2430236810712317 0.8181228122205938 -0.5211665324662123
vn 0.32983663651610395 0.8181204371457494 -0.4710485575141816
vn 0.4066198804649619 0.818120129089439 -0.4066198804649619
vn 0.4710453833762133 0.818123160770326 -0.3298344139278494
vn 0.5211654420926586 0.8181236578519056 -0.24302317262224615
vn 0.5554473485123591 0.8181240787756837 -0.1488329088542884
vn 0.5728611871838353 0.818119770323267 -0.05010091440814268
vn 0.5728561955840391 0.8181232922363051 0.05010047785611272
vn 0.5554487100088619 0.8181230880487332 0.14883327366921723
vn 0.5211665324662123 0.8181228122205938 0.2430236810712317
vn 0.4710485575141816 0.8181204371457494 0.32983663651610395
vn 0.4066198804649619 0.818120129089439 0.4066198804649619
vn 0.3298344139278494 0.818123160770326 0.4710453833762133
vn 0.24302317262224615 0.8181236578519056 0.5211654420926586
vn 0.1488329088542884 0.8181240787756837 0.5554473485123591
vn 0.05010091440814268 0.818119770323267 0.5728611871838353
vn 0.061746767368960315 0.7057474553643325 -0.7057675721979957
vn 0.18334546519419662 0.7057573245960824 -0.6843179371985683
vn 0.29941164463904335 0.7057553050208836 -0.6420764101642599
vn 0.4063575318636379 0.7057551288958965 -0.5803302976192345
vn 0.5009536578621997 0.7057555280328764 -0.5009536578621997
vn 0.5803303391955021 0.7057550779461731 -0.4063575609760754
vn 0.6420738629270704 0.7057581263396905 -0.2994104568170581
vn 0.684325783322328 0.7057491706142336 -0.18334756736211072
vn 0.7057575522011067 0.7057575522011067 -0.06174589073132306
vn 0.7057675721979958 0.7057474553643326 0.06174676736896033
vn 0.6843179371985683 0.7057573245960824 0.18334546519419662
vn 0.6420764101642599 0.7057553050208836 0.29941164463904335
vn 0.5803302976192344 0.7057551288958964 0.40635753186363777
vn 0.5009536578621999 0.7057555280328764 0.5009536578621998
vn 0.4063575609760754 0.7057550779461731 0.5803303391955021
vn 0.2994104568170581 0.7057581263396905 0.6420738629270704
vn 0.18334756736211072 0.7057491706142336 0.684325783322328
vn 0.06174589073132306 0.7057575522011067 0.7057575522011067
vn 0.07148341568932387 0.5721139152443346 -0.8170531128789521
vn 0.21225511350372894 0.5721168350636762 -0.7922310861284362
vn 0.34663163221810633 0.5721135313615602 -0.7433253788071659
vn 0.4704317256850541 0.5721165055375027 -0.6718457379194565
vn 0.5799495388769951 0.5721163034844591 -0.5799495388769951
vn 0.6718476621572692 0.5721131379657164 -0.47043307305166476
vn 0.743323290598156 0.5721168344741667 -0.346630658432846
vn 0.792232280094135 0.5721150630532988 -0.21225543339186434
vn 0.817052935013439 0.5721141712036737 -0.07148340012799229
vn 0.8170531128789521 0.5721139152443346 0.07148341568932387
vn 0.7922310861284362 0.5721168350636762 0.21225511350372894
vn 0.7433253788071659 0.5721135313615602 0.34663163221810633
vn 0.6718457379194563 0.5721165055375026 0.470431725685054
vn 0.5799495388769951 0.5721163034844591 0.5799495388769951
vn 0.47043307305166476 0.5721131379657164 0.6718476621572692
vn 0.3504601798185406 0.5588857745001882 0.7515479714714698
vn 0.08588156400489272 0.5696053473210241 0.8174191735378912
vn 0.07904445188792959 0.4212908665447744 -0.9034743938771536
vn 0.2347081991909271 0.4212889423589084 -0.8760295019453768
vn 0.3832779071296706 0.4213028150072061 -0.8219501103919288
vn 0.5201938330768415 0.42129751062952564 -0.7429042896404543
vn 0.6412912716982406 0.4212968189855065 -0.6412912716982407
vn 0.7429027352949117 0.42130159536182327 -0.5201927446984637
vn 0.8219556427695448 0.4212896743157856 -0.3832804868946555
vn 0.8760129497869332 0.42131114153404076 -0.2347301297764722
vn 0.9034762410761581 0.4212918208779893 -0.07901824771661439
vn 0.9034667232810306 0.42131238767100665 0.07901741528798052
vn 0.8760225287509594 0.4212897937534442 0.23473269648678113
vn 0.8219501103919287 0.42130281500720607 0.3832779071296705
vn 0.7429042896404543 0.42129751062952564 0.5201938330768415
vn 0.6412912716982407 0.4212968189855065 0.6412912716982406
vn 0.5201927446984637 0.42130159536182327 0.7429027352949117
vn 0.3478029953158418 0.43890804003797707 0.8284882671706042
vn 0.08420980135667555 0.25791944590435084 -0.9624896200894127
vn 0.25008363265569616 0.25787851680580437 -0.9332506883189369
vn 0.4083196311304302 0.2578791737146155 -0.8756559887294648
vn 0.5541726757013794 0.2578887880395526 -0.7914455246632359
vn 0.6831881850304247 0.2578910771424027 -0.6831881850304247
vn 0.7914472374550255 0.2578809542953019 -0.5541738750036427
vn 0.8756405564596405 0.25790053166930244 -0.40833923598858635
vn 0.9332535138807481 0.2578935465063112 -0.25005758836642766
vn 0.9624891048800401 0.25792138324391634 -0.08420975628015934
vn 0.9624963773420989 0.2578940351932438 0.08421039255983714
vn 0.9332511817648416 0.2579025915769216 0.25005696349518886
vn 0.8756455949950852 0.2578797033886829 0.4083415856190357
vn 0.7914455246632359 0.2578887880395526 0.5541726757013794
vn 0.6831881850304247 0.2578910771424027 0.6831881850304247
vn 0.5541738750036427 0.2578809542953019 0.7914472374550255
vn 0.08681680603593207 0.08682941287086052 -0.9924331187794072
vn 0.2578632436560778 0.08682665189647544 -0.9622721445057083
vn 0.42101725479976093 0.08682609754827754 -0.9028874237386465
vn 0.571415863932074 0.08681628253892845 -0.8160556620310179
vn 0.7044371578134023 0.08681348618475937 -0.7044371578134023
vn 0.8160550256508723 0.08682519684381461 -0.5714154183280209
vn 0.9028893949001707 0.0868011392612259 -0.4210181739542334
vn 0.9622719276933179 0.08682922726952516 -0.2578631855561457
vn 0.9924342050633592 0.08681690106269145 -0.08681690106269145
vn 0.9924331187794074 0.08682941287086053 0.08681680603593209
vn 0.9622743489353782 0.08680046254244125 0.25786383438437477
vn 0.9028874237386465 0.08682609754827754 0.42101725479976093
vn 0.8160556620310179 0.08681628253892845 0.571415863932074
vn 0.7044371578134023 0.08681348618475937 0.7044371578134023
vn 0.5714154183280209 0.08682519684381461 0.8160550256508723
vn 0.32154563454555524 0.1826627596172945 0.929108562630703
vn 0.0868295093784671 -0.0868295093784671 -0.992431998981386
vn 0.2578607086456184 -0.08682663204918005 -0.9622728256080892
vn 0.42101761047795283 -0.08682610051722324 -0.9028872575999776
vn 0.5714084247076174 -0.08681621393448223 -0.8160608783486936
vn 0.7044371578134023 -0.08681348618475938 -0.7044371578134023
vn 0.8160602321549111 -0.086825265649314 -0.571407972240674
vn 0.9028786593127501 -0.08680094691289551 -0.4210412357152631
vn 0.9622794973305204 -0.08682944918138882 -0.25783486143688455
vn 0.9924331020205336 -0.08681680456988682 -0.08682960588517799
vn 0.9924319989813858 -0.08682950937846709 0.08682950937846709
vn 0.962281955951094 -0.08680024062216805 0.2578355202040064
vn 0.9028766577916495 -0.08682628990603852 0.4210403023418703
vn 0.8160608783486936 -0.08681621393448223 0.5714084247076174
vn 0.7044371578134023 -0.08681348618475938 0.7044371578134023
vn 0.571407972240674 -0.08682526564931399 0.816060232154911
vn 0.4210412357152631 -0.08680094691289551 0.9028786593127501
vn 0.2578695845863085 -0.08680050760234709 0.9622728039518003
vn 0.08420767722679616 -0.25791939941249953 -0.9624898183891419
vn 0.25004210527222726 -0.2578775782243633 -0.9332620747893756
vn 0.40832085581307553 -0.257879203265169 -0.8756554089545723
vn 0.5541797129408949 -0.2578889761916623 -0.7914405358102173
vn 0.6831881850304246 -0.25789107714240267 -0.6831881850304247
vn 0.7914423308242068 -0.2578807663388907 -0.5541809698392876
vn 0.8756501283555467 -0.25790103194575237 -0.40831839345323484
vn 0.9332509920645239 -0.25789332935486864 -0.2500672239315733
vn 0.9624915545725597 -0.2579220396961089 -0.08417974112276944
vn 0.9624991761934082 -0.2578933787140108 0.08418040771154822
vn 0.9332485480098874 -0.25790280860406417 0.25006656904027047
vn 0.8756554089545723 -0.257879203265169 0.40832085581307553
vn 0.7914405358102173 -0.2578889761916623 0.5541797129408949
vn 0.6831881850304247 -0.25789107714240267 0.6831881850304246
vn 0.5541809698392876 -0.2578807663388907 0.7914423308242068
vn 0.40831839345323484 -0.25790103194575237 0.8756501283555467
vn 0.22523165102649254 -0.2323164089925589 0.9462028268234474
vn 0.08483897619558729 -0.23186440169256772 0.9690414064145206
vn 0.07904435508290622 -0.4212908632928746 -0.9034744038629275
vn 0.23470656873867252 -0.4212888856836148 -0.8760299660344828
vn 0.3832929503551321 -0.42130337375362453 -0.8219428091247419
vn 0.5201896220235168 -0.42129733691840676 -0.7429073367819766
vn 0.6412912716982407 -0.4212968189855066 -0.6412912716982406
vn 0.7429056502005749 -0.4213017691412883 -0.520188441065814
vn 0.821948812010364 -0.4212891153730121 -0.38329574965420143
vn 0.8760195719987937 -0.42131204975565506 -0.2347037839612716
vn 0.903474365461291 -0.42129094627701286 -0.07904435172317334
vn 0.9034640382189851 -0.4213132622428634 0.07904344819983682
vn 0.8760299660344828 -0.4212888856836148 0.23470656873867252
vn 0.8219428091247419 -0.42130337375362453 0.3832929503551321
vn 0.7429073367819766 -0.42129733691840676 0.5201896220235168
vn 0.6412912716982406 -0.4212968189855066 0.6412912716982407
vn 0.520188441065814 -0.4213017691412883 0.7429056502005749
vn 0.38329574965420143 -0.4212891153730121 0.821948812010364
vn 0.23470639496442372 -0.42129033120143794 0.8760293174312074
vn 0.07148301138044166 -0.5721138985404547 -0.8170531599478863
vn 0.21225781349216893 -0.5721169507273692 -0.7922302792130207
vn 0.34662693702579683 -0.5721133158310736 -0.7433277341636653
vn 0.4704360228049456 -0.5721167252828129 -0.6718425418944048
vn 0.5799495388769951 -0.572116303484459 -0.5799495388769951
vn 0.6718447172601337 -0.5721129181994656 -0.47043754603447924
vn 0.7433253733904187 -0.5721170500724999 -0.34662583615526305
vn 0.7922316290009692 -0.5721149474533596 -0.2122581751332803
vn 0.8170529588678338 -0.5721141879069211 -0.0714829937881865
vn 0.8170531599478863 -0.5721138985404547 0.07148301138044166
vn 0.7922302792130207 -0.5721169507273692 0.21225781349216893
vn 0.7433277341636653 -0.5721133158310736 0.34662693702579683
vn 0.6718425418944048 -0.5721167252828129 0.4704360228049456
vn 0.5799495388769951 -0.572116303484459 0.5799495388769951
vn 0.4704375460344792 -0.5721129181994655 0.6718447172601337
vn 0.34662583615526305 -0.5721170500724999 0.7433253733904187
vn 0.2122581751332803 -0.5721149474533596 0.7922316290009692
vn 0.0714801775751074 -0.5721228791601837 0.817047119421697
vn 0.0714830113804417 -0.5721138985404548 0.8170531599478862
vn 0.06172480573063343 -0.7057464869616655 -0.705770461622462
vn 0.18336252586852603 -0.7057581064970037 -0.6843125595960359
vn 0.2994061542073745 -0.7057550345217037 -0.6420792677466068
vn 0.40635762054693486 -0.7057551337809751 -0.5803302295807373
vn 0.5009536578621998 -0.7057555280328764 -0.5009536578621997
vn 0.5803302791296976 -0.7057550730610924 -0.4063576552420042
vn 0.6420762320601868 -0.7057583968329812 -0.299404738645088
vn 0.6843219100551748 -0.7057483890885464 -0.183365031337382
vn 0.7057585200634686 -0.7057585200634686 -0.06172376135367369
vn 0.7057704616224622 -0.7057464869616656 0.06172480573063344
vn 0.684312559596036 -0.7057581064970037 0.18336252586852606
vn 0.6420792677466068 -0.7057550345217037 0.2994061542073745
vn 0.5803302295807373 -0.7057551337809751 0.40635762054693486
vn 0.5009536578621997 -0.7057555280328764 0.5009536578621998
vn 0.4063576552420042 -0.7057550730610924 0.5803302791296976
vn 0.299404738645088 -0.7057583968329812 0.6420762320601868
vn 0.183365031337382 -0.7057483890885464 0.6843219100551748
vn 0.06172376135367369 -0.7057585200634686 0.7057585200634686
vn 0.05011258689158526 -0.8181237952488474 -0.572854418052838
vn 0.14883000589299822 -0.8181229465613569 -0.5554497940009101
vn 0.24302109493709093 -0.8181226914560418 -0.521167927965929
vn 0.3298292141322036 -0.8181200482580068 -0.4710544301280368
vn 0.40661988046496184 -0.8181201290894391 -0.40661988046496184
vn 0.47105034957425024 -0.8181235496082404 -0.3298263569552774
vn 0.5211665262100416 -0.8181237785750812 -0.24302044129700226
vn 0.5554480436648263 -0.8181242202351048 -0.14882953689916206
vn 0.5728608351352866 -0.8181192675524661 -0.050113148249919345
vn 0.572854418052838 -0.8181237952488474 0.05011258689158526
vn 0.5554497940009101 -0.8181229465613569 0.14883000589299822
vn 0.521167927965929 -0.8181226914560418 0.24302109493709093
vn 0.47105443012803694 -0.818120048258007 0.3298292141322037
vn 0.40661988046496184 -0.8181201290894391 0.40661988046496184
vn 0.32982635695527734 -0.8181235496082402 0.4710503495742501
vn 0.24302044129700226 -0.8181237785750812 0.5211665262100416
vn 0.14882953689916206 -0.8181242202351048 0.5554480436648263
vn 0.050113148249919345 -0.8181192675524661 0.5728608351352866
vn 0.03694330548966253 -0.9056911892267417 -0.4223253034528573
vn 0.10971414814091768 -0.9056899448670626 -0.4094978992185556
vn 0.17915975226706984 -0.9056899059241098 -0.38422334321951307
vn 0.24315555701552735 -0.9056894382614978 -0.3472780104095874
vn 0.29977153098811093 -0.9056898246188306 -0.2997715309881108
vn 0.3472761137690094 -0.9056905220373317 -0.24315422903424896
vn 0.3842218678398666 -0.9056906679152275 -0.17915906431133632
vn 0.4094941803115759 -0.9056917470211797 -0.1097131517580008
vn 0.42232477013407793 -0.9056914398169466 -0.03694325883709753
vn 0.4223253034528573 -0.9056911892267417 0.03694330548966253
vn 0.4094978992185556 -0.9056899448670626 0.10971414814091768
vn 0.38422334321951296 -0.9056899059241096 0.17915975226706982
vn 0.3472780104095874 -0.9056894382614978 0.24315555701552735
vn 0.2997715309881108 -0.9056898246188306 0.29977153098811093
vn 0.24315422903424896 -0.9056905220373317 0.3472761137690094
vn 0.17915906431133635 -0.9056906679152275 0.38422186783986656
vn 0.1097131517580008 -0.9056917470211797 0.4094941803115759
vn 0.03694325883709753 -0.9056914398169466 0.42232477013407793
vn 0.022640598295567253 -0.9656727774510049 -0.2587730476670258
vn 0.06722329755494347 -0.9656727967287315 -0.2509124905698192
vn 0.10976748768312 -0.9656722252840244 -0.2354320538132742
vn 0.14899301892226716 -0.9656730786801896 -0.2127829537927165
vn 0.18367833602546407 -0.9656731008730821 -0.18367833602546407
vn 0.21278464558192764 -0.9656725231248972 -0.14899420353211226
vn 0.23542871105565794 -0.9656732174012765 -0.1097659291608221
vn 0.2509118478806017 -0.9656729757059639 -0.06722312536866289
vn 0.25877442297779685 -0.9656724060843196 -0.022640718624399522
vn 0.2587730476670258 -0.9656727774510049 0.022640598295567253
vn 0.2509124905698192 -0.9656727967287315 0.06722329755494347
vn 0.2354320538132742 -0.9656722252840244 0.10976748768312
vn 0.2127829537927165 -0.9656730786801896 0.14899301892226716
vn 0.18367833602546407 -0.9656731008730821 0.18367833602546407
vn 0.14899420353211226 -0.9656725231248972 0.21278464558192764
vn 0.1097659291608221 -0.9656732174012765 0.23542871105565794
vn 0.06722312536866289 -0.9656729757059639 0.2509118478806017
vn 0.022640718624399522 -0.9656724060843196 0.25877442297779685
vn 0.0076243599353006284 -0.9961666004578147 -0.08714340633632478
vn 0.022637834405618982 -0.9961666100938024 -0.08449623297902763
vn 0.0369642783566494 -0.9961666632790951 -0.07928190901439207
vn 0.05017394143406754 -0.9961666900435835 -0.07165543418738063
vn 0.061854437250635025 -0.9961666814267655 -0.061854437250635025
vn 0.07165543418738063 -0.9961666900435835 -0.05017394143406754
vn 0.07928190901439207 -0.9961666632790951 -0.0369642783566494
vn 0.08449623297902763 -0.9961666100938024 -0.022637834405618982
vn 0.08714340633632478 -0.9961666004578147 -0.0076243599353006284
vn 0.08714340633632478 -0.9961666004578147 0.0076243599353006284
vn 0.08449623297902763 -0.9961666100938024 0.022637834405618982
vn 0.07928190901439207 -0.9961666632790951 0.0369642783566494
vn 0.07165543418738063 -0.9961666900435835 0.05017394143406754
vn 0.061854437250635025 -0.9961666814267655 0.061854437250635025
vn 0.05017394143406754 -0.9961666900435835 0.07165543418738063
vn 0.0369642783566494 -0.9961666632790951 0.07928190901439207
vn 0.022637834405618982 -0.9961666100938024 0.08449623297902763
vn 0.0076243599353006284 -0.9961666004578147 0.08714340633632478
vn 0.4082630201971881 0.25787552221499377 0.8756834595798957
vn 0.07904047893552145 -0.4213130468831301 0.9034643984218178
vn 0.40832448404585137 0.25787929080867456 0.875653691307645
vn 0.21225915875724044 0.572109498716117 0.7922353002754055
vn 0.2578689209315959 0.08682992885339856 0.9622703274407292
vn 0.3215298864033372 0.16778366379132112 0.9319158622505671
vn 0 0.36855619879470314 0.9296054691803396
vn 0.3613890788265986 0.44407535997716163 0.8198749955731159
vn 0.06783237771730617 -0.5712302519258762 0.8179821317228859
vn 0.07910306775344958 -0.4213160647455845 0.9034575132563167
vn 0.25773922961171425 0.08682161724626365 0.9623058226457447
vn 0.08470088288390407 -0.23181210764041968 0.9690659973345437
vn 0.25774013981495913 -0.08678123916856688 0.962309221018137
vn 0.05333227178803506 -0.3517693748047417 0.9345661965507892
vn 0.42101725479976093 0.08682609754827754 0.9028874237386465
vn -0.6479594939635321 0.3888558957650607 0.6549347956180643
vn -0.7167099547999382 0.21543765228036843 0.6632597218817029
vn -0.7300719511954389 0.16208053896730285 0.6638711056867541
vn 0 -0.6790054892106517 0.7341331933796508
vn 0 -0.6790054892106516 0.7341331933796507
vn -0.684108602521413 -0.11477182307502169 0.7202935849945045
vn -0.6765414240591399 -0.13104524856666805 0.724650843068668
vn -0.4581872446461766 0.6628041812381122 0.5922457818987152
vn 0.04259171183426699 -0.5849441920798374 0.8099544667665542
vn -0.062462267542181024 0.2596284778392435 0.9636864213157548
vn -0.12038689919693171 -0.08825183800921119 0.9887965450939561
vn -0.2721023890238556 0.00865344720897993 0.9622293945514822
vn 0 0.3686228747160567 0.929579031732144
vn 0 0.36862287471605665 0.9295790317321441
vn 0.00006383483813627921 0.36858833004361524 0.9295927274246354
vn 0.00007514281540393822 0.3685619572901616 0.9296031830797498
vn -0.00004688766044378303 0.3686076409713148 0.9295850713189782
vn 0 0.36857027732288994 0.9295998874107765
vn 0 0.36852177561709326 0.9296191160341017
vn -0.5069399435696229 0.706976034091831 -0.49314985636560227
vn -0.48315469374133085 0.7385769739130587 -0.4701761324452251
vn -0.4659241990884583 0.7762161343793602 -0.42473892384962997
vn -0.46527604891091884 0.8039605514124376 -0.37035878561531904
vn -0.48123719798151654 0.8187775982205346 -0.3130718830094963
vn -0.5116914030728209 0.8187782633186207 -0.26033452237133603
vn -0.5534508091177884 0.8039144357808198 -0.2177470592914444
vn -0.6008490925320789 0.7761757638570939 -0.1911322882305193
vn -0.648712039287466 0.7386162739530443 -0.18335400168858737
vn -0.680526094612424 0.7069920350334185 -0.19247466573777444
vn -0.25336695477538124 0.6425521030548068 -0.7231403605716492
vn -0.18470770206766868 0.7322257811130864 -0.6555367802573794
vn -0.13548173301057098 0.8399401257108204 -0.5254952761360882
vn -0.1335614730733689 0.9197312370649401 -0.3691284119076538
vn -0.1794642234529814 0.9621986631083591 -0.2048568407764429
vn -0.2669859192573856 0.9622460921004543 -0.052924258669279425
vn -0.3865353698964558 0.9197000810983336 0.06886340571543542
vn -0.5228619287732824 0.8399076901637889 0.14550077471687978
vn -0.6599878826098997 0.7323025119708889 0.16777671402559838
vn -0.752854273199766 0.6426443107959727 0.14219259167207407
vn 0.030371523679591943 0.5008250925159383 -0.8650154896045401
vn 0.13358663202832127 0.6368838354749872 -0.7592980915648343
vn 0.20863860170051526 0.8007583446404049 -0.5614766311870979
vn 0.2113417515462203 0.922546687812478 -0.3228657195485484
vn 0.14178176117122723 0.9872147282666842 -0.07283551669702107
vn 0.0077357187550877934 0.9872237896726684 0.15915196436009615
vn -0.1738881202161157 0.9225256090527134 0.34454233744146173
vn -0.38196817568606145 0.8007727959931396 0.46137104586264654
vn -0.5908148379680094 0.6368800414546212 0.49529954576356594
vn -0.7339490540368352 0.5008178488298428 0.4588030823478453
vn 0.30975755524193943 0.29907947012096 -0.9025528945844131
vn 0.4328212032362206 0.4662615337085044 -0.771534826312425
vn 0.5244209603594367 0.6664734867861474 -0.5299016396906141
vn 0.5279527703642185 0.8150391934712135 -0.23869852402254402
vn 0.44276804619436927 0.8941365433555007 0.06690515006707388
vn 0.27933791454892926 0.8941320488079734 0.34999744111909076
vn 0.05728507893194674 0.8150333029446823 0.5765753505161686
vn -0.19666914828612791 0.6664364549375625 0.7191548495579122
vn -0.4517063998913649 0.4662268892464221 0.7606535453416271
vn -0.6267737198970217 0.29896280090161753 0.7195664998619028
vn 0.5514595451466857 0.06154848556886608 -0.8319279740402952
vn 0.6792585406844965 0.24184899485180236 -0.6929046821867645
vn 0.7766512563989115 0.45446893396167765 -0.4362004286996159
vn 0.7803575490790989 0.612349246986282 -0.12676945732547387
vn 0.6899515555825707 0.6963062652658865 0.19779897851269096
vn 0.51630912502472 0.6963014280756661 0.4985872127080639
vn 0.2802536114220559 0.6123710874946315 0.7392290338491432
vn 0.01058658909079855 0.4545562500422564 0.8906551182578721
vn -0.2604535265881571 0.24185588909989836 0.9347029952853954
vn -0.4447447122637505 0.06166694775276261 0.8935319403738693
vn 0.7272002479429674 -0.18300535717901179 -0.6615805609564637
vn 0.8460645094072968 -0.010939921746597778 -0.5329682579981369
vn 0.9377360452570598 0.18922068618962717 -0.2912844680781594
vn 0.9411626947435381 0.33795381422980886 -0.00003834847569962741
vn 0.8560663902506487 0.41694615597737494 0.30546069877958915
vn 0.6926076936060857 0.416943733027454 0.5886021629647565
vn 0.4705286155364508 0.3379055906272806 0.8151212387026728
vn 0.21661098057224512 0.189293261033231 0.9577305176420638
vn -0.03855325118276733 -0.010915739391101485 0.9991969242630724
vn -0.20946711513730967 -0.18315738280687482 0.9605086677377717
vn 0.8159156378953478 -0.40616882037693197 -0.4114712155077671
vn 0.9137035961749588 -0.264019150054978 -0.30893304572543684
vn 0.9887842997835815 -0.09997149023099612 -0.11095634115491677
vn 0.9916128647474421 0.02158056011183835 0.12742921914784838
vn 0.9218832824621455 0.08641634229436193 0.3777081271316309
vn 0.7880330813313051 0.08641820335058274 0.609537330158823
vn 0.6062278359423834 0.02162376032821965 0.7949969961690939
vn 0.39829869974162485 -0.10007903497892873 0.9117797609849747
vn 0.1893905966111642 -0.2640694177713093 0.9457264638959771
vn 0.0516403837792216 -0.406212046980559 0.9123184990182974
vn 0.8064186272300521 -0.5807840749504561 -0.11126030711957151
vn 0.8718052916261253 -0.4877388699715119 -0.04545688299476063
vn 0.9210549783971478 -0.3801686087809289 0.08443669621321567
vn 0.9229242963493623 -0.300264615870747 0.24093962659560075
vn 0.8772451797983394 -0.2577755992030067 0.4049600412091426
vn 0.7893709050798126 -0.2578401259904161 0.5571463395219644
vn 0.6700302852506653 -0.30029175771100935 0.6788845830461497
vn 0.5336222064866262 -0.38015094413673683 0.755468464210315
vn 0.3964896053971737 -0.48770212095936677 0.7777805821848015
vn 0.30678310374084344 -0.5808392430679278 0.7539959555404867
vn 0.6991504145391697 -0.6854831206194472 0.20322792425139707
vn 0.722536209196877 -0.653355874138237 0.22598125614410405
vn 0.7396706310373183 -0.6159204366678165 0.27116300130324134
vn 0.7403214292148523 -0.5881089902011983 0.32565625602743337
vn 0.7244497965802266 -0.5733672469855577 0.3826519205741307
vn 0.6936269857247105 -0.5733662191524597 0.4360421807684046
vn 0.6522544229096535 -0.5880910588870314 0.47823955738931223
vn 0.6045491296815644 -0.616007610374405 0.5050296761202042
vn 0.5569573160419364 -0.653353211023279 0.5127651799341811
vn 0.525520616654604 -0.6855183036008985 0.5038777003391907
vn -0.5069399435696229 -0.706976034091831 -0.49314985636560227
vn -0.48315469374133085 -0.7385769739130587 -0.4701761324452251
vn -0.4659241990884583 -0.7762161343793602 -0.42473892384962997
vn -0.46527604891091884 -0.8039605514124376 -0.37035878561531904
vn -0.48123719798151654 -0.8187775982205346 -0.3130718830094963
vn -0.5116914030728209 -0.8187782633186207 -0.26033452237133603
vn -0.5534508091177884 -0.8039144357808198 -0.2177470592914444
vn -0.6008490925320789 -0.7761757638570939 -0.1911322882305193
vn -0.648712039287466 -0.7386162739530443 -0.18335400168858737
vn -0.680526094612424 -0.7069920350334185 -0.19247466573777444
vn -0.2533154775134937 -0.6426598962903525 -0.723062602097622
vn -0.18471354156053574 -0.7323292460591906 -0.6554195472600294
vn -0.13543697123873621 -0.8398711286838733 -0.5256170792744038
vn -0.1336243132667557 -0.9197051419677635 -0.36917068510655604
vn -0.1794012656403752 -0.9621985436304185 -0.2049125387137967
vn -0.26718036940572576 -0.962192403390102 -0.052919080326470525
vn -0.3864970048529696 -0.9197166762691229 0.06885710298989746
vn -0.5229401540942896 -0.8398638066403347 0.14547295807622526
vn -0.6599959761726394 -0.7322964557120671 0.1677713097864751
vn -0.7528650966359266 -0.6426335650349345 0.14218385055226038
vn 0.03031452324150615 -0.5006242842896557 -0.8651337212593844
vn 0.13359777801945014 -0.6368459005077115 -0.7593279480664384
vn 0.20861755395066287 -0.8007847589547206 -0.561446779320598
vn 0.21147041817866324 -0.9224764101218148 -0.32298225184073276
vn 0.1417547042680893 -0.9872261834917734 -0.07273284296749367
vn 0.007873615957860023 -0.9872290256368048 0.15911271825958181
vn -0.17397364608428767 -0.9224843576087842 0.3446096058371671
vn -0.381932688008851 -0.8007834889783667 0.4613818652807755
vn -0.5907926248868268 -0.6368641760832661 0.4953464399802588
vn -0.7339786463455314 -0.5007968415101979 0.45877867239246334
vn 0.30974135453386076 -0.29900264982921726 -0.9025839067292502
vn 0.43283196764905296 -0.46622362438826254 -0.7715516961573747
vn 0.5244465421094319 -0.6664321811535013 -0.5299282709881092
vn 0.5279126049463316 -0.8150737573164496 -0.23866933542628432
vn 0.4428173319329303 -0.8941139005448477 0.0668815624240312
vn 0.279291290828431 -0.8941347435468884 0.35002776354130655
vn 0.057211940230234036 -0.815037169061421 0.5765771474342672
vn -0.19661596835056064 -0.6664391284282674 0.7191669132331818
vn -0.4517715586584399 -0.46622020507391965 0.760618944786518
vn -0.6267846061530074 -0.2989576149707664 0.7195591719522519
vn 0.5515053191890817 -0.06173135177887638 -0.8318840803343348
vn 0.6792585406844964 -0.24184899485180297 -0.6929046821867645
vn 0.776631899222376 -0.45452156683277367 -0.43618005272378724
vn 0.7803230036235947 -0.6123989357380434 -0.12674207479271873
vn 0.689951555582572 -0.6963062652658853 0.19779897851269018
vn 0.5163091250247177 -0.6963014280756672 0.49858721270806483
vn 0.2804139360662835 -0.61234495790348 0.7391898788471063
vn 0.010586589090800678 -0.45455625004225614 0.8906551182578722
vn -0.2604535265881587 -0.24185588909989836 0.934702995285395
vn -0.4447332602930826 -0.06167119785592311 0.8935373470337439
vn 0.7271627986167762 0.1831045423859059 -0.6615942796498966
vn 0.8460638080164158 0.010951457205328493 -0.5329691345189155
vn 0.9377240196933292 -0.18932949763074125 -0.29125247504025775
vn 0.9412117909052136 -0.3378170412126837 -0.00010642983055065532
vn 0.8560028382139836 -0.4170325219216818 0.30552089393239
vn 0.6925826675468164 -0.41696207449899403 0.5886186176491798
vn 0.4705650824668227 -0.33789159361969107 0.8151059895032905
vn 0.21658930602344217 -0.18929682854885344 0.9577347144265106
vn -0.03849353531603746 0.010916979206562611 0.9991992130220464
vn -0.20930606172352192 0.18309473452598565 0.9605557197344922
vn 0.8159011813486031 0.40619442704300496 -0.41147460397108193
vn 0.9136841542384027 0.2640811822244662 -0.3089375268376817
vn 0.9887746734923796 0.10004011821183846 -0.1109802676524057
vn 0.9915997384820627 -0.02170996741347025 0.12750935635164534
vn 0.9219257416904868 -0.08629254161725307 0.3776327899821208
vn 0.7880445912762993 -0.08640799062476232 0.6095238972479762
vn 0.6061996403687677 -0.021697659152102727 0.7950164825990061
vn 0.39815210555337605 0.10006725111582643 0.9118450779038814
vn 0.18929493852145896 0.26407980553824995 0.9457427147787273
vn 0.051499196848772535 0.4062846949310161 0.912294129866428
vn 0.8063947216539964 0.5808157209215408 -0.11126837474756637
vn 0.8718771131773705 0.487613455263621 -0.045424858429804524
vn 0.9210776249359319 0.38010526062338523 0.08447484648587086
vn 0.922919302271981 0.3003378560648716 0.2408674608745577
vn 0.8772793714492231 0.25785976550386724 0.4048323674855393
vn 0.7892682309692634 0.2577715989245024 0.557323480907233
vn 0.6701320247572983 0.30030329449612336 0.6787790514662767
vn 0.5335240471001658 0.3802274392768625 0.7554992955567993
vn 0.39667723662857945 0.4876312522803879 0.7777293434995074
vn 0.30683430814082374 0.5808017994573781 0.7540039635803077
vn 0.6991504145391697 0.6854831206194472 0.20322792425139707
vn 0.722536209196877 0.653355874138237 0.22598125614410405
vn 0.7396706310373183 0.6159204366678165 0.27116300130324134
vn 0.7403214292148523 0.5881089902011983 0.32565625602743337
vn 0.7244497965802266 0.5733672469855577 0.3826519205741307
vn 0.6936269857247105 0.5733662191524597 0.4360421807684046
vn 0.6522544229096535 0.5880910588870314 0.47823955738931223
vn 0.6045491296815644 0.616007610374405 0.5050296761202042
vn 0.5569573160419364 0.653353211023279 0.5127651799341811
vn 0.525520616654604 0.6855183036008985 0.5038777003391907
vn 0.015197396198299549 0.9846987981046343 -0.17360102580365286
vn 0.06028979160087008 0.9843506368711681 -0.16558672869541724
vn 0.11328447862124959 0.9843494258572272 -0.1349919801990446
vn 0.15260962325150207 0.9843497760076113 -0.08812389780757526
vn 0.1735397026416171 0.9843509611971444 -0.03061301679542807
vn 0.1735397026416171 0.9843509611971444 0.03061301679542807
vn 0.15260962325150207 0.9843497760076113 0.08812389780757526
vn 0.11328447862124959 0.9843494258572272 0.1349919801990446
vn 0.06028979160087008 0.9843506368711681 0.16558672869541724
vn 0.015197396198299549 0.9846987981046343 0.17360102580365286
vn 0.04370617731139535 0.8651742488274327 -0.4995630983476591
vn 0.17304183990264546 0.8626602954647439 -0.47526175553245226
vn 0.32513403377283234 0.862659372952582 -0.3874360158008867
vn 0.4380111601903798 0.8626549932271559 -0.2529280257483015
vn 0.49810683700992603 0.8626522054396472 -0.08786780624369722
vn 0.49809117294571936 0.8626615313341803 0.08786504304741795
vn 0.43800512811846193 0.8626590772246959 0.2529245425492873
vn 0.3251354090031037 0.8626581186354673 0.38743765455193035
vn 0.1730454964223703 0.862654029139704 0.47527179821336996
vn 0.04370583303427545 0.8651765383858431 0.49955916324842853
vn 0.06691194696962655 0.6413552445147179 -0.7643207714606481
vn 0.2637001198071284 0.6370185248149144 -0.7243408354195809
vn 0.4955204729666761 0.6370179241496176 -0.5904808423505319
vn 0.6675578811923528 0.6370159162095219 -0.38545712829537876
vn 0.7591422178875006 0.6370098274893603 -0.13387147830222218
vn 0.7591418482328928 0.6370102817161457 0.13387141311521553
vn 0.6675610333396423 0.6370115115706977 0.3854589483887016
vn 0.49553030629296874 0.6369994128705019 0.5904925601121768
vn 0.263707145536435 0.636993671670893 0.7243601339418535
vn 0.0669127111835563 0.6413447615111599 0.7643295009119165
vn 0.08197092252797111 0.34081572036897123 -0.9365497384598924
vn 0.3219872191962198 0.33741077203076447 -0.8845779793731523
vn 0.6050931363037545 0.33744803866522477 -0.7211040962295798
vn 0.8152255166157587 0.33737074621266117 -0.47073170347713134
vn 0.9270692539108828 0.3373657186890495 -0.16348385335115093
vn 0.9270703103629011 0.33736272530175887 0.16348403965098354
vn 0.8152026205951914 0.3374445100787239 0.4707184827393786
vn 0.6051004463550703 0.33741631296676394 0.7211128077941824
vn 0.32199406105376027 0.3373549602123561 0.88459677563635
vn 0.08197068186380842 0.3408233341858802 0.9365469887780336
vn 0.08719103949686328 0 -0.9961916093962329
vn 0.3419856335531413 0 -0.9397051805982858
vn 0.6427691301568691 0 -0.7660599489056859
vn 0.8660395196391254 0 -0.4999755498254217
vn 0.9848041552470606 0 -0.1736685803711297
vn 0.9848041552470606 0 0.1736685803711297
vn 0.8660395196391254 0 0.4999755498254217
vn 0.6427691301568691 0 0.7660599489056859
vn 0.3419856335531413 0 0.9397051805982858
vn 0.08719103949686328 0 0.9961916093962329
vn 0.08200754343436985 -0.3408146901390447 -0.9365469074239086
vn 0.321931158897181 -0.33740740473791725 -0.8845996677362825
vn 0.605067405519964 -0.3374461256376044 -0.7211265818630663
vn 0.8152638539804474 -0.3373751918749552 -0.4706621169164618
vn 0.9270687578672765 -0.3373655381759897 -0.1634870387451252
vn 0.9270696868748272 -0.3373629058926247 0.16348720257406685
vn 0.815243718155894 -0.3374400600870128 0.4706504922507001
vn 0.6050738338186837 -0.33741822554778744 0.7211342431864837
vn 0.32193360262505255 -0.3373874677291046 0.8846063825906962
vn 0.08200700351592934 -0.34083176353940664 0.9365407414186298
vn 0.06686969894173403 -0.6413570651368051 -0.76432294114631
vn 0.26363951490745474 -0.6370127951324652 -0.7243679348348364
vn 0.4955006324796849 -0.637015539470193 -0.5905000640861365
vn 0.6675550088881297 -0.6370153486027111 -0.38546304070939874
vn 0.7591422876606065 -0.6370098860372226 -0.13387080404728216
vn 0.7591420133107423 -0.6370102231547237 0.13387075566710688
vn 0.6675573485700727 -0.6370120792426252 0.38546439170055896
vn 0.49550793055957193 -0.6370018002181692 0.5905087613840985
vn 0.2636488468289404 -0.6369797753088215 0.7243935749392684
vn 0.06687108723967451 -0.641338009224873 0.7643388094391521
vn 0.04373274559322405 -0.8651732419595077 -0.4995625169687508
vn 0.17302478927905957 -0.8626588297395664 -0.47527062371589807
vn 0.3251314335111598 -0.8626590795989316 -0.3874388510829836
vn 0.43801595842000174 -0.8626559490656115 -0.2529164559911363
vn 0.49810809727878735 -0.8626543880511511 -0.08783922928509849
vn 0.49809976273924056 -0.8626593501265633 0.08783775952475081
vn 0.4380127488507353 -0.8626581220647583 0.25291460274157196
vn 0.3251321653569027 -0.8626584120926172 0.38743972317791064
vn 0.17302673444498107 -0.8626554958854583 0.47527596676659384
vn 0.04373209818827402 -0.8651775448190187 0.4995551216122063
vn 0.015197396198299549 -0.9846987981046343 -0.17360102580365286
vn 0.06028979160087008 -0.9843506368711681 -0.16558672869541724
vn 0.11328447862124959 -0.9843494258572272 -0.1349919801990446
vn 0.15260962325150207 -0.9843497760076113 -0.08812389780757526
vn 0.1735397026416171 -0.9843509611971444 -0.03061301679542807
vn 0.1735397026416171 -0.9843509611971444 0.03061301679542807
vn 0.15260962325150207 -0.9843497760076113 0.08812389780757526
vn 0.11328447862124959 -0.9843494258572272 0.1349919801990446
vn 0.06028979160087008 -0.9843506368711681 0.16558672869541724
vn 0.015197396198299549 -0.9846987981046343 0.17360102580365286
vn -0.5069399435696229 0.706976034091831 0.49314985636560227
vn -0.48315469374133085 0.7385769739130587 0.4701761324452251
vn -0.4659241990884583 0.7762161343793602 0.42473892384962997
vn -0.46527604891091884 0.8039605514124376 0.37035878561531904
vn -0.48123719798151654 0.8187775982205346 0.3130718830094963
vn -0.5116914030728209 0.8187782633186207 0.26033452237133603
vn -0.5534508091177884 0.8039144357808198 0.2177470592914444
vn -0.6008490925320789 0.7761757638570939 0.1911322882305193
vn -0.6488526216199585 0.7384988591930576 0.18332951313811882
vn -0.6802883139824512 0.7072578667598995 0.19233855506671105
vn -0.2533154775134937 0.6426598962903525 0.723062602097622
vn -0.18471354156053574 0.7323292460591906 0.6554195472600294
vn -0.13543697123873621 0.8398711286838733 0.5256170792744038
vn -0.13362120103148042 0.9197572543105352 0.36904195937325346
vn -0.17928103987498853 0.9621982965918383 0.20501889370764811
vn -0.26724989229934026 0.9621800738301596 0.05279205044493066
vn -0.3863577651523009 0.9197768894335472 -0.06883422818967234
vn -0.5229401540942896 0.8398638066403347 -0.14547295807622526
vn -0.6599959761726394 0.7322964557120671 -0.1677713097864751
vn -0.752592502092103 0.6429203223406605 -0.14233054807780773
vn 0.03031452324150615 0.5006242842896557 0.8651337212593844
vn 0.13359777801945014 0.6368459005077115 0.7593279480664384
vn 0.20861755395066287 0.8007847589547206 0.561446779320598
vn 0.21147041817866324 0.9224764101218148 0.32298225184073276
vn 0.1416677949816387 0.98723585804406 0.07277084895099804
vn 0.007873615957860023 0.9872290256368048 -0.15911271825958181
vn -0.17403161077875345 0.9224981655143668 -0.34454336892818055
vn -0.381932688008851 0.8007834889783667 -0.4613818652807755
vn -0.5907926248868268 0.6368641760832661 -0.4953464399802588
vn -0.7339786463455314 0.5007968415101979 -0.45877867239246334
vn 0.30974135453386076 0.29900264982921726 0.9025839067292502
vn 0.43283196764905296 0.46622362438826254 0.7715516961573747
vn 0.5244465421094319 0.6664321811535013 0.5299282709881092
vn 0.5279126049463316 0.8150737573164496 0.23866933542628432
vn 0.4428173319329303 0.8941139005448477 -0.0668815624240312
vn 0.27930637376177403 0.8941387832582185 -0.3500054083147303
vn 0.05720435011878393 0.815037570023747 -0.5765773337352705
vn -0.19661596835056064 0.6664391284282674 -0.7191669132331818
vn -0.4517715586584399 0.46622020507391965 -0.760618944786518
vn -0.6267846061530074 0.2989576149707664 -0.7195591719522519
vn 0.5514729054502465 0.0617687843768229 0.8319027898924689
vn 0.6792453864633713 0.24193907980395088 0.6928861281854638
vn 0.776631899222376 0.45452156683277367 0.43618005272378724
vn 0.7803326544121859 0.6123720463867646 0.12681255955984216
vn 0.6898850541286986 0.6963613406290701 -0.1978370424544578
vn 0.5163091250247177 0.6963014280756672 -0.49858721270806483
vn 0.28043041551084047 0.6123259252412515 -0.7391993934885653
vn 0.010586589090800678 0.45455625004225614 -0.8906551182578722
vn -0.2604535265881587 0.24185588909989836 -0.934702995285395
vn -0.4447332602930826 0.06167119785592311 -0.8935373470337439
vn 0.7271082471214487 -0.18324897988450511 0.6616142443594021
vn 0.8460920527098 -0.011012244935411336 0.5329230421015774
vn 0.9377267251503879 0.18934188813147276 0.2912357092417373
vn 0.9412274031028973 0.3377735324767966 0.00012808716773180033
vn 0.8560697024809304 0.4169416540675378 -0.3054575610418524
vn 0.6925080803501055 0.4170167323125115 -0.5886676512440675
vn 0.4705650824668227 0.33789159361969107 -0.8151059895032905
vn 0.21658930602344217 0.18929682854885344 -0.9577347144265106
vn -0.03849258448491963 -0.010916229104375045 -0.9991992578469082
vn -0.20930606172352192 -0.18309473452598565 -0.9605557197344922
vn 0.8159011813486031 -0.40619442704300496 0.41147460397108193
vn 0.9136841542384027 -0.2640811822244662 0.3089375268376817
vn 0.9887746734923796 -0.10004011821183846 0.1109802676524057
vn 0.9915997908237961 0.021711928330851005 -0.12750861542013503
vn 0.9219257416904868 0.08629254161725307 -0.3776327899821208
vn 0.7880554873655974 0.08633274637174014 -0.6095204719588045
vn 0.6061996403687677 0.021697659152102727 -0.7950164825990061
vn 0.39820221313413773 -0.10004061862047496 -0.9118261194334737
vn 0.18926015479926192 -0.264083582123388 -0.9457486217057044
vn 0.051444363194626065 -0.4063508162279591 -0.9122677740917802
vn 0.8063947216539964 -0.5808157209215408 0.11126837474756637
vn 0.8718771131773705 -0.487613455263621 0.045424858429804524
vn 0.9210776249359319 -0.38010526062338523 -0.08447484648587086
vn 0.922919302271981 -0.3003378560648716 -0.2408674608745577
vn 0.8772793714492231 -0.25785976550386724 -0.4048323674855393
vn 0.7892682309692634 -0.2577715989245024 -0.557323480907233
vn 0.6701320247572983 -0.30030329449612336 -0.6787790514662767
vn 0.5335240471001658 -0.3802274392768625 -0.7554992955567993
vn 0.396697812550809 -0.4876530590414273 -0.7777051751949071
vn 0.30683430814082374 -0.5808017994573781 -0.7540039635803077
vn 0.6991504145391697 -0.6854831206194472 -0.20322792425139707
vn 0.722536209196877 -0.653355874138237 -0.22598125614410405
vn 0.7396706310373183 -0.6159204366678165 -0.27116300130324134
vn 0.7403214292148523 -0.5881089902011983 -0.32565625602743337
vn 0.7244497965802266 -0.5733672469855577 -0.3826519205741307
vn 0.6936269857247105 -0.5733662191524597 -0.4360421807684046
vn 0.6522544229096535 -0.5880910588870314 -0.47823955738931223
vn 0.6045491296815644 -0.616007610374405 -0.5050296761202042
vn 0.5569573160419364 -0.653353211023279 -0.5127651799341811
vn 0.525520616654604 -0.6855183036008985 -0.5038777003391907
vn -0.5069399435696229 -0.706976034091831 0.49314985636560227
vn -0.48315469374133085 -0.7385769739130587 0.4701761324452251
vn -0.4659241990884583 -0.7762161343793602 0.42473892384962997
vn -0.46527604891091884 -0.8039605514124376 0.37035878561531904
vn -0.48123719798151654 -0.8187775982205346 0.3130718830094963
vn -0.5116914030728209 -0.8187782633186207 0.26033452237133603
vn -0.5534508091177884 -0.8039144357808198 0.2177470592914444
vn -0.6008490925320789 -0.7761757638570939 0.1911322882305193
vn -0.648712039287466 -0.7386162739530443 0.18335400168858737
vn -0.680526094612424 -0.7069920350334185 0.19247466573777444
vn -0.25336695477538124 -0.6425521030548068 0.7231403605716492
vn -0.18470770206766868 -0.7322257811130864 0.6555367802573794
vn -0.13548173301057098 -0.8399401257108204 0.5254952761360882
vn -0.1335614730733689 -0.9197312370649401 0.3691284119076538
vn -0.1794642234529814 -0.9621986631083591 0.2048568407764429
vn -0.2670564468910604 -0.9622233899526655 0.05298114760858647
vn -0.3865353698964558 -0.9197000810983336 -0.06886340571543542
vn -0.5228619287732824 -0.8399076901637889 -0.14550077471687978
vn -0.6599878826098997 -0.7323025119708889 -0.16777671402559838
vn -0.752854273199766 -0.6426443107959727 -0.14219259167207407
vn 0.030371523679591943 -0.5008250925159383 0.8650154896045401
vn 0.13358663202832127 -0.6368838354749872 0.7592980915648343
vn 0.20863860170051526 -0.8007583446404049 0.5614766311870979
vn 0.2113417515462203 -0.922546687812478 0.3228657195485484
vn 0.14178176117122723 -0.9872147282666842 0.07283551669702107
vn 0.007913609296339394 -0.9872305403858403 -0.15910133537273313
vn -0.1740000036889998 -0.9224793158390474 -0.3446097946451189
vn -0.38196817568606145 -0.8007727959931396 -0.46137104586264654
vn -0.5908148379680094 -0.6368800414546212 -0.49529954576356594
vn -0.7339490540368352 -0.5008178488298428 -0.4588030823478453
vn 0.30975755524193943 -0.29907947012096 0.9025528945844131
vn 0.4328212032362206 -0.4662615337085044 0.771534826312425
vn 0.5244209603594367 -0.6664734867861474 0.5299016396906141
vn 0.5279527703642185 -0.8150391934712135 0.23869852402254402
vn 0.44276804619436927 -0.8941365433555007 -0.06690515006707388
vn 0.27933791454892926 -0.8941320488079734 -0.34999744111909076
vn 0.05728507893194674 -0.8150333029446823 -0.5765753505161686
vn -0.19666914828612791 -0.6664364549375625 -0.7191548495579122
vn -0.4517063998913649 -0.4662268892464221 -0.7606535453416271
vn -0.6267737198970217 -0.29896280090161753 -0.7195664998619028
vn 0.5514595451466857 -0.06154848556886608 0.8319279740402952
vn 0.6792585406844965 -0.24184899485180236 0.6929046821867645
vn 0.7766512563989115 -0.45446893396167765 0.4362004286996159
vn 0.7803575490790989 -0.612349246986282 0.12676945732547387
vn 0.6899515555825707 -0.6963062652658865 -0.19779897851269096
vn 0.51630912502472 -0.6963014280756661 -0.4985872127080639
vn 0.2802536114220559 -0.6123710874946315 -0.7392290338491432
vn 0.01058658909079855 -0.4545562500422564 -0.8906551182578721
vn -0.2604535265881571 -0.24185588909989836 -0.9347029952853954
vn -0.4447447122637505 -0.06166694775276261 -0.8935319403738693
vn 0.7272002479429674 0.18300535717901179 0.6615805609564637
vn 0.8460645094072968 0.010939921746597778 0.5329682579981369
vn 0.9377360452570598 -0.18922068618962717 0.2912844680781594
vn 0.9411626947435381 -0.33795381422980886 0.00003834847569962741
vn 0.8560380972045608 -0.4170202850250159 -0.3054387958528669
vn 0.6926076936060857 -0.416943733027454 -0.5886021629647565
vn 0.4705286155364508 -0.3379055906272806 -0.8151212387026728
vn 0.21661098057224512 -0.189293261033231 -0.9577305176420638
vn -0.03855325118276733 0.010915739391101485 -0.9991969242630724
vn -0.20946711513730967 0.18315738280687482 -0.9605086677377717
vn 0.8159156378953478 0.40616882037693197 0.4114712155077671
vn 0.9137035961749588 0.264019150054978 0.30893304572543684
vn 0.9887842997835815 0.09997149023099612 0.11095634115491677
vn 0.9916128647474421 -0.02158056011183835 -0.12742921914784838
vn 0.9219252510210807 -0.08632711849083571 -0.37762608509316037
vn 0.7879821910609466 -0.08639778707359232 -0.6096060112561031
vn 0.6062053043723865 -0.021695560886941457 -0.795012221030962
vn 0.39829420178540237 0.10007096824362063 -0.911782611228638
vn 0.1893905966111642 0.2640694177713093 -0.9457264638959771
vn 0.0516403837792216 0.406212046980559 -0.9123184990182974
vn 0.8064186272300521 0.5807840749504561 0.11126030711957151
vn 0.8718052916261253 0.4877388699715119 0.04545688299476063
vn 0.9210549783971478 0.3801686087809289 -0.08443669621321567
vn 0.9229242963493623 0.300264615870747 -0.24093962659560075
vn 0.8772451797983394 0.2577755992030067 -0.4049600412091426
vn 0.7893709050798126 0.2578401259904161 -0.5571463395219644
vn 0.6701086473817047 0.3003006440400407 -0.6788033028008916
vn 0.5335915657975878 0.38021535877238494 -0.7554576903197592
vn 0.3964411579887092 0.48775678371475434 -0.7777709998404476
vn 0.30678310374084344 0.5808392430679278 -0.7539959555404867
vn 0.6991504145391697 0.6854831206194472 -0.20322792425139707
vn 0.722536209196877 0.653355874138237 -0.22598125614410405
vn 0.7396706310373183 0.6159204366678165 -0.27116300130324134
vn 0.7403214292148523 0.5881089902011983 -0.32565625602743337
vn 0.7244497965802266 0.5733672469855577 -0.3826519205741307
vn 0.6936269857247105 0.5733662191524597 -0.4360421807684046
vn 0.6522544229096535 0.5880910588870314 -0.47823955738931223
vn 0.6045491296815644 0.616007610374405 -0.5050296761202042
vn 0.5569573160419364 0.653353211023279 -0.5127651799341811
vn 0.525520616654604 0.6855183036008985 -0.5038777003391907
vn 0.9846987981046343 0.015197396198299549 -0.17360102580365286
vn 0.9843506368711681 0.06028979160087008 -0.16558672869541724
vn 0.9843494258572272 0.11328447862124959 -0.1349919801990446
vn 0.9843497760076113 0.15260962325150207 -0.08812389780757526
vn 0.9843509611971444 0.1735397026416171 -0.03061301679542807
vn 0.9843509611971444 0.1735397026416171 0.03061301679542807
vn 0.9843497760076113 0.15260962325150207 0.08812389780757526
vn 0.9843494258572272 0.11328447862124959 0.1349919801990446
vn 0.9843506368711681 0.06028979160087008 0.16558672869541724
vn 0.9846987981046343 0.015197396198299549 0.17360102580365286
vn 0.8651775448190187 0.043732098188273894 -0.49955512161220617
vn 0.8626554958854583 0.17302673444498104 -0.47527596676659384
vn 0.8626584120926172 0.32513216535690276 -0.38743972317791064
vn 0.8626581220647583 0.4380127488507353 -0.252914602741572
vn 0.8626593501265633 0.49809976273924056 -0.0878377595247508
vn 0.8626543880511511 0.4981080972787874 0.08783922928509849
vn 0.8626559490656116 0.43801595842000185 0.2529164559911363
vn 0.8626590795989316 0.3251314335111598 0.3874388510829836
vn 0.8626588297395664 0.17302478927905937 0.4752706237158981
vn 0.8651732419595077 0.04373274559322422 0.4995625169687508
vn 0.6413429416551442 0.06687072789950053 -0.7643347021687013
vn 0.6369968757311016 0.26367147345165964 -0.7243703019841761
vn 0.6370018002181692 0.49550793055957193 -0.5905087613840985
vn 0.6370120792426252 0.6675573485700727 -0.385464391700559
vn 0.6370102231547237 0.7591420133107423 -0.13387075566710685
vn 0.6370098860372226 0.7591422876606065 0.13387080404728213
vn 0.6370153486027111 0.6675550088881297 0.3854630407093987
vn 0.637015539470193 0.495500632479685 0.5905000640861365
vn 0.6370153238989714 0.2636662590310463 0.7243559766899571
vn 0.6413570651368051 0.06686969894173385 0.76432294114631
vn 0.3408238547276556 0.08198921650844367 -0.9365451769268335
vn 0.33735832948478245 0.3219371738777296 -0.8846161956480663
vn 0.33741822554778744 0.6050738338186836 -0.7211342431864837
vn 0.3374445112176636 0.815202610073413 -0.4707185001447969
vn 0.337441749459325 0.9270575435950049 -0.16339331866825432
vn 0.33737059697666627 0.9270826592754787 0.16339774529140355
vn 0.33744452782347834 0.8152026049183961 0.47071849716816044
vn 0.33744612563760445 0.6050674055199639 0.7211265818630664
vn 0.3374074047379172 0.321931158897181 0.8845996677362824
vn 0.3408151980758251 0.0819894901973665 0.9365483032165038
vn 0 0.08719103949686328 -0.9961916093962329
vn 0 0.3419856335531413 -0.9397051805982858
vn 0 0.6427691301568691 -0.7660599489056859
vn 0 0.8660395196391254 -0.4999755498254217
vn -0.00009452909875645836 0.9848041508470785 -0.17366857959520016
vn 0 0.9848041552470606 0.1736685803711297
vn -0.00008312915306630286 0.8660395166467616 0.4999755480978922
vn 0 0.6427691301568691 0.7660599489056859
vn 0 0.3419856335531413 0.9397051805982858
vn 0 0.08719103949686328 0.9961916093962329
vn -0.3408233341858802 0.08197068186380843 -0.9365469887780336
vn -0.3373549602123562 0.3219940610537603 -0.88459677563635
vn -0.33741631296676394 0.6051004463550703 -0.7211128077941824
vn -0.337444510078724 0.8152026205951913 -0.4707184827393786
vn -0.33736272530175887 0.9270703103629011 -0.16348403965098354
vn -0.3373657186890496 0.9270692539108828 0.16348385335115098
vn -0.33737074621266105 0.8152255166157586 0.47073170347713117
vn -0.33744803866522477 0.6050931363037546 0.7211040962295797
vn -0.3374107720307645 0.32198721919621986 0.8845779793731524
vn -0.34081572036897123 0.08197092252797113 0.9365497384598924
vn -0.6413447615111599 0.0669127111835563 -0.7643295009119165
vn -0.6369936716708932 0.263707145536435 -0.7243601339418535
vn -0.6369994128705018 0.49553030629296874 -0.5904925601121768
vn -0.6370115115706977 0.6675610333396425 -0.38545894838870154
vn -0.6370102817161456 0.7591418482328927 -0.1338714131152155
vn -0.6370098274893602 0.7591422178875005 0.13387147830222215
vn -0.6370159162095219 0.6675578811923528 0.38545712829537887
vn -0.6370179241496176 0.4955204729666761 0.590480842350532
vn -0.6370185248149144 0.2637001198071284 0.7243408354195809
vn -0.6413552445147178 0.06691194696962655 0.7643207714606481
vn -0.8651765383858432 0.04370583303427554 -0.4995591632484285
vn -0.862654029139704 0.17304549642237005 -0.47527179821337007
vn -0.8626581186354673 0.32513540900310356 -0.3874376545519304
vn -0.8626590772246957 0.4380051281184619 -0.25292454254928737
vn -0.8626615313341803 0.4980911729457195 -0.08786504304741792
vn -0.8626522054396472 0.49810683700992603 0.08786780624369718
vn -0.8626549932271559 0.4380111601903798 0.25292802574830164
vn -0.8626593729525821 0.3251340337728324 0.3874360158008867
vn -0.8626602954647439 0.17304183990264552 0.47526175553245226
vn -0.8651742488274327 0.04370617731139529 0.4995630983476591
vn -0.9846987981046343 0.015197396198299549 -0.17360102580365286
vn -0.9843506368711681 0.06028979160087008 -0.16558672869541724
vn -0.9843494258572272 0.11328447862124959 -0.1349919801990446
vn -0.9843497760076113 0.15260962325150207 -0.08812389780757526
vn -0.9843509611971444 0.1735397026416171 -0.03061301679542807
vn -0.9843509611971444 0.1735397026416171 0.03061301679542807
vn -0.9843497760076113 0.15260962325150207 0.08812389780757526
vn -0.9843494258572272 0.11328447862124959 0.1349919801990446
vn -0.9843506368711681 0.06028979160087008 0.16558672869541724
vn -0.9846987981046343 0.015197396198299549 0.17360102580365286
vn 0.5069399435696229 0.706976034091831 -0.49314985636560227
vn 0.48315469374133085 0.7385769739130587 -0.4701761324452251
vn 0.4659241990884583 0.7762161343793602 -0.42473892384962997
vn 0.46527604891091884 0.8039605514124376 -0.37035878561531904
vn 0.48123719798151654 0.8187775982205346 -0.3130718830094963
vn 0.5117620533732388 0.8187746203858859 -0.2602070747292526
vn 0.5533256832344757 0.8039822226315281 -0.21781476985174555
vn 0.6009789594331997 0.7760938520937304 -0.19105659648623363
vn 0.6487214136749125 0.7386234486305552 -0.18329192173341585
vn 0.6805478087337515 0.7069879337046676 -0.19241294557200087
vn 0.2533154775134937 0.6426598962903525 -0.723062602097622
vn 0.18471354156053574 0.7323292460591906 -0.6554195472600294
vn 0.13543697123873621 0.8398711286838733 -0.5256170792744038
vn 0.1336243132667557 0.9197051419677635 -0.36917068510655604
vn 0.1794012656403752 0.9621985436304185 -0.2049125387137967
vn 0.26718036940572576 0.962192403390102 -0.052919080326470525
vn 0.38651769960797533 0.9197102727228226 0.06882646393554154
vn 0.5229562707761257 0.8398521537403975 0.14548229690771097
vn 0.6599816679565748 0.7323207876621691 0.16772138181853247
vn 0.752859465108905 0.6426553957740646 0.14211498189288213
vn -0.03031452324150615 0.5006242842896557 -0.8651337212593844
vn -0.13359777801945014 0.6368459005077115 -0.7593279480664384
vn -0.20861755395066287 0.8007847589547206 -0.561446779320598
vn -0.21147041817866324 0.9224764101218148 -0.32298225184073276
vn -0.1417547042680893 0.9872261834917734 -0.07273284296749367
vn -0.007873615957860023 0.9872290256368048 0.15911271825958181
vn 0.17397364608428767 0.9224843576087842 0.3446096058371671
vn 0.381932688008851 0.8007834889783667 0.4613818652807755
vn 0.590807272531053 0.6368828828438018 0.49530491645549646
vn 0.7339786463455314 0.5007968415101979 0.45877867239246334
vn -0.30974135453386076 0.29900264982921726 -0.9025839067292502
vn -0.43283196764905296 0.46622362438826254 -0.7715516961573747
vn -0.5244465421094319 0.6664321811535013 -0.5299282709881092
vn -0.5279126049463316 0.8150737573164496 -0.23866933542628432
vn -0.4428173319329303 0.8941139005448477 0.0668815624240312
vn -0.27930637376177403 0.8941387832582185 0.3500054083147303
vn -0.05720435011878393 0.815037570023747 0.5765773337352705
vn 0.19661596835056064 0.6664391284282674 0.7191669132331818
vn 0.4517715586584399 0.46622020507391965 0.760618944786518
vn 0.6267846061530074 0.2989576149707664 0.7195591719522519
vn -0.5514729054502465 0.0617687843768229 -0.8319027898924689
vn -0.6792453864633713 0.24193907980395088 -0.6928861281854638
vn -0.776631899222376 0.45452156683277367 -0.43618005272378724
vn -0.7803326544121859 0.6123720463867646 -0.12681255955984216
vn -0.6898850541286986 0.6963613406290701 0.1978370424544578
vn -0.5163091250247177 0.6963014280756672 0.49858721270806483
vn -0.28043041551084047 0.6123259252412515 0.7391993934885653
vn -0.010586589090800678 0.45455625004225614 0.8906551182578722
vn 0.2604535265881587 0.24185588909989836 0.934702995285395
vn 0.4447332602930826 0.06167119785592311 0.8935373470337439
vn -0.7271150695133142 -0.18326104648919708 -0.6616034042584219
vn -0.8460919518981254 -0.011013901441405304 -0.5329231679222244
vn -0.9377240196933292 0.18932949763074125 -0.29125247504025775
vn -0.9412117926206744 0.3378170364297765 -0.00010644049903540673
vn -0.8560935572097541 0.41690922933195573 0.3054349616559708
vn -0.6925080803501055 0.4170167323125115 0.5886676512440675
vn -0.4705650824668227 0.33789159361969107 0.8151059895032905
vn -0.21658930602344217 0.18929682854885344 0.9577347144265106
vn 0.03849353531603746 -0.010916979206562611 0.9991992130220464
vn 0.20930606172352192 -0.18309473452598565 0.9605557197344922
vn -0.8159480229283343 -0.40611145136208643 -0.4114636228780408
vn -0.9136831503558531 -0.2640633523372758 -0.30895573583962344
vn -0.9887746734923796 -0.10004011821183846 -0.1109802676524057
vn -0.9916181029288268 0.021642075660624763 0.1273780142133436
vn -0.9218680010364502 0.08644882175398595 0.3777379910498907
vn -0.7880554873655974 0.08633274637174014 0.6095204719588045
vn -0.6061079612775748 0.021668160357711092 0.7950871839632773
vn -0.3983579183110045 -0.10005312221855078 0.9117567338129414
vn -0.18926015479926192 -0.264083582123388 0.9457486217057044
vn -0.051499196848772535 -0.4062846949310161 0.912294129866428
vn -0.8063947216539964 -0.5808157209215408 -0.11126837474756637
vn -0.8718771131773705 -0.487613455263621 -0.045424858429804524
vn -0.9210776249359319 -0.38010526062338523 0.08447484648587086
vn -0.922919302271981 -0.3003378560648716 0.2408674608745577
vn -0.8772550587744398 -0.2579413879907478 0.404833054747338
vn -0.7892682309692634 -0.2577715989245024 0.557323480907233
vn -0.6701320247572983 -0.30030329449612336 0.6787790514662767
vn -0.533501997477636 -0.380172446164166 0.7555425400762864
vn -0.396697812550809 -0.4876530590414273 0.7777051751949071
vn -0.30683430814082374 -0.5808017994573781 0.7540039635803077
vn -0.6991504145391697 -0.6854831206194472 0.20322792425139707
vn -0.722536209196877 -0.653355874138237 0.22598125614410405
vn -0.7396706310373183 -0.6159204366678165 0.27116300130324134
vn -0.7403214292148523 -0.5881089902011983 0.32565625602743337
vn -0.7244497965802266 -0.5733672469855577 0.3826519205741307
vn -0.6936269857247105 -0.5733662191524597 0.4360421807684046
vn -0.6522544229096535 -0.5880910588870314 0.47823955738931223
vn -0.6045491296815644 -0.616007610374405 0.5050296761202042
vn -0.5569573160419364 -0.653353211023279 0.5127651799341811
vn -0.525520616654604 -0.6855183036008985 0.5038777003391907
vn 0.5069399435696229 -0.706976034091831 -0.49314985636560227
vn 0.48315469374133085 -0.7385769739130587 -0.4701761324452251
vn 0.4659241990884583 -0.7762161343793602 -0.42473892384962997
vn 0.46527604891091884 -0.8039605514124376 -0.37035878561531904
vn 0.48123719798151654 -0.8187775982205346 -0.3130718830094963
vn 0.5117620533732388 -0.8187746203858859 -0.2602070747292526
vn 0.5533256832344757 -0.8039822226315281 -0.21781476985174555
vn 0.6009789594331997 -0.7760938520937304 -0.19105659648623363
vn 0.6487214136749125 -0.7386234486305552 -0.18329192173341585
vn 0.6805478087337515 -0.7069879337046676 -0.19241294557200087
vn 0.25336695477538124 -0.6425521030548068 -0.7231403605716492
vn 0.18470770206766868 -0.7322257811130864 -0.6555367802573794
vn 0.13548173301057098 -0.8399401257108204 -0.5254952761360882
vn 0.133649238587565 -0.919716000136743 -0.36913460975291207
vn 0.1794642234529814 -0.9621986631083591 -0.2048568407764429
vn 0.2670589752654289 -0.9622278306017589 -0.052887671017091346
vn 0.386446111582529 -0.9197412345849783 0.06881470952379264
vn 0.5230057562587709 -0.839825181594904 0.14546010889339192
vn 0.6599933395018146 -0.7323120540126574 0.16771358728798705
vn 0.7528486457211729 -0.6426661377083137 0.14212372102810406
vn -0.030371523679591943 -0.5008250925159383 -0.8650154896045401
vn -0.13358663202832127 -0.6368838354749872 -0.7592980915648343
vn -0.20863860170051526 -0.8007583446404049 -0.5614766311870979
vn -0.21146055969385744 -0.9224817961122663 -0.322973323256655
vn -0.1417097602035116 -0.9872345145006409 -0.0727073396690271
vn -0.0077357187550877934 -0.9872237896726684 0.15915196436009615
vn 0.1738881202161157 -0.9225256090527134 0.34454233744146173
vn 0.38188867381776376 -0.8007967492371331 0.461395283050174
vn 0.5908725848581089 -0.6368341463479027 0.4952896713120868
vn 0.7339490540368352 -0.5008178488298428 0.4588030823478453
vn -0.30975755524193943 -0.29907947012096 -0.9025528945844131
vn -0.4328212032362206 -0.4662615337085044 -0.771534826312425
vn -0.5244209603594367 -0.6664734867861474 -0.5299016396906141
vn -0.5279527703642185 -0.8150391934712135 -0.23869852402254402
vn -0.44276804619436927 -0.8941365433555007 0.06690515006707388
vn -0.27933791454892926 -0.8941320488079734 0.34999744111909076
vn -0.05728507893194674 -0.8150333029446823 0.5765753505161686
vn 0.19666914828612791 -0.6664364549375625 0.7191548495579122
vn 0.4517063998913649 -0.4662268892464221 0.7606535453416271
vn 0.6267737198970217 -0.29896280090161753 0.7195664998619028
vn -0.5513988820848588 -0.0614730646958808 -0.8319737586922223
vn -0.6792585406844965 -0.24184899485180236 -0.6929046821867645
vn -0.7766512563989115 -0.45446893396167765 -0.4362004286996159
vn -0.7803116880403386 -0.612402203954241 -0.12679593881361495
vn -0.6899515555825707 -0.6963062652658865 0.19779897851269096
vn -0.51630912502472 -0.6963014280756661 0.4985872127080639
vn -0.2802536114220559 -0.6123710874946315 0.7392290338491432
vn -0.01058658909079855 -0.4545562500422564 0.8906551182578721
vn 0.2604535265881571 -0.24185588909989836 0.9347029952853954
vn 0.4447447122637505 -0.06166694775276261 0.8935319403738693
vn -0.7272002479429674 0.18300535717901179 -0.6615805609564637
vn -0.8460995592020285 0.010888792129215502 -0.5329136610409794
vn -0.9377360452570598 -0.18922068618962717 -0.2912844680781594
vn -0.9412009666045361 -0.33784720230371446 -0.0000914234097241086
vn -0.8560075941252924 -0.41702605956068495 0.3055163898174973
vn -0.6926076936060857 -0.416943733027454 0.5886021629647565
vn -0.4705286155364508 -0.3379055906272806 0.8151212387026728
vn -0.21661098057224512 -0.189293261033231 0.9577305176420638
vn 0.03855394841353632 0.010914955161923109 0.9991969059277254
vn 0.2095072165282789 0.1831729813680364 0.960496946959915
vn -0.8159156378953478 0.40616882037693197 -0.4114712155077671
vn -0.9137035961749588 0.264019150054978 -0.30893304572543684
vn -0.9887842997835815 0.09997149023099612 -0.11095634115491677
vn -0.9916152594736335 -0.021670119340881314 0.12739538102612102
vn -0.9219252510210807 -0.08632711849083571 0.37762608509316037
vn -0.7879821910609466 -0.08639778707359232 0.6096060112561031
vn -0.6062053043723865 -0.021695560886941457 0.795012221030962
vn -0.39828079772961456 0.10004692945043606 0.911791104402429
vn -0.18942661260531798 0.2640655059961282 0.9457203429026382
vn -0.05166987031501108 0.40623477415810544 0.9123067098110936
vn -0.8064186272300521 0.5807840749504561 -0.11126030711957151
vn -0.8718052916261253 0.4877388699715119 -0.04545688299476063
vn -0.9210549783971478 0.3801686087809289 0.08443669621321567
vn -0.9229168239759544 0.30037414696857373 0.24083170027020737
vn -0.8771889280641938 0.25777860999367597 0.40507995841724737
vn -0.7893709050798126 0.2578401259904161 0.5571463395219644
vn -0.6701086473817047 0.3003006440400407 0.6788033028008916
vn -0.5336130995427838 0.38021150529192904 0.7554444196894889
vn -0.3964502273569363 0.487746551217926 0.777772793946698
vn -0.30678310374084344 0.5808392430679278 0.7539959555404867
vn -0.6991504145391697 0.6854831206194472 0.20322792425139707
vn -0.722536209196877 0.653355874138237 0.22598125614410405
vn -0.7396706310373183 0.6159204366678165 0.27116300130324134
vn -0.7403214292148523 0.5881089902011983 0.32565625602743337
vn -0.7244497965802266 0.5733672469855577 0.3826519205741307
vn -0.6936269857247105 0.5733662191524597 0.4360421807684046
vn -0.6522544229096535 0.5880910588870314 0.47823955738931223
vn -0.6045491296815644 0.616007610374405 0.5050296761202042
vn -0.5569573160419364 0.653353211023279 0.5127651799341811
vn -0.525520616654604 0.6855183036008985 0.5038777003391907
vn -0.015197396198299549 0.9846987981046343 -0.17360102580365286
vn -0.06028979160087008 0.9843506368711681 -0.16558672869541724
vn -0.11328447862124959 0.9843494258572272 -0.1349919801990446
vn -0.15260962325150207 0.9843497760076113 -0.08812389780757526
vn -0.1735397026416171 0.9843509611971444 -0.03061301679542807
vn -0.1735397026416171 0.9843509611971444 0.03061301679542807
vn -0.15260962325150207 0.9843497760076113 0.08812389780757526
vn -0.11328447862124959 0.9843494258572272 0.1349919801990446
vn -0.06028979160087008 0.9843506368711681 0.16558672869541724
vn -0.015197396198299549 0.9846987981046343 0.17360102580365286
vn -0.043732098188273894 0.8651775448190187 -0.49955512161220617
vn -0.17302673444498104 0.8626554958854583 -0.47527596676659384
vn -0.32513216535690276 0.8626584120926172 -0.38743972317791064
vn -0.4380127488507353 0.8626581220647583 -0.252914602741572
vn -0.49809976273924056 0.8626593501265633 -0.0878377595247508
vn -0.4981080972787874 0.8626543880511511 0.08783922928509849
vn -0.43801595842000185 0.8626559490656116 0.2529164559911363
vn -0.3251314335111598 0.8626590795989316 0.3874388510829836
vn -0.17302478927905937 0.8626588297395664 0.4752706237158981
vn -0.04373274559322422 0.8651732419595077 0.4995625169687508
vn -0.06687072789950053 0.6413429416551442 -0.7643347021687013
vn -0.26367147345165964 0.6369968757311016 -0.7243703019841761
vn -0.495463339370561 0.6370065562312148 -0.5905410457014995
vn -0.6675633561292939 0.6370553736066962 -0.38538242890955293
vn -0.7591420133107423 0.6370102231547237 -0.13387075566710685
vn -0.7591422876606065 0.6370098860372226 0.13387080404728213
vn -0.6675550088881297 0.6370153486027111 0.3854630407093987
vn -0.495500632479685 0.637015539470193 0.5905000640861365
vn -0.2636662590310463 0.6370153238989714 0.7243559766899571
vn -0.06686969894173385 0.6413570651368051 0.76432294114631
vn -0.08198921650844367 0.3408238547276556 -0.9365451769268335
vn -0.3219371738777296 0.33735832948478245 -0.8846161956480663
vn -0.6050738338186836 0.33741822554778744 -0.7211342431864837
vn -0.815225511954746 0.3373707284670646 -0.4707317242673627
vn -0.9270575435950049 0.337441749459325 -0.16339331866825432
vn -0.9270826592754787 0.33737059697666627 0.16339774529140355
vn -0.8152026049183961 0.33744452782347834 0.47071849716816044
vn -0.6050674055199639 0.33744612563760445 0.7211265818630664
vn -0.321931158897181 0.3374074047379172 0.8845996677362824
vn -0.0819894901973665 0.3408151980758251 0.9365483032165038
vn -0.08719103949686328 0 -0.9961916093962329
vn -0.3419856335531413 0 -0.9397051805982858
vn -0.6427691301568691 0 -0.7660599489056859
vn -0.8659973180834873 0 -0.5000486427060944
vn -0.9848208190388665 0 -0.17357406023832034
vn -0.9848208190388665 0 0.17357406023832034
vn -0.8659973180834873 0 0.5000486427060944
vn -0.6427691301568691 0 0.7660599489056859
vn -0.3419856335531413 0 0.9397051805982858
vn -0.08719103949686328 0 0.9961916093962329
vn -0.08197068186380843 -0.3408233341858802 -0.9365469887780336
vn -0.3219940610537603 -0.3373549602123562 -0.88459677563635
vn -0.6051004463550703 -0.33741631296676394 -0.7211128077941824
vn -0.8152026205951913 -0.337444510078724 -0.4707184827393786
vn -0.9270406937409733 -0.33744663069715836 -0.1634788169133557
vn -0.9270692539108828 -0.3373657186890496 0.16348385335115098
vn -0.8152026147329592 -0.33744452896268484 0.4707184793543783
vn -0.6050931363037546 -0.33744803866522477 0.7211040962295797
vn -0.32198721919621986 -0.3374107720307645 0.8845779793731524
vn -0.08197092252797113 -0.34081572036897123 0.9365497384598924
vn -0.0669127111835563 -0.6413447615111599 -0.7643295009119165
vn -0.263707145536435 -0.6369936716708932 -0.7243601339418535
vn -0.49553030629296874 -0.6369994128705018 -0.5904925601121768
vn -0.6675610333396425 -0.6370115115706977 -0.38545894838870154
vn -0.7591418482328927 -0.6370102817161456 -0.1338714131152155
vn -0.7591422178875005 -0.6370098274893602 0.13387147830222215
vn -0.6675578811923528 -0.6370159162095219 0.38545712829537887
vn -0.4955204729666761 -0.6370179241496176 0.590480842350532
vn -0.2637001198071284 -0.6370185248149144 0.7243408354195809
vn -0.06691194696962655 -0.6413552445147178 0.7643207714606481
vn -0.04370583303427554 -0.8651765383858432 -0.4995591632484285
vn -0.17304549642237005 -0.862654029139704 -0.47527179821337007
vn -0.32513540900310356 -0.8626581186354673 -0.3874376545519304
vn -0.4380051281184619 -0.8626590772246957 -0.25292454254928737
vn -0.4980911729457195 -0.8626615313341803 -0.08786504304741792
vn -0.49810683700992603 -0.8626522054396472 0.08786780624369718
vn -0.4380111601903798 -0.8626549932271559 0.25292802574830164
vn -0.3251340337728324 -0.8626593729525821 0.3874360158008867
vn -0.17304183990264552 -0.8626602954647439 0.47526175553245226
vn -0.04370617731139529 -0.8651742488274327 0.4995630983476591
vn -0.015197396198299549 -0.9846987981046343 -0.17360102580365286
vn -0.06028979160087008 -0.9843506368711681 -0.16558672869541724
vn -0.11328447862124959 -0.9843494258572272 -0.1349919801990446
vn -0.15260962325150207 -0.9843497760076113 -0.08812389780757526
vn -0.1735397026416171 -0.9843509611971444 -0.03061301679542807
vn -0.1735397026416171 -0.9843509611971444 0.03061301679542807
vn -0.15260962325150207 -0.9843497760076113 0.08812389780757526
vn -0.11328447862124959 -0.9843494258572272 0.1349919801990446
vn -0.06028979160087008 -0.9843506368711681 0.16558672869541724
vn -0.015197396198299549 -0.9846987981046343 0.17360102580365286
vn 0.5069399435696229 0.706976034091831 0.49314985636560227
vn 0.48315469374133085 0.7385769739130587 0.4701761324452251
vn 0.4659241990884583 0.7762161343793602 0.42473892384962997
vn 0.46527604891091884 0.8039605514124376 0.37035878561531904
vn 0.48123719798151654 0.8187775982205346 0.3130718830094963
vn 0.5117620533732388 0.8187746203858859 0.2602070747292526
vn 0.5533256832344757 0.8039822226315281 0.21781476985174555
vn 0.6008490925320789 0.7761757638570939 0.1911322882305193
vn 0.6373235494764331 0.7479845551426978 0.18530461017131036
vn 0.6594749041562106 0.7282567619956273 0.1863731187585837
vn 0.6805478087337515 0.7069879337046676 0.19241294557200087
vn 0.25336695477538124 0.6425521030548068 0.7231403605716492
vn 0.18470770206766868 0.7322257811130864 0.6555367802573794
vn 0.13548173301057098 0.8399401257108204 0.5254952761360882
vn 0.133649238587565 0.919716000136743 0.36913460975291207
vn 0.1794642234529814 0.9621986631083591 0.2048568407764429
vn 0.26712951992699646 0.9622051207055105 0.052944549026943906
vn 0.386446111582529 0.9197412345849783 -0.06881470952379264
vn 0.5228664310457255 0.8399072049120063 -0.1454873960946673
vn 0.627230890196517 0.7616658478660052 -0.1626239422036136
vn 0.6926015700383682 0.7034933842413349 -0.15937416198700718
vn 0.7528486457211729 0.6426661377083137 -0.14212372102810406
vn -0.030371523679591943 0.5008250925159383 0.8650154896045401
vn -0.13358663202832127 0.6368838354749872 0.7592980915648343
vn -0.20863860170051526 0.8007583446404049 0.5614766311870979
vn -0.21146055969385744 0.9224817961122663 0.322973323256655
vn -0.1417097602035116 0.9872345145006409 0.0727073396690271
vn -0.007913609296339394 0.9872305403858403 -0.15910133537273313
vn 0.1740000036889998 0.9224793158390474 -0.3446097946451189
vn 0.38188867381776376 0.8007967492371331 -0.461395283050174
vn 0.5418889446505779 0.6827427899715779 -0.4901210609709695
vn 0.6416056624917648 0.5939638218020952 -0.4853340625267844
vn 0.7339490540368352 0.5008178488298428 -0.4588030823478453
vn -0.30975755524193943 0.29907947012096 0.9025528945844131
vn -0.4328212032362206 0.4662615337085044 0.771534826312425
vn -0.5244636805639273 0.6664473894097048 0.5298921823525313
vn -0.5279527703642185 0.8150391934712135 0.23869852402254402
vn -0.44276804619436927 0.8941365433555007 -0.06690515006707388
vn -0.27933791454892926 0.8941320488079734 -0.34999744111909076
vn -0.05728507893194674 0.8150333029446823 -0.5765753505161686
vn 0.19666914828612791 0.6664364549375625 -0.7191548495579122
vn 0.39140749786841605 0.521995830464808 -0.7578393784897571
vn 0.5138587135798631 0.41303553312082475 -0.7518981785173071
vn 0.6267737198970217 0.29896280090161753 -0.7195664998619028
vn -0.5513988820848588 0.0614730646958808 0.8319737586922223
vn -0.6792585406844965 0.24184899485180236 0.6929046821867645
vn -0.7766318992223753 0.4545215668327753 0.4361800527237866
vn -0.7803132549677589 0.6123978359278439 0.12680739202631267
vn -0.6899515555825707 0.6963062652658865 -0.19779897851269096
vn -0.51630912502472 0.6963014280756661 -0.4985872127080639
vn -0.2802536114220559 0.6123710874946315 -0.7392290338491432
vn -0.01058658909079855 0.4545562500422564 -0.8906551182578721
vn -0.3245720131557716 -0.18297304900670566 0.9279945428789975
vn 0.2604535265881587 0.24185588909989836 -0.934702995285395
vn 0.4447447122637505 0.06166694775276261 -0.8935319403738693
vn -0.7272226663999354 -0.18297606814533054 0.6615640195478013
vn -0.8460995592020285 -0.010888792129215502 0.5329136610409794
vn -0.9377360452570598 0.18922068618962717 0.2912844680781594
vn -0.9412009693573185 0.3378471946356931 0.00009142010829565288
vn -0.8560075941252924 0.41702605956068495 -0.3055163898174973
vn -0.6926076936060857 0.416943733027454 -0.5886021629647565
vn -0.4705286155364508 0.3379055906272806 -0.8151212387026728
vn -0.21661098057224512 0.189293261033231 -0.9577305176420638
vn 0.09624889569381555 -0.0688701572302074 -0.9929718281607024
vn -0.025955358445184224 0.0398607083145946 -0.9988680810300433
vn 0.20946711513730967 -0.18315738280687482 -0.9605086677377717
vn -0.8159156378953478 -0.40616882037693197 0.4114712155077671
vn -0.9136916320268667 -0.26403629282250435 0.3089537791266355
vn -0.9887842997835815 -0.09997149023099612 0.11095634115491677
vn -0.9916167819524884 0.021655105174056215 -0.1273860831099374
vn -0.9219092477081621 0.08632761049992888 -0.3776650402877443
vn -0.7879821910609466 0.08639778707359232 -0.6096060112561031
vn -0.6062053043723865 0.021695560886941457 -0.795012221030962
vn -0.39828079772961456 -0.10004692945043606 -0.911791104402429
vn -0.24363128160770003 -0.22423427122854528 -0.9435903720517675
vn -0.1435789713550808 -0.31322305091886665 -0.9387632285926489
vn -0.0516403837792216 -0.406212046980559 -0.9123184990182974
vn -0.8064186272300521 -0.5807840749504561 0.11126030711957151
vn -0.8718052916261253 -0.4877388699715119 0.04545688299476063
vn -0.9210549783971478 -0.3801686087809289 -0.08443669621321567
vn -0.9229168239759544 -0.30037414696857373 -0.24083170027020737
vn -0.8771889280641938 -0.25777860999367597 -0.40507995841724737
vn -0.7893709050798126 -0.2578401259904161 -0.5571463395219644
vn -0.6701086473817047 -0.3003006440400407 -0.6788033028008916
vn -0.5336130995427838 -0.38021150529192904 -0.7554444196894889
vn -0.43243820224186746 -0.46193391740236317 -0.7743476332985906
vn -0.36727592947922866 -0.519945059944512 -0.7712104293021889
vn -0.30678310374084344 -0.5808392430679278 -0.7539959555404867
vn -0.6991504145391697 -0.6854831206194472 -0.20322792425139707
vn -0.722536209196877 -0.653355874138237 -0.22598125614410405
vn -0.7396706310373183 -0.6159204366678165 -0.27116300130324134
vn -0.7403214292148523 -0.5881089902011983 -0.32565625602743337
vn -0.7244497965802266 -0.5733672469855577 -0.3826519205741307
vn -0.6936269857247105 -0.5733662191524597 -0.4360421807684046
vn -0.6522544229096535 -0.5880910588870314 -0.47823955738931223
vn -0.6045491296815644 -0.616007610374405 -0.5050296761202042
vn -0.5690674032870894 -0.6442310626961468 -0.5110074641074066
vn -0.5466176743412189 -0.6642180326142448 -0.5099250172798538
vn -0.525520616654604 -0.6855183036008985 -0.5038777003391907
vn 0.5069399435696229 -0.706976034091831 0.49314985636560227
vn 0.48315469374133085 -0.7385769739130587 0.4701761324452251
vn 0.4659241990884583 -0.7762161343793602 0.42473892384962997
vn 0.46527604891091884 -0.8039605514124376 0.37035878561531904
vn 0.48123719798151654 -0.8187775982205346 0.3130718830094963
vn 0.5117620533732388 -0.8187746203858859 0.2602070747292526
vn 0.5533256832344757 -0.8039822226315281 0.21781476985174555
vn 0.6009789594331997 -0.7760938520937304 0.19105659648623363
vn 0.6487214136749125 -0.7386234486305552 0.18329192173341585
vn 0.6802883139824512 -0.7072578667598995 0.19233855506671105
vn 0.2533154775134937 -0.6426598962903525 0.723062602097622
vn 0.18471354156053574 -0.7323292460591906 0.6554195472600294
vn 0.13543697123873621 -0.8398711286838733 0.5256170792744038
vn 0.13362120103148042 -0.9197572543105352 0.36904195937325346
vn 0.17928103987498853 -0.9621982965918383 0.20501889370764811
vn 0.26724989229934026 -0.9621800738301596 0.05279205044493066
vn 0.3863784544122687 -0.919770490134893 -0.06880360050902246
vn 0.5229401540942896 -0.8398638066403347 -0.14547295807622526
vn 0.6600014218927406 -0.7323060058793679 -0.16770818958109368
vn 0.752592502092103 -0.6429203223406605 -0.14233054807780773
vn -0.03031452324150615 -0.5006242842896557 0.8651337212593844
vn -0.13359777801945014 -0.6368459005077115 0.7593279480664384
vn -0.20861755395066287 -0.8007847589547206 0.561446779320598
vn -0.21147041817866324 -0.9224764101218148 0.32298225184073276
vn -0.1416677949816387 -0.98723585804406 0.07277084895099804
vn -0.007873615957860023 -0.9872290256368048 -0.15911271825958181
vn 0.17403161077875345 -0.9224981655143668 -0.34454336892818055
vn 0.381932688008851 -0.8007834889783667 -0.4613818652807755
vn 0.5907926248868268 -0.6368641760832661 -0.4953464399802588
vn 0.7339786463455314 -0.5007968415101979 -0.45877867239246334
vn -0.30974135453386076 -0.29900264982921726 0.9025839067292502
vn -0.43283196764905296 -0.46622362438826254 0.7715516961573747
vn -0.5244465421094319 -0.6664321811535013 0.5299282709881092
vn -0.5279126049463316 -0.8150737573164496 0.23866933542628432
vn -0.4428173319329303 -0.8941139005448477 -0.0668815624240312
vn -0.27930637376177403 -0.8941387832582185 -0.3500054083147303
vn -0.05720435011878393 -0.815037570023747 -0.5765773337352705
vn 0.19661596835056064 -0.6664391284282674 -0.7191669132331818
vn 0.4517715586584399 -0.46622020507391965 -0.760618944786518
vn 0.6267846061530074 -0.2989576149707664 -0.7195591719522519
vn -0.5514729054502465 -0.0617687843768229 0.8319027898924689
vn -0.6792453864633713 -0.24193907980395088 0.6928861281854638
vn -0.776631899222376 -0.45452156683277367 0.43618005272378724
vn -0.7803326544121859 -0.6123720463867646 0.12681255955984216
vn -0.6898850541286986 -0.6963613406290701 -0.1978370424544578
vn -0.5163091250247177 -0.6963014280756672 -0.49858721270806483
vn -0.28043041551084047 -0.6123259252412515 -0.7391993934885653
vn -0.010586589090800678 -0.45455625004225614 -0.8906551182578722
vn 0.2604535265881587 -0.24185588909989836 -0.934702995285395
vn 0.4447332602930826 -0.06167119785592311 -0.8935373470337439
vn -0.7271082471214487 0.18324897988450511 0.6616142443594021
vn -0.8460920527098 0.011012244935411336 0.5329230421015774
vn -0.9377240196933292 -0.18932949763074125 0.29125247504025775
vn -0.9412117909052136 -0.3378170412126837 0.00010642983055065532
vn -0.8560697024809304 -0.4169416540675378 -0.3054575610418524
vn -0.6925080803501055 -0.4170167323125115 -0.5886676512440675
vn -0.4705650824668227 -0.33789159361969107 -0.8151059895032905
vn -0.21658930602344217 -0.18929682854885344 -0.9577347144265106
vn 0.03849258448491963 0.010916229104375045 -0.9991992578469082
vn 0.20930606172352192 0.18309473452598565 -0.9605557197344922
vn -0.8158966471129081 0.40617169998141217 0.4115060283448162
vn -0.9136989238900295 0.2640340588542633 0.3089341228274171
vn -0.9887746734923796 0.10004011821183846 0.1109802676524057
vn -0.9915997384820627 -0.02170996741347025 -0.12750935635164534
vn -0.9219257416904868 -0.08629254161725307 -0.3776327899821208
vn -0.7880554873655974 -0.08633274637174014 -0.6095204719588045
vn -0.6061079612775748 -0.021668160357711092 -0.7950871839632773
vn -0.3983705072720157 0.1000464297450145 -0.911751967824097
vn -0.1892116269905417 0.26408885035125934 -0.9457568605787339
vn -0.051444363194626065 0.4063508162279591 -0.9122677740917802
vn -0.8062895372931217 0.5809549308972005 0.1113038647930657
vn -0.871864036215384 0.48764026020909196 0.045388092903633166
vn -0.9210776249359319 0.38010526062338523 -0.08447484648587086
vn -0.922919302271981 0.3003378560648716 -0.2408674608745577
vn -0.8772793714492231 0.25785976550386724 -0.4048323674855393
vn -0.7892682309692634 0.2577715989245024 -0.557323480907233
vn -0.6701320247572983 0.30030329449612336 -0.6787790514662767
vn -0.533501997477636 0.380172446164166 -0.7555425400762864
vn -0.3967231080361206 0.48767986755023746 -0.7776754608037622
vn -0.30683430814082374 0.5808017994573781 -0.7540039635803077
vn -0.6991504145391697 0.6854831206194472 -0.20322792425139707
vn -0.722536209196877 0.653355874138237 -0.22598125614410405
vn -0.7396706310373183 0.6159204366678165 -0.27116300130324134
vn -0.7403214292148523 0.5881089902011983 -0.32565625602743337
vn -0.7244497965802266 0.5733672469855577 -0.3826519205741307
vn -0.6936269857247105 0.5733662191524597 -0.4360421807684046
vn -0.6522544229096535 0.5880910588870314 -0.47823955738931223
vn -0.6045491296815644 0.616007610374405 -0.5050296761202042
vn -0.5569573160419364 0.653353211023279 -0.5127651799341811
vn -0.525520616654604 0.6855183036008985 -0.5038777003391907
vn 0.9846979761504517 -0.11198594036432431 -0.13352544673552852
vn 0.9843496502799847 -0.07446946449466725 -0.15971870539028832
vn 0.9843506913495617 -0.015379019229721942 -0.1755482902428051
vn 0.9843524509021261 0.04559374511146636 -0.17021005496059274
vn 0.9843530675695324 0.10107152257557203 -0.14433844148634672
vn 0.9843530675695324 0.14433844148634672 -0.10107152257557203
vn 0.9843524509021261 0.17021005496059274 -0.04559374511146636
vn 0.9843506913495617 0.1755482902428051 0.015379019229721942
vn 0.9843496502799847 0.15971870539028832 0.07446946449466725
vn 0.9846979761504517 0.13352544673552852 0.11198594036432431
vn 0.8651876220551593 -0.3222315033540559 -0.3842098865057013
vn 0.8626687992180765 -0.21374601105751845 -0.4583832300735284
vn 0.862669317778318 -0.04410127511409403 -0.503841965002125
vn 0.8626569507111775 0.13095280759846828 -0.48854308670962887
vn 0.8626401362245146 0.29010821028457157 -0.41435398115624983
vn 0.86264571824 0.4143461826953798 -0.2901027502247462
vn 0.8626420795596452 0.4885675847531641 -0.1309593742405289
vn 0.8626626733668855 0.503853254778231 0.04410226330792585
vn 0.8626724555667115 0.4583775778523062 0.2137433754032001
vn 0.8651619695816473 0.3842437966926525 0.32225994335756475
vn 0.641388282074689 -0.4931998725148304 -0.5876861044542694
vn 0.6370335446312435 -0.3257368432038541 -0.6986299249202982
vn 0.6370174088661293 -0.06714702344155106 -0.7679193304276319
vn 0.6369884289659385 0.19950258084548778 -0.7446102749757724
vn 0.6370291379046455 0.44208195353563656 -0.6314724252242369
vn 0.637045813614688 0.6314611356018152 -0.4420740498835758
vn 0.6370310173577246 0.7445762803579902 -0.19949347270635726
vn 0.6369831624625795 0.7679475222487316 0.0671494885401588
vn 0.6370167343205827 0.6986425156677498 0.32574271365140034
vn 0.6413997952365974 0.5876787316641234 0.49319368509754674
vn 0.3408583492311617 -0.6043139622716316 -0.7201529148472346
vn 0.33740394748298497 -0.3977860834650758 -0.8531850959929006
vn 0.33739870144623185 -0.08202491027369717 -0.9377814406123574
vn 0.33740396017820085 0.24358671962607698 -0.9092986735269518
vn 0.3374313696151755 0.5399827692406343 -0.7710763125157216
vn 0.33731979511259536 0.7711090665175439 -0.5400057067843257
vn 0.3374360120078532 0.9092875761229703 -0.24358374680723213
vn 0.3374191293787599 0.9377741465224662 0.08202427228168445
vn 0.3373927086324679 0.8531723633289479 0.397822923690107
vn 0.3408215443213195 0.7201631363848667 0.6043225396414921
vn 0 -0.6428732830081545 -0.765972546501712
vn 0 -0.42256533094048077 -0.9063324671924549
vn 0 -0.08713430550797974 -0.9961965733747744
vn 0 0.258760443282512 -0.9659415266941566
vn 0 0.573625849671296 -0.8191174424884895
vn 0 0.8191174424884895 -0.573625849671296
vn 0 0.9659415266941566 -0.258760443282512
vn 0 0.9961965733747744 0.08713430550797974
vn 0 0.9063150631610933 0.4226026576907717
vn 0 0.7660527734129154 0.6427776818981666
vn -0.34085612861204057 -0.6043751195131879 -0.7201026416428647
vn -0.33740456954579257 -0.39779605178051586 -0.8531802023239005
vn -0.3373973009208805 -0.08200003540289333 -0.937784119893928
vn -0.33740176033103025 0.2436248380133217 -0.9092892776385878
vn -0.3374390225937944 0.5398692886157448 -0.7711524215357654
vn -0.33731214502495394 0.7711896717170527 -0.5398953667661994
vn -0.33743821037525124 0.9092766575681982 -0.2436214567322707
vn -0.3374205286863387 0.9377758260637833 0.08199931018868771
vn -0.3373942584921153 0.8531835517935684 0.3977976134738203
vn -0.3408204720655269 0.720187967098259 0.6042935527274045
vn -0.6413897656183135 -0.49317266946428434 -0.5877073137655825
vn -0.637036465871871 -0.32576638179217027 -0.6986134880200315
vn -0.6370233533025789 -0.06721500835124032 -0.7679084515744572
vn -0.6369810346543434 0.19958666158653268 -0.7445940679373059
vn -0.6370262419202614 0.4421107248829627 -0.6314552035167735
vn -0.6370487105866743 0.6314399924670295 -0.44210007492997944
vn -0.6370384077902116 0.7445482733011597 -0.1995743864436858
vn -0.6369772144351163 0.7679464330387508 0.06721833286789902
vn -0.6370138143779839 0.698630453406836 0.32577429282276127
vn -0.6413983120321936 0.5877018406129887 0.4931680766861925
vn -0.8651816213562624 -0.32235927238840856 -0.3841162084220935
vn -0.8626671921575549 -0.21372823063861837 -0.4583945451279779
vn -0.8626722389049573 -0.04413866964676936 -0.5038336888939862
vn -0.8626634912354951 0.13086783032685395 -0.4885543080097939
vn -0.8626376821022583 0.29013674121244026 -0.414339113306804
vn -0.8626481725389564 0.4143244580898869 -0.2901264790461579
vn -0.8626355406807114 0.4886003545274537 -0.13088016469329278
vn -0.8626597512368454 0.5038549070336633 0.04414052847534391
vn -0.8626740623765597 0.45838392449258086 0.21372327872626282
vn -0.865167976853953 0.38413424041684247 0.32237440525856487
vn -0.9846979761504517 -0.11198594036432431 -0.13352544673552852
vn -0.9843496502799847 -0.07446946449466725 -0.15971870539028832
vn -0.9843506913495617 -0.015379019229721942 -0.1755482902428051
vn -0.9843524509021261 0.04559374511146636 -0.17021005496059274
vn -0.9843530675695324 0.10107152257557203 -0.14433844148634672
vn -0.9843530675695324 0.14433844148634672 -0.10107152257557203
vn -0.9843524509021261 0.17021005496059274 -0.04559374511146636
vn -0.9843506913495617 0.1755482902428051 0.015379019229721942
vn -0.9843496502799847 0.15971870539028832 0.07446946449466725
vn -0.9846979761504517 0.13352544673552852 0.11198594036432431
vn -0.860333465128226 -0.17365312223763849 0.479239941905492
vn -0.8826501131857414 -0.1656127268189515 0.4398877156829789
vn -0.9091126893712076 -0.1350529929904031 0.39404924452228607
vn -0.9287830882362442 -0.08816954688534308 0.3599834801881589
vn -0.9392749244955177 -0.030500760531418116 0.3418074309036373
vn -0.9392749244955177 0.030500760531418116 0.3418074309036373
vn -0.9287830882362442 0.08816954688534308 0.3599834801881589
vn -0.9091126893712076 0.1350529929904031 0.39404924452228607
vn -0.8826501131857414 0.1656127268189515 0.4398877156829789
vn -0.860333465128226 0.17365312223763849 0.479239941905492
vn -0.771059582865406 -0.49953415743278556 0.39488320454198
vn -0.8336326970843538 -0.4752309294686566 0.2814464247920427
vn -0.9096640225563387 -0.3873765962038431 0.1498357059587126
vn -0.9660890554615597 -0.2529093622202817 0.05204605094261978
vn -0.9961451864400648 -0.08771982405527798 0
vn -0.9961448682793103 0.08772343377708638 -0.000023814972945540712
vn -0.9660926499266141 0.2528852913714496 0.05209626825166691
vn -0.9096488684039503 0.38743891592227736 0.14976656048792458
vn -0.8336414406017736 0.4752065271564352 0.28146172929782154
vn -0.7710679037042241 0.4995160694938648 0.39488983804926414
vn -0.588855227996746 -0.7643394360152619 0.26274464221515875
vn -0.6835867453469425 -0.7242845288243628 0.09011705105941482
vn -0.799382043462144 -0.5905612770771788 -0.11057000772026108
vn -0.8854547233219564 -0.38540201426139514 -0.2596829227155633
vn -0.9312461638028896 -0.1338416556563013 -0.3389203352022156
vn -0.9312224089615607 0.1338490894087419 -0.33898266373411845
vn -0.8854641734041869 0.38539433124521 -0.2596621017046916
vn -0.7994141821522112 0.5905273943150572 -0.1105186044853115
vn -0.6835038515296531 0.7243733467443342 0.0900318803010499
vn -0.5888294330091669 0.7643653276044956 0.26272712988607616
vn -0.33617937580909873 -0.9365339342829998 0.09943649841487075
vn -0.45317112349727984 -0.8845988130950668 -0.11009483502422836
vn -0.5947768024925247 -0.7211077878835103 -0.3553084764968586
vn -0.6998737326582505 -0.47062266915517925 -0.5372997874671666
vn -0.7557269198548444 -0.16351826460380203 -0.6341439897591639
vn -0.7557590745165234 0.16351536363762534 -0.6341064162586463
vn -0.6998450356692512 0.47062990697699 -0.5373308261284981
vn -0.5947528964884592 0.721116530501266 -0.355330749522758
vn -0.4531731175614625 0.8845979785070542 -0.11009333286288536
vn -0.3361800383340889 0.936533652831678 0.09943690934177672
vn -0.04359697220575823 -0.9961919797040422 -0.07550393094290903
vn -0.1710097544956504 -0.9397030389836991 -0.29616526196051096
vn -0.32141003141972396 -0.7660613547785681 -0.5566377569098209
vn -0.43304990733900267 -0.49999388664946376 -0.7499825938425801
vn -0.4924442358253804 -0.17364752190216895 -0.8528453627355859
vn -0.49244423582537794 0.17364752190216895 -0.8528453627355873
vn -0.4330499073390048 0.49999388664946365 -0.7499825938425789
vn -0.3214100314197224 0.766061354778568 -0.5566377569098219
vn -0.1710097544956512 0.9397030389836992 -0.29616526196051046
vn -0.04359697220575823 0.9961919797040422 -0.07550393094290904
vn 0.25418986164374546 -0.9365445016317658 -0.2413957553496767
vn 0.1312457731891186 -0.8845919226367827 -0.44751723701523594
vn -0.010280705375645662 -0.7211241234036389 -0.6927296050713531
vn -0.11536974648845108 -0.4706693745189612 -0.8747343376620815
vn -0.17128592241143084 -0.16345806661426113 -0.9715670811850272
vn -0.17128167364992644 0.16345781287780317 -0.9715678729151584
vn -0.11536505904822757 0.47066855188641943 -0.8747353985154253
vn -0.010308270288195285 0.7211318378224925 -0.6927211647137831
vn 0.13122783936648008 0.8845984366380147 -0.44750962008965306
vn 0.2541911246160249 0.9365439844340416 -0.24139643200936164
vn 0.5219977278626119 -0.764344760967592 -0.37854386600190115
vn 0.4198339354713513 -0.7243622996811814 -0.5468443338165148
vn 0.30390240773498217 -0.5905129469813963 -0.7476214189148325
vn 0.21783929789498632 -0.38543365138364594 -0.8966531886262882
vn 0.17205811196403492 -0.13387786408418226 -0.9759470905820813
vn 0.17204753969953931 0.1338790553433434 -0.9759487909842963
vn 0.21784987535400385 0.38543008017765834 -0.8966521539050074
vn 0.3039035916291654 0.5905122847262642 -0.7476214607555491
vn 0.41980170002819883 0.7243871495785768 -0.5468361639274225
vn 0.5219943879671192 0.7643478425016855 -0.37854224941722336
vn 0.7273592535597756 -0.49956149312664 -0.47051762012282644
vn 0.6605726761505774 -0.4752296280040037 -0.5812061081840424
vn 0.5845287111048099 -0.3874605757618679 -0.7128818191849414
vn 0.5280926965981799 -0.25290731472826866 -0.810651586044584
vn 0.4981081473868401 -0.08783809287694293 -0.8626544748313728
vn 0.4980562863224238 0.08784709380735654 -0.8626835015023282
vn 0.5280795256803019 0.25291431423811556 -0.8106579822654749
vn 0.5845077917948008 0.3874799014585934 -0.7128884676418917
vn 0.6605620420199229 0.4752443501812523 -0.5812061564223739
vn 0.7273833401069093 0.4995175089038704 -0.47052708193406684
vn 0.8451370794627285 -0.17360569938288922 -0.5055733162054619
vn 0.8222862495992083 -0.16558893152401777 -0.5444498411027436
vn 0.7958683361434905 -0.13508577985075906 -0.5902079494604461
vn 0.776154568805899 -0.08808593501354373 -0.6243596346453851
vn 0.7656803930079292 -0.03053296855672793 -0.6424961272990966
vn 0.7656803930079292 0.03053296855672793 -0.6424961272990966
vn 0.776154568805899 0.08808593501354373 -0.6243596346453851
vn 0.7958183934764834 0.13495764442199903 -0.5903045983359559
vn 0.8223665471956824 0.16561666729935237 -0.5443201094632708
vn 0.8451370794627285 0.17360569938288922 -0.5055733162054619
vn 0.9846979761504517 -0.13352544673552852 0.11198594036432431
vn 0.9843496502799847 -0.15971870539028832 0.07446946449466725
vn 0.9843506913495617 -0.1755482902428051 0.015379019229721942
vn 0.9843524509021261 -0.17021005496059274 -0.04559374511146636
vn 0.9843530675695324 -0.14433844148634672 -0.10107152257557203
vn 0.9843530675695324 -0.10107152257557203 -0.14433844148634672
vn 0.9843524509021261 -0.04559374511146636 -0.17021005496059274
vn 0.9843506913495617 0.015379019229721942 -0.1755482902428051
vn 0.9843496502799847 0.07446946449466725 -0.15971870539028832
vn 0.9846979761504517 0.11198594036432431 -0.13352544673552852
vn 0.8651876220551593 -0.3842098865057013 0.3222315033540559
vn 0.8626687992180765 -0.4583832300735284 0.21374601105751845
vn 0.862669317778318 -0.503841965002125 0.04410127511409403
vn 0.8626569507111775 -0.48854308670962887 -0.13095280759846828
vn 0.8626401362245146 -0.41435398115624983 -0.29010821028457157
vn 0.8626457182400001 -0.2901027502247462 -0.41434618269537987
vn 0.8626420795596452 -0.1309593742405289 -0.4885675847531641
vn 0.8626626733668855 0.04410226330792585 -0.503853254778231
vn 0.8626724555667115 0.2137433754032001 -0.4583775778523062
vn 0.865161969581647 0.3222599433575647 -0.3842437966926524
vn 0.641388282074689 -0.5876861044542694 0.4931998725148304
vn 0.6370335446312435 -0.6986299249202982 0.3257368432038541
vn 0.6370174088661293 -0.7679193304276319 0.06714702344155106
vn 0.6369884289659385 -0.7446102749757724 -0.19950258084548778
vn 0.6370291379046455 -0.6314724252242369 -0.44208195353563656
vn 0.637045813614688 -0.4420740498835758 -0.6314611356018152
vn 0.6370310173577245 -0.19949347270635723 -0.7445762803579902
vn 0.6369831624625795 0.0671494885401588 -0.7679475222487316
vn 0.6370167343205827 0.32574271365140034 -0.6986425156677498
vn 0.6413997952365974 0.49319368509754674 -0.5876787316641234
vn 0.3408583492311617 -0.7201529148472346 0.6043139622716316
vn 0.33740394748298497 -0.8531850959929006 0.3977860834650758
vn 0.3373987014462319 -0.9377814406123576 0.08202491027369718
vn 0.33740396017820085 -0.9092986735269518 -0.24358671962607698
vn 0.3374313696151755 -0.7710763125157216 -0.5399827692406343
vn 0.33731979511259536 -0.5400057067843257 -0.7711090665175439
vn 0.3374360120078532 -0.24358374680723213 -0.9092875761229703
vn 0.3374191293787599 0.08202427228168445 -0.9377741465224662
vn 0.3373927086324679 0.3978229236901069 -0.8531723633289476
vn 0.3408215443213195 0.6043225396414921 -0.7201631363848667
vn 0 -0.765972546501712 0.6428732830081545
vn 0 -0.9063324671924549 0.42256533094048077
vn 0 -0.9961965733747744 0.08713430550797974
vn 0 -0.9659415266941566 -0.258760443282512
vn 0 -0.8191174424884895 -0.573625849671296
vn 0 -0.573625849671296 -0.8191174424884895
vn 0 -0.258760443282512 -0.9659415266941566
vn 0 0.08713430550797974 -0.9961965733747744
vn 0 0.4226026576907717 -0.9063150631610933
vn 0 0.6427776818981666 -0.7660527734129154
vn -0.34085612861204057 -0.7201026416428647 0.6043751195131879
vn -0.33740456954579257 -0.8531802023239005 0.39779605178051586
vn -0.3373973009208805 -0.937784119893928 0.08200003540289333
vn -0.33740176033103025 -0.9092892776385878 -0.2436248380133217
vn -0.3374390225937944 -0.7711524215357654 -0.5398692886157448
vn -0.33731214502495394 -0.5398953667661994 -0.7711896717170527
vn -0.33743821037525124 -0.24362145673227067 -0.9092766575681981
vn -0.3374205286863387 0.08199931018868771 -0.9377758260637833
vn -0.33739425849211535 0.3977976134738204 -0.8531835517935686
vn -0.3408204720655269 0.6042935527274045 -0.720187967098259
vn -0.6413897656183135 -0.5877073137655825 0.49317266946428434
vn -0.637036465871871 -0.6986134880200315 0.32576638179217027
vn -0.637023353302579 -0.7679084515744574 0.06721500835124034
vn -0.6369810346543434 -0.7445940679373059 -0.19958666158653268
vn -0.6370262419202615 -0.6314552035167736 -0.4421107248829628
vn -0.6370487105866743 -0.44210007492997944 -0.6314399924670295
vn -0.6370384077902117 -0.19957438644368583 -0.7445482733011598
vn -0.6369772144351163 0.06721833286789902 -0.7679464330387508
vn -0.6370138143779839 0.32577429282276127 -0.698630453406836
vn -0.6413983120321934 0.49316807668619245 -0.5877018406129887
vn -0.8651816213562624 -0.3841162084220935 0.32235927238840856
vn -0.8626671921575549 -0.4583945451279779 0.21372823063861837
vn -0.8626722389049573 -0.503833688893986 0.04413866964676936
vn -0.8626634912354951 -0.4885543080097939 -0.13086783032685395
vn -0.8626376821022583 -0.414339113306804 -0.29013674121244026
vn -0.8626481725389563 -0.2901264790461579 -0.4143244580898868
vn -0.8626355406807114 -0.13088016469329278 -0.4886003545274537
vn -0.8626597512368454 0.04414052847534391 -0.5038549070336633
vn -0.8626740623765597 0.21372327872626282 -0.45838392449258086
vn -0.865167976853953 0.32237440525856487 -0.38413424041684247
vn -0.9846979761504517 -0.13352544673552852 0.11198594036432431
vn -0.9843496502799847 -0.15971870539028832 0.07446946449466725
vn -0.9843506913495617 -0.1755482902428051 0.015379019229721942
vn -0.9843524509021261 -0.17021005496059274 -0.04559374511146636
vn -0.9843530675695324 -0.14433844148634672 -0.10107152257557203
vn -0.9843530675695324 -0.10107152257557203 -0.14433844148634672
vn -0.9843524509021261 -0.04559374511146636 -0.17021005496059274
vn -0.9843506913495617 0.015379019229721942 -0.1755482902428051
vn -0.9843496502799847 0.07446946449466725 -0.15971870539028832
vn -0.9846979761504517 0.11198594036432431 -0.13352544673552852
vn 0.9846987981046343 -0.015197396198299549 0.17360102580365286
vn 0.9843506368711681 -0.06028979160087008 0.16558672869541724
vn 0.9843494258572272 -0.11328447862124959 0.1349919801990446
vn 0.9843497760076113 -0.15260962325150207 0.08812389780757526
vn 0.9843509611971444 -0.1735397026416171 0.03061301679542807
vn 0.9843509611971444 -0.1735397026416171 -0.03061301679542807
vn 0.9843497760076113 -0.15260962325150207 -0.08812389780757526
vn 0.9843494258572272 -0.11328447862124959 -0.1349919801990446
vn 0.9843506368711681 -0.06028979160087008 -0.16558672869541724
vn 0.9846987981046343 -0.015197396198299549 -0.17360102580365286
vn 0.8651775448190187 -0.043732098188273894 0.49955512161220617
vn 0.8626554958854583 -0.17302673444498104 0.47527596676659384
vn 0.8626584120926172 -0.32513216535690276 0.38743972317791064
vn 0.8626581220647583 -0.4380127488507353 0.252914602741572
vn 0.8626593501265633 -0.49809976273924056 0.0878377595247508
vn 0.8626543880511511 -0.4981080972787874 -0.08783922928509849
vn 0.8626559490656116 -0.43801595842000185 -0.2529164559911363
vn 0.8626590795989316 -0.3251314335111598 -0.3874388510829836
vn 0.8626588297395664 -0.17302478927905937 -0.4752706237158981
vn 0.8651732419595077 -0.04373274559322422 -0.4995625169687508
vn 0.641338009224873 -0.06687108723967435 0.7643388094391521
vn 0.6369797753088215 -0.26364884682894035 0.7243935749392684
vn 0.6370018002181692 -0.49550793055957193 0.5905087613840985
vn 0.6370120792426252 -0.6675573485700727 0.385464391700559
vn 0.6370102231547237 -0.7591420133107423 0.13387075566710685
vn 0.6370098860372226 -0.7591422876606065 -0.13387080404728213
vn 0.6370153486027111 -0.6675550088881297 -0.3854630407093987
vn 0.637015539470193 -0.495500632479685 -0.5905000640861365
vn 0.6370127951324652 -0.26363951490745474 -0.7243679348348364
vn 0.6413570651368051 -0.06686969894173385 -0.76432294114631
vn 0.3408317635394067 -0.08200700351592932 0.9365407414186298
vn 0.33738746772910466 -0.3219336026250526 0.8846063825906963
vn 0.33741822554778744 -0.6050738338186836 0.7211342431864837
vn 0.3374400600870128 -0.8152437181558941 0.4706504922507001
vn 0.3373629058926247 -0.9270696868748272 0.16348720257406688
vn 0.3373655381759897 -0.9270687578672765 -0.16348703874512518
vn 0.33737519187495524 -0.8152638539804474 -0.4706621169164619
vn 0.33744612563760445 -0.6050674055199639 -0.7211265818630664
vn 0.3374074047379172 -0.321931158897181 -0.8845996677362824
vn 0.3408146901390447 -0.08200754343436982 -0.9365469074239086
vn 0 -0.08719103949686328 0.9961916093962329
vn 0 -0.3419856335531413 0.9397051805982858
vn 0 -0.6427691301568691 0.7660599489056859
vn 0 -0.8660395196391254 0.4999755498254217
vn 0 -0.9848041552470606 0.1736685803711297
vn 0 -0.9848041552470606 -0.1736685803711297
vn 0 -0.8660395196391254 -0.4999755498254217
vn 0 -0.6427691301568691 -0.7660599489056859
vn 0 -0.3419856335531413 -0.9397051805982858
vn 0 -0.08719103949686328 -0.9961916093962329
vn -0.3408233341858802 -0.08197068186380843 0.9365469887780336
vn -0.3373549602123562 -0.3219940610537603 0.88459677563635
vn -0.33741631296676394 -0.6051004463550703 0.7211128077941824
vn -0.337444510078724 -0.8152026205951913 0.4707184827393786
vn -0.33736272530175887 -0.9270703103629011 0.16348403965098354
vn -0.3373657186890496 -0.9270692539108828 -0.16348385335115098
vn -0.33737074621266105 -0.8152255166157586 -0.47073170347713117
vn -0.33744803866522477 -0.6050931363037546 -0.7211040962295797
vn -0.3374107720307645 -0.32198721919621986 -0.8845779793731524
vn -0.34081572036897123 -0.08197092252797113 -0.9365497384598924
vn -0.6413447615111599 -0.0669127111835563 0.7643295009119165
vn -0.6369936716708932 -0.263707145536435 0.7243601339418535
vn -0.6369994128705018 -0.49553030629296874 0.5904925601121768
vn -0.6370115115706977 -0.6675610333396425 0.38545894838870154
vn -0.6370102817161456 -0.7591418482328927 0.1338714131152155
vn -0.6370098274893602 -0.7591422178875005 -0.13387147830222215
vn -0.6370159162095219 -0.6675578811923528 -0.38545712829537887
vn -0.6370179241496176 -0.4955204729666761 -0.590480842350532
vn -0.6370185248149144 -0.2637001198071284 -0.7243408354195809
vn -0.6413552445147178 -0.06691194696962655 -0.7643207714606481
vn -0.8651765383858432 -0.04370583303427554 0.4995591632484285
vn -0.862654029139704 -0.17304549642237005 0.47527179821337007
vn -0.8626581186354673 -0.32513540900310356 0.3874376545519304
vn -0.8626590772246957 -0.4380051281184619 0.25292454254928737
vn -0.8626615313341803 -0.4980911729457195 0.08786504304741792
vn -0.8626522054396472 -0.49810683700992603 -0.08786780624369718
vn -0.8626549932271559 -0.4380111601903798 -0.25292802574830164
vn -0.8626593729525821 -0.3251340337728324 -0.3874360158008867
vn -0.8626602954647439 -0.17304183990264552 -0.47526175553245226
vn -0.8651742488274327 -0.04370617731139529 -0.4995630983476591
vn -0.9846987981046343 -0.015197396198299549 0.17360102580365286
vn -0.9843506368711681 -0.06028979160087008 0.16558672869541724
vn -0.9843494258572272 -0.11328447862124959 0.1349919801990446
vn -0.9843497760076113 -0.15260962325150207 0.08812389780757526
vn -0.9843509611971444 -0.1735397026416171 0.03061301679542807
vn -0.9843509611971444 -0.1735397026416171 -0.03061301679542807
vn -0.9843497760076113 -0.15260962325150207 -0.08812389780757526
vn -0.9843494258572272 -0.11328447862124959 -0.1349919801990446
vn -0.9843506368711681 -0.06028979160087008 -0.16558672869541724
vn -0.9846987981046343 -0.015197396198299549 -0.17360102580365286
vn 0.860333465128226 -0.17365312223763849 0.479239941905492
vn 0.8826501131857414 -0.1656127268189515 0.4398877156829789
vn 0.9091126893712076 -0.1350529929904031 0.39404924452228607
vn 0.9287830882362442 -0.08816954688534308 0.3599834801881589
vn 0.9392749244955177 -0.030500760531418116 0.3418074309036373
vn 0.9392749244955177 0.030500760531418116 0.3418074309036373
vn 0.9287830882362442 0.08816954688534308 0.3599834801881589
vn 0.9091126893712076 0.1350529929904031 0.39404924452228607
vn 0.8826501131857414 0.1656127268189515 0.4398877156829789
vn 0.860333465128226 0.17365312223763849 0.479239941905492
vn 0.7711322850313735 -0.4994975031634667 0.3947875926568048
vn 0.8336432584330722 -0.4752055929003409 0.28145792251298574
vn 0.9096559177721335 -0.38742218085778857 0.14976703589753138
vn 0.966072568822279 -0.2529725139269315 0.05204516275900667
vn 0.9961417289420402 -0.08775907759208058 -0.000012670837748049894
vn 0.9961418983230214 0.08775715586439295 0
vn 0.9661113520054829 0.25282940691547623 0.052020635568077005
vn 0.9096140346830875 0.38746777401399013 0.14990340892787812
vn 0.8336428292119088 0.475206790894763 0.2814571711487655
vn 0.77111664556798 0.4995315005023955 0.3947751245124393
vn 0.5887624869817141 -0.7643807477231831 0.2628322781418878
vn 0.6834345534925351 -0.7244201316652462 0.09018139459204795
vn 0.7994455085312532 -0.5904753254910093 -0.11057019885797667
vn 0.8855033752872307 -0.38534410583363493 -0.2596029515513998
vn 0.9312187838321044 -0.13392396821857525 -0.3389630472114132
vn 0.9312364135967645 0.13391845912573574 -0.33891678668490977
vn 0.8854628599062798 0.385377050991912 -0.259692226097297
vn 0.7994167090863064 0.5905056908451184 -0.1106162479618137
vn 0.6834912079371427 0.7243594271197782 0.09023961998663466
vn 0.588797235408883 0.764345867990734 0.2628558724098587
vn 0.336181033048117 -0.9365334673483234 0.09943529330789948
vn 0.4531742510369611 -0.8845971163157885 -0.11009559483867236
vn 0.594741206555948 -0.7211380409943995 -0.3553066605836923
vn 0.6998359013958096 -0.47066711654724463 -0.537310130668143
vn 0.7557614954354195 -0.16346609033545217 -0.6341162348715417
vn 0.7557332194135904 0.1634686423657418 -0.6341492758317014
vn 0.6998611356192289 0.47066075334675905 -0.5372828362313695
vn 0.5947622300179616 0.7211303523589561 -0.3552870735767196
vn 0.45317249736126297 0.8845978503061553 -0.11009691580187447
vn 0.3361802797126967 0.936533787387948 0.09943482595689865
vn 0.04359697220575823 -0.9961919797040422 -0.07550393094290904
vn 0.17100975449565167 -0.9397030389836987 -0.2961652619605112
vn 0.3214100314197217 -0.7660613547785694 -0.5566377569098206
vn 0.4330499073390055 -0.4999938866494616 -0.74998259384258
vn 0.49244423582537766 -0.1736475219021719 -0.8528453627355869
vn 0.49244423582538016 0.1736475219021719 -0.8528453627355855
vn 0.4330499073390032 0.4999938866494615 -0.7499825938425814
vn 0.32141003141972335 0.7660613547785695 -0.5566377569098196
vn 0.17100975449565084 0.9397030389836987 -0.29616526196051174
vn 0.04359697220575823 0.9961919797040422 -0.07550393094290904
vn -0.2541925826474865 -0.9365442842360475 -0.24139373353877724
vn -0.13121548513416528 -0.8845907839622523 -0.44752836936897505
vn 0.010323335342682163 -0.7211102555240108 -0.6927434071324667
vn 0.11536333242498731 -0.4706733626955988 -0.8747330376638459
vn 0.17128094888612702 -0.16346271008806107 -0.9715671767609971
vn 0.17128578053968052 0.16346299834795733 -0.9715662764608538
vn 0.11536866280369025 0.470674298398316 -0.8747318311746417
vn 0.010291990615395758 0.7211014835813994 -0.6927530045448215
vn -0.13123587742069825 0.8845833765918971 -0.4475370312442282
vn -0.2541914721808697 0.9365447390263236 -0.24139313841250262
vn -0.5219892992979299 -0.7643464803302459 -0.3785520168024749
vn -0.4197659452553801 -0.7243695142499779 -0.5468869700670409
vn -0.30390460093009336 -0.5905135183762403 -0.7476200760736931
vn -0.21785604627436558 -0.3854444717611322 -0.89664446816477
vn -0.17204425658274206 -0.13386285667726824 -0.9759515917191246
vn -0.1720585015810635 0.1338612518955331 -0.9759493005656801
vn -0.21784179531685022 0.3854492821513577 -0.8966458627028481
vn -0.3039030058614666 0.5905144105994534 -0.7476200197311103
vn -0.41980937706359567 0.7243360349259079 -0.5468979753457582
vn -0.5219917785668734 0.7643441930037077 -0.3785532165100473
vn -0.7274776454353973 -0.4995025224078201 -0.47039717845666956
vn -0.6606568986855207 -0.4752228073701141 -0.5811159484771495
vn -0.5846140793586965 -0.387496794346651 -0.7127921243859623
vn -0.5280620067032984 -0.2528767663500958 -0.8106811075366225
vn -0.4980183843582307 -0.08767990823155 -0.862722390189176
vn -0.49811585973637124 0.08766300633324323 -0.8626678315549466
vn -0.5280867597592496 0.2528636094699012 -0.8106690873425667
vn -0.5845603754559815 0.3875464119063514 -0.7128091933086124
vn -0.6605526812617788 0.4752051883274306 -0.5812488144199233
vn -0.7274648286255848 0.49952592840714266 -0.47039214487673014
vn -0.8449914431953299 -0.17360492334153008 -0.5058169545579262
vn -0.8223495261581982 -0.16566571213488115 -0.5443308999590505
vn -0.7958683361434905 -0.13508577985075906 -0.5902079494604461
vn -0.776154568805899 -0.08808593501354373 -0.6243596346453851
vn -0.7656803930079292 -0.03053296855672793 -0.6424961272990966
vn -0.7656803930079292 0.03053296855672793 -0.6424961272990966
vn -0.776154568805899 0.08808593501354373 -0.6243596346453851
vn -0.7958683361434905 0.13508577985075906 -0.5902079494604461
vn -0.8222862495992083 0.16558893152401777 -0.5444498411027436
vn -0.8452730701968821 0.17365421232237435 -0.5053292504324607
vn 0 0.3685561987947032 0.9296054691803397
vn 0 0.36855619879470325 0.9296054691803396
vn 0 0.36855619879470325 0.9296054691803397
usemtl m_70e8a490-0b47-8106-2d18-f6b9ced35c4f
f 2/1/1 3/2/1 4/3/1
f 2/4/2 4/5/2 5/6/2
f 2/7/3 5/8/3 6/9/3
f 2/10/4 6/11/4 7/12/4
f 2/13/5 7/14/5 8/15/5
f 2/16/6 8/17/6 9/18/6
f 2/19/7 9/20/7 10/21/7
f 2/22/8 10/23/8 11/24/8
f 2/25/9 11/26/9 12/27/9
f 2/28/10 12/29/10 13/30/10
f 2/31/11 13/32/11 14/33/11
f 2/34/12 14/35/12 15/36/12
f 2/37/13 15/38/13 16/39/13
f 2/40/14 16/41/14 17/42/14
f 2/43/15 17/44/15 18/45/15
f 2/46/16 18/47/16 19/48/16
f 2/49/17 19/50/17 20/51/17
f 2/52/18 20/53/18 21/54/18
f 22/55/19 23/56/19 4/57/19 3/58/19
f 23/59/20 24/60/20 5/61/20 4/62/20
f 24/63/21 25/64/21 6/65/21 5/66/21
f 25/67/22 26/68/22 7/69/22 6/70/22
f 26/71/23 27/72/23 8/73/23 7/74/23
f 27/75/24 28/76/24 9/77/24 8/78/24
f 28/79/25 29/80/25 10/81/25 9/82/25
f 29/83/26 30/84/26 11/85/26 10/86/26
f 30/87/27 31/88/27 12/89/27 11/90/27
f 31/91/28 32/92/28 13/93/28 12/94/28
f 32/95/29 33/96/29 14/97/29 13/98/29
f 33/99/30 34/100/30 15/101/30 14/102/30
f 34/103/31 35/104/31 16/105/31 15/106/31
f 35/107/32 36/108/32 17/109/32 16/110/32
f 36/111/33 37/112/33 18/113/33 17/114/33
f 37/115/34 38/116/34 19/117/34 18/118/34
f 38/119/35 39/120/35 20/121/35 19/122/35
f 39/123/36 40/124/36 21/125/36 20/126/36
f 41/127/37 42/128/37 23/129/37 22/130/37
f 42/131/38 43/132/38 24/133/38 23/134/38
f 43/135/39 44/136/39 25/137/39 24/138/39
f 44/139/40 45/140/40 26/141/40 25/142/40
f 45/143/41 46/144/41 27/145/41 26/146/41
f 46/147/42 47/148/42 28/149/42 27/150/42
f 47/151/43 48/152/43 29/153/43 28/154/43
f 48/155/44 49/156/44 30/157/44 29/158/44
f 49/159/45 50/160/45 31/161/45 30/162/45
f 50/163/46 51/164/46 32/165/46 31/166/46
f 51/167/47 52/168/47 33/169/47 32/170/47
f 52/171/48 53/172/48 34/173/48 33/174/48
f 53/175/49 54/176/49 35/177/49 34/178/49
f 54/179/50 55/180/50 36/181/50 35/182/50
f 55/183/51 56/184/51 37/185/51 36/186/51
f 56/187/52 57/188/52 38/189/52 37/190/52
f 57/191/53 58/192/53 39/193/53 38/194/53
f 58/195/54 59/196/54 40/197/54 39/198/54
f 60/199/55 61/200/55 42/201/55 41/202/55
f 61/203/56 62/204/56 43/205/56 42/206/56
f 62/207/57 63/208/57 44/209/57 43/210/57
f 63/211/58 64/212/58 45/213/58 44/214/58
f 64/215/59 65/216/59 46/217/59 45/218/59
f 65/219/60 66/220/60 47/221/60 46/222/60
f 66/223/61 67/224/61 48/225/61 47/226/61
f 67/227/62 68/228/62 49/229/62 48/230/62
f 68/231/63 69/232/63 50/233/63 49/234/63
f 69/235/64 70/236/64 51/237/64 50/238/64
f 70/239/65 71/240/65 52/241/65 51/242/65
f 71/243/66 72/244/66 53/245/66 52/246/66
f 72/247/67 73/248/67 54/249/67 53/250/67
f 73/251/68 74/252/68 55/253/68 54/254/68
f 74/255/69 75/256/69 56/257/69 55/258/69
f 75/259/70 76/260/70 57/261/70 56/262/70
f 76/263/71 77/264/71 58/265/71 57/266/71
f 77/267/72 78/268/72 59/269/72 58/270/72
f 79/271/73 80/272/73 61/273/73 60/274/73
f 80/275/74 81/276/74 62/277/74 61/278/74
f 81/279/75 82/280/75 63/281/75 62/282/75
f 82/283/76 83/284/76 64/285/76 63/286/76
f 83/287/77 84/288/77 65/289/77 64/290/77
f 84/291/78 85/292/78 66/293/78 65/294/78
f 85/295/79 86/296/79 67/297/79 66/298/79
f 86/299/80 87/300/80 68/301/80 67/302/80
f 87/303/81 88/304/81 69/305/81 68/306/81
f 88/307/82 89/308/82 70/309/82 69/310/82
f 89/311/83 90/312/83 71/313/83 70/314/83
f 90/315/84 91/316/84 72/317/84 71/318/84
f 91/319/85 92/320/85 73/321/85 72/322/85
f 92/323/86 93/324/86 74/325/86 73/326/86
f 93/327/87 94/328/87 75/329/87 74/330/87
f 94/331/88 95/332/88 76/333/88 75/334/88
f 95/335/89 96/336/89 77/337/89 76/338/89
f 96/339/90 97/340/90 78/341/90 77/342/90
f 98/343/91 99/344/91 80/345/91 79/346/91
f 99/347/92 100/348/92 81/349/92 80/350/92
f 100/351/93 101/352/93 82/353/93 81/354/93
f 101/355/94 102/356/94 83/357/94 82/358/94
f 102/359/95 103/360/95 84/361/95 83/362/95
f 103/363/96 104/364/96 85/365/96 84/366/96
f 104/367/97 105/368/97 86/369/97 85/370/97
f 105/371/98 106/372/98 87/373/98 86/374/98
f 106/375/99 107/376/99 88/377/99 87/378/99
f 107/379/100 108/380/100 89/381/100 88/382/100
f 108/383/101 109/384/101 90/385/101 89/386/101
f 109/387/102 110/388/102 91/389/102 90/390/102
f 110/391/103 111/392/103 92/393/103 91/394/103
f 111/395/104 112/396/104 93/397/104 92/398/104
f 112/399/105 113/400/105 94/401/105 93/402/105
f 94/403/106 113/404/106 114/405/106 95/406/106
f 115/407/107 116/408/107 97/409/107 96/410/107
f 117/411/108 118/412/108 99/413/108 98/414/108
f 118/415/109 119/416/109 100/417/109 99/418/109
f 119/419/110 120/420/110 101/421/110 100/422/110
f 120/423/111 121/424/111 102/425/111 101/426/111
f 121/427/112 122/428/112 103/429/112 102/430/112
f 122/431/113 123/432/113 104/433/113 103/434/113
f 123/435/114 124/436/114 105/437/114 104/438/114
f 124/439/115 125/440/115 106/441/115 105/442/115
f 125/443/116 126/444/116 107/445/116 106/446/116
f 126/447/117 127/448/117 108/449/117 107/450/117
f 127/451/118 128/452/118 109/453/118 108/454/118
f 128/455/119 129/456/119 110/457/119 109/458/119
f 129/459/120 130/460/120 111/461/120 110/462/120
f 130/463/121 131/464/121 112/465/121 111/466/121
f 131/467/122 132/468/122 113/469/122 112/470/122
f 113/471/123 132/472/123 133/473/123 114/474/123
f 134/475/124 135/476/124 118/477/124 117/478/124
f 135/479/125 136/480/125 119/481/125 118/482/125
f 136/483/126 137/484/126 120/485/126 119/486/126
f 137/487/127 138/488/127 121/489/127 120/490/127
f 138/491/128 139/492/128 122/493/128 121/494/128
f 139/495/129 140/496/129 123/497/129 122/498/129
f 140/499/130 141/500/130 124/501/130 123/502/130
f 141/503/131 142/504/131 125/505/131 124/506/131
f 142/507/132 143/508/132 126/509/132 125/510/132
f 143/511/133 144/512/133 127/513/133 126/514/133
f 144/515/134 145/516/134 128/517/134 127/518/134
f 145/519/135 146/520/135 129/521/135 128/522/135
f 146/523/136 147/524/136 130/525/136 129/526/136
f 147/527/137 148/528/137 131/529/137 130/530/137
f 148/531/138 149/532/138 132/533/138 131/534/138
f 150/535/139 151/536/139 135/537/139 134/538/139
f 151/539/140 152/540/140 136/541/140 135/542/140
f 152/543/141 153/544/141 137/545/141 136/546/141
f 153/547/142 154/548/142 138/549/142 137/550/142
f 154/551/143 155/552/143 139/553/143 138/554/143
f 155/555/144 156/556/144 140/557/144 139/558/144
f 156/559/145 157/560/145 141/561/145 140/562/145
f 157/563/146 158/564/146 142/565/146 141/566/146
f 158/567/147 159/568/147 143/569/147 142/570/147
f 159/571/148 160/572/148 144/573/148 143/574/148
f 160/575/149 161/576/149 145/577/149 144/578/149
f 161/579/150 162/580/150 146/581/150 145/582/150
f 162/583/151 163/584/151 147/585/151 146/586/151
f 163/587/152 164/588/152 148/589/152 147/590/152
f 164/591/153 165/592/153 149/593/153 148/594/153
f 166/595/154 167/596/154 168/597/154 149/598/154
f 169/599/155 170/600/155 151/601/155 150/602/155
f 170/603/156 171/604/156 152/605/156 151/606/156
f 171/607/157 172/608/157 153/609/157 152/610/157
f 172/611/158 173/612/158 154/613/158 153/614/158
f 173/615/159 174/616/159 155/617/159 154/618/159
f 174/619/160 175/620/160 156/621/160 155/622/160
f 175/623/161 176/624/161 157/625/161 156/626/161
f 176/627/162 177/628/162 158/629/162 157/630/162
f 177/631/163 178/632/163 159/633/163 158/634/163
f 178/635/164 179/636/164 160/637/164 159/638/164
f 179/639/165 180/640/165 161/641/165 160/642/165
f 180/643/166 181/644/166 162/645/166 161/646/166
f 181/647/167 182/648/167 163/649/167 162/650/167
f 182/651/168 183/652/168 164/653/168 163/654/168
f 183/655/169 184/656/169 165/657/169 164/658/169
f 184/659/170 185/660/170 166/661/170 165/662/170
f 186/663/171 166/664/171 185/665/171 187/666/171
f 188/667/172 189/668/172 170/669/172 169/670/172
f 189/671/173 190/672/173 171/673/173 170/674/173
f 190/675/174 191/676/174 172/677/174 171/678/174
f 191/679/175 192/680/175 173/681/175 172/682/175
f 192/683/176 193/684/176 174/685/176 173/686/176
f 193/687/177 194/688/177 175/689/177 174/690/177
f 194/691/178 195/692/178 176/693/178 175/694/178
f 195/695/179 196/696/179 177/697/179 176/698/179
f 196/699/180 197/700/180 178/701/180 177/702/180
f 197/703/181 198/704/181 179/705/181 178/706/181
f 198/707/182 199/708/182 180/709/182 179/710/182
f 199/711/183 200/712/183 181/713/183 180/714/183
f 200/715/184 201/716/184 182/717/184 181/718/184
f 201/719/185 202/720/185 183/721/185 182/722/185
f 202/723/186 203/724/186 184/725/186 183/726/186
f 203/727/187 204/728/187 185/729/187 184/730/187
f 185/731/188 204/732/188 205/733/188 187/734/188
f 187/735/189 205/736/189 206/737/189
f 207/738/190 208/739/190 189/740/190 188/741/190
f 208/742/191 209/743/191 190/744/191 189/745/191
f 209/746/192 210/747/192 191/748/192 190/749/192
f 210/750/193 211/751/193 192/752/193 191/753/193
f 211/754/194 212/755/194 193/756/194 192/757/194
f 212/758/195 213/759/195 194/760/195 193/761/195
f 213/762/196 214/763/196 195/764/196 194/765/196
f 214/766/197 215/767/197 196/768/197 195/769/197
f 215/770/198 216/771/198 197/772/198 196/773/198
f 216/774/199 217/775/199 198/776/199 197/777/199
f 217/778/200 218/779/200 199/780/200 198/781/200
f 218/782/201 219/783/201 200/784/201 199/785/201
f 219/786/202 220/787/202 201/788/202 200/789/202
f 220/790/203 221/791/203 202/792/203 201/793/203
f 221/794/204 222/795/204 203/796/204 202/797/204
f 222/798/205 223/799/205 204/800/205 203/801/205
f 223/802/206 224/803/206 205/804/206 204/805/206
f 225/806/207 226/807/207 208/808/207 207/809/207
f 226/810/208 227/811/208 209/812/208 208/813/208
f 227/814/209 228/815/209 210/816/209 209/817/209
f 228/818/210 229/819/210 211/820/210 210/821/210
f 229/822/211 230/823/211 212/824/211 211/825/211
f 230/826/212 231/827/212 213/828/212 212/829/212
f 231/830/213 232/831/213 214/832/213 213/833/213
f 232/834/214 233/835/214 215/836/214 214/837/214
f 233/838/215 234/839/215 216/840/215 215/841/215
f 234/842/216 235/843/216 217/844/216 216/845/216
f 235/846/217 236/847/217 218/848/217 217/849/217
f 236/850/218 237/851/218 219/852/218 218/853/218
f 237/854/219 238/855/219 220/856/219 219/857/219
f 238/858/220 239/859/220 221/860/220 220/861/220
f 239/862/221 240/863/221 222/864/221 221/865/221
f 240/866/222 241/867/222 223/868/222 222/869/222
f 241/870/223 242/871/223 224/872/223 223/873/223
f 243/874/224 244/875/224 224/876/224 245/877/224
f 242/878/225 245/879/225 224/880/225
f 246/881/226 247/882/226 226/883/226 225/884/226
f 247/885/227 248/886/227 227/887/227 226/888/227
f 248/889/228 249/890/228 228/891/228 227/892/228
f 249/893/229 250/894/229 229/895/229 228/896/229
f 250/897/230 251/898/230 230/899/230 229/900/230
f 251/901/231 252/902/231 231/903/231 230/904/231
f 252/905/232 253/906/232 232/907/232 231/908/232
f 253/909/233 254/910/233 233/911/233 232/912/233
f 254/913/234 255/914/234 234/915/234 233/916/234
f 255/917/235 256/918/235 235/919/235 234/920/235
f 256/921/236 257/922/236 236/923/236 235/924/236
f 257/925/237 258/926/237 237/927/237 236/928/237
f 258/929/238 259/930/238 238/931/238 237/932/238
f 259/933/239 260/934/239 239/935/239 238/936/239
f 260/937/240 261/938/240 240/939/240 239/940/240
f 261/941/241 262/942/241 241/943/241 240/944/241
f 262/945/242 263/946/242 242/947/242 241/948/242
f 263/949/243 264/950/243 245/951/243 242/952/243
f 265/953/244 266/954/244 247/955/244 246/956/244
f 266/957/245 267/958/245 248/959/245 247/960/245
f 267/961/246 268/962/246 249/963/246 248/964/246
f 268/965/247 269/966/247 250/967/247 249/968/247
f 269/969/248 270/970/248 251/971/248 250/972/248
f 270/973/249 271/974/249 252/975/249 251/976/249
f 271/977/250 272/978/250 253/979/250 252/980/250
f 272/981/251 273/982/251 254/983/251 253/984/251
f 273/985/252 274/986/252 255/987/252 254/988/252
f 274/989/253 275/990/253 256/991/253 255/992/253
f 275/993/254 276/994/254 257/995/254 256/996/254
f 276/997/255 277/998/255 258/999/255 257/1000/255
f 277/1001/256 278/1002/256 259/1003/256 258/1004/256
f 278/1005/257 279/1006/257 260/1007/257 259/1008/257
f 279/1009/258 280/1010/258 261/1011/258 260/1012/258
f 280/1013/259 281/1014/259 262/1015/259 261/1016/259
f 281/1017/260 282/1018/260 263/1019/260 262/1020/260
f 282/1021/261 283/1022/261 264/1023/261 263/1024/261
f 284/1025/262 285/1026/262 266/1027/262 265/1028/262
f 285/1029/263 286/1030/263 267/1031/263 266/1032/263
f 286/1033/264 287/1034/264 268/1035/264 267/1036/264
f 287/1037/265 288/1038/265 269/1039/265 268/1040/265
f 288/1041/266 289/1042/266 270/1043/266 269/1044/266
f 289/1045/267 290/1046/267 271/1047/267 270/1048/267
f 290/1049/268 291/1050/268 272/1051/268 271/1052/268
f 291/1053/269 292/1054/269 273/1055/269 272/1056/269
f 292/1057/270 293/1058/270 274/1059/270 273/1060/270
f 293/1061/271 294/1062/271 275/1063/271 274/1064/271
f 294/1065/272 295/1066/272 276/1067/272 275/1068/272
f 295/1069/273 296/1070/273 277/1071/273 276/1072/273
f 296/1073/274 297/1074/274 278/1075/274 277/1076/274
f 297/1077/275 298/1078/275 279/1079/275 278/1080/275
f 298/1081/276 299/1082/276 280/1083/276 279/1084/276
f 299/1085/277 300/1086/277 281/1087/277 280/1088/277
f 300/1089/278 301/1090/278 282/1091/278 281/1092/278
f 301/1093/279 302/1094/279 283/1095/279 282/1096/279
f 303/1097/280 304/1098/280 285/1099/280 284/1100/280
f 304/1101/281 305/1102/281 286/1103/281 285/1104/281
f 305/1105/282 306/1106/282 287/1107/282 286/1108/282
f 306/1109/283 307/1110/283 288/1111/283 287/1112/283
f 307/1113/284 308/1114/284 289/1115/284 288/1116/284
f 308/1117/285 309/1118/285 290/1119/285 289/1120/285
f 309/1121/286 310/1122/286 291/1123/286 290/1124/286
f 310/1125/287 311/1126/287 292/1127/287 291/1128/287
f 311/1129/288 312/1130/288 293/1131/288 292/1132/288
f 312/1133/289 313/1134/289 294/1135/289 293/1136/289
f 313/1137/290 314/1138/290 295/1139/290 294/1140/290
f 314/1141/291 315/1142/291 296/1143/291 295/1144/291
f 315/1145/292 316/1146/292 297/1147/292 296/1148/292
f 316/1149/293 317/1150/293 298/1151/293 297/1152/293
f 317/1153/294 318/1154/294 299/1155/294 298/1156/294
f 318/1157/295 319/1158/295 300/1159/295 299/1160/295
f 319/1161/296 320/1162/296 301/1163/296 300/1164/296
f 320/1165/297 321/1166/297 302/1167/297 301/1168/297
f 322/1169/298 304/1170/298 303/1171/298
f 322/1172/299 305/1173/299 304/1174/299
f 322/1175/300 306/1176/300 305/1177/300
f 322/1178/301 307/1179/301 306/1180/301
f 322/1181/302 308/1182/302 307/1183/302
f 322/1184/303 309/1185/303 308/1186/303
f 322/1187/304 310/1188/304 309/1189/304
f 322/1190/305 311/1191/305 310/1192/305
f 322/1193/306 312/1194/306 311/1195/306
f 322/1196/307 313/1197/307 312/1198/307
f 322/1199/308 314/1200/308 313/1201/308
f 322/1202/309 315/1203/309 314/1204/309
f 322/1205/310 316/1206/310 315/1207/310
f 322/1208/311 317/1209/311 316/1210/311
f 322/1211/312 318/1212/312 317/1213/312
f 322/1214/313 319/1215/313 318/1216/313
f 322/1217/314 320/1218/314 319/1219/314
f 322/1220/315 321/1221/315 320/1222/315
f 133/1223/316 168/1224/316 323/1225/316 324/1226/316
f 206/1227/317 205/1228/317 224/1229/317 244/1230/317
f 132/1231/318 149/1232/318 168/1233/318 133/1234/318
f 114/1235/319 115/1236/319 96/1237/319 95/1238/319
f 167/1239/320 166/1240/320 186/1241/320
f 167/1242/321 325/1243/321 323/1244/321 168/1245/321
f 326/1246/322 114/1247/322 133/1248/322 324/1249/322
f 244/1250/323 243/1251/323 327/1252/323
f 244/1253/324 327/1254/324 328/1255/324 206/1256/324
f 186/1257/325 329/1258/325 325/1259/325 167/1260/325
f 187/1261/326 206/1262/326 328/1263/326 329/1264/326
f 186/1265/327 187/1266/327 329/1267/327
f 115/1268/328 114/1269/328 326/1270/328 330/1271/328
f 149/1272/329 165/1273/329 166/1274/329
f 325/1275/330 329/1276/330 331/1277/330 332/1278/330
f 328/1279/331 333/1280/331 331/1281/331 329/1282/331
f 328/1283/332 327/1284/332 334/1285/332 333/1286/332
f 330/1287/333 335/1288/333 336/1289/333 337/1290/333
f 330/1291/334 326/1292/334 338/1293/334 335/1294/334
f 324/1295/335 339/1296/335 338/1297/335 326/1298/335
f 324/1299/336 323/1300/336 340/1301/336 339/1302/336
f 325/1303/337 332/1304/337 340/1305/337 323/1306/337
f 337/1307/338 116/1308/338 115/1309/338 330/1310/338
f 332/1311/339 331/1312/339 341/1313/339 342/1314/339
f 331/1315/340 333/1316/340 343/1317/340 341/1318/340
f 333/1319/341 334/1320/341 343/1321/341
f 336/1322/342 335/1323/342 344/1324/342 345/1325/342
f 335/1326/343 338/1327/343 346/1328/343 344/1329/343
f 339/1330/344 347/1331/344 346/1332/344 338/1333/344
f 339/1334/345 340/1335/345 348/1336/345 347/1337/345
f 332/1338/346 342/1339/346 348/1340/346 340/1341/346
f 341/1342/347 343/1343/347 349/1344/347
f 341/1345/348 349/1346/348 350/1347/348 342/1348/348
f 2/1349/349 351/1350/349 3/1351/349
f 2/1352/350 352/1353/350 351/1354/350
f 2/1355/351 353/1356/351 352/1357/351
f 2/1358/352 354/1359/352 353/1360/352
f 2/1361/353 355/1362/353 354/1363/353
f 2/1364/354 356/1365/354 355/1366/354
f 2/1367/355 357/1368/355 356/1369/355
f 2/1370/356 358/1371/356 357/1372/356
f 2/1373/357 359/1374/357 358/1375/357
f 2/1376/358 360/1377/358 359/1378/358
f 2/1379/359 361/1380/359 360/1381/359
f 2/1382/360 362/1383/360 361/1384/360
f 2/1385/361 363/1386/361 362/1387/361
f 2/1388/362 364/1389/362 363/1390/362
f 2/1391/363 365/1392/363 364/1393/363
f 2/1394/364 366/1395/364 365/1396/364
f 2/1397/365 367/1398/365 366/1399/365
f 2/1400/366 21/1401/366 367/1402/366
f 351/1403/367 368/1404/367 22/1405/367 3/1406/367
f 352/1407/368 369/1408/368 368/1409/368 351/1410/368
f 353/1411/369 370/1412/369 369/1413/369 352/1414/369
f 354/1415/370 371/1416/370 370/1417/370 353/1418/370
f 355/1419/371 372/1420/371 371/1421/371 354/1422/371
f 356/1423/372 373/1424/372 372/1425/372 355/1426/372
f 357/1427/373 374/1428/373 373/1429/373 356/1430/373
f 358/1431/374 375/1432/374 374/1433/374 357/1434/374
f 359/1435/375 376/1436/375 375/1437/375 358/1438/375
f 360/1439/376 377/1440/376 376/1441/376 359/1442/376
f 361/1443/377 378/1444/377 377/1445/377 360/1446/377
f 362/1447/378 379/1448/378 378/1449/378 361/1450/378
f 363/1451/379 380/1452/379 379/1453/379 362/1454/379
f 364/1455/380 381/1456/380 380/1457/380 363/1458/380
f 365/1459/381 382/1460/381 381/1461/381 364/1462/381
f 366/1463/382 383/1464/382 382/1465/382 365/1466/382
f 367/1467/383 384/1468/383 383/1469/383 366/1470/383
f 21/1471/384 40/1472/384 384/1473/384 367/1474/384
f 368/1475/385 385/1476/385 41/1477/385 22/1478/385
f 369/1479/386 386/1480/386 385/1481/386 368/1482/386
f 370/1483/387 387/1484/387 386/1485/387 369/1486/387
f 371/1487/388 388/1488/388 387/1489/388 370/1490/388
f 372/1491/389 389/1492/389 388/1493/389 371/1494/389
f 373/1495/390 390/1496/390 389/1497/390 372/1498/390
f 374/1499/391 391/1500/391 390/1501/391 373/1502/391
f 375/1503/392 392/1504/392 391/1505/392 374/1506/392
f 376/1507/393 393/1508/393 392/1509/393 375/1510/393
f 377/1511/394 394/1512/394 393/1513/394 376/1514/394
f 378/1515/395 395/1516/395 394/1517/395 377/1518/395
f 379/1519/396 396/1520/396 395/1521/396 378/1522/396
f 380/1523/397 397/1524/397 396/1525/397 379/1526/397
f 381/1527/398 398/1528/398 397/1529/398 380/1530/398
f 382/1531/399 399/1532/399 398/1533/399 381/1534/399
f 383/1535/400 400/1536/400 399/1537/400 382/1538/400
f 384/1539/401 401/1540/401 400/1541/401 383/1542/401
f 40/1543/402 59/1544/402 401/1545/402 384/1546/402
f 385/1547/403 402/1548/403 60/1549/403 41/1550/403
f 386/1551/404 403/1552/404 402/1553/404 385/1554/404
f 387/1555/405 404/1556/405 403/1557/405 386/1558/405
f 388/1559/406 405/1560/406 404/1561/406 387/1562/406
f 389/1563/407 406/1564/407 405/1565/407 388/1566/407
f 390/1567/408 407/1568/408 406/1569/408 389/1570/408
f 391/1571/409 408/1572/409 407/1573/409 390/1574/409
f 392/1575/410 409/1576/410 408/1577/410 391/1578/410
f 393/1579/411 410/1580/411 409/1581/411 392/1582/411
f 394/1583/412 411/1584/412 410/1585/412 393/1586/412
f 395/1587/413 412/1588/413 411/1589/413 394/1590/413
f 396/1591/414 413/1592/414 412/1593/414 395/1594/414
f 397/1595/415 414/1596/415 413/1597/415 396/1598/415
f 398/1599/416 415/1600/416 414/1601/416 397/1602/416
f 399/1603/417 416/1604/417 415/1605/417 398/1606/417
f 400/1607/418 417/1608/418 416/1609/418 399/1610/418
f 401/1611/419 418/1612/419 417/1613/419 400/1614/419
f 59/1615/420 78/1616/420 418/1617/420 401/1618/420
f 402/1619/421 419/1620/421 79/1621/421 60/1622/421
f 403/1623/422 420/1624/422 419/1625/422 402/1626/422
f 404/1627/423 421/1628/423 420/1629/423 403/1630/423
f 405/1631/424 422/1632/424 421/1633/424 404/1634/424
f 406/1635/425 423/1636/425 422/1637/425 405/1638/425
f 407/1639/426 424/1640/426 423/1641/426 406/1642/426
f 408/1643/427 425/1644/427 424/1645/427 407/1646/427
f 409/1647/428 426/1648/428 425/1649/428 408/1650/428
f 410/1651/429 427/1652/429 426/1653/429 409/1654/429
f 411/1655/430 428/1656/430 427/1657/430 410/1658/430
f 412/1659/431 429/1660/431 428/1661/431 411/1662/431
f 413/1663/432 430/1664/432 429/1665/432 412/1666/432
f 414/1667/433 431/1668/433 430/1669/433 413/1670/433
f 415/1671/434 432/1672/434 431/1673/434 414/1674/434
f 416/1675/435 433/1676/435 432/1677/435 415/1678/435
f 417/1679/436 434/1680/436 433/1681/436 416/1682/436
f 418/1683/437 435/1684/437 434/1685/437 417/1686/437
f 78/1687/438 97/1688/438 435/1689/438 418/1690/438
f 419/1691/439 436/1692/439 98/1693/439 79/1694/439
f 420/1695/440 437/1696/440 436/1697/440 419/1698/440
f 421/1699/441 438/1700/441 437/1701/441 420/1702/441
f 422/1703/442 439/1704/442 438/1705/442 421/1706/442
f 423/1707/443 440/1708/443 439/1709/443 422/1710/443
f 424/1711/444 441/1712/444 440/1713/444 423/1714/444
f 425/1715/445 442/1716/445 441/1717/445 424/1718/445
f 426/1719/446 443/1720/446 442/1721/446 425/1722/446
f 427/1723/447 444/1724/447 443/1725/447 426/1726/447
f 428/1727/448 445/1728/448 444/1729/448 427/1730/448
f 429/1731/449 446/1732/449 445/1733/449 428/1734/449
f 430/1735/450 447/1736/450 446/1737/450 429/1738/450
f 431/1739/451 448/1740/451 447/1741/451 430/1742/451
f 432/1743/452 449/1744/452 448/1745/452 431/1746/452
f 433/1747/453 450/1748/453 449/1749/453 432/1750/453
f 433/1751/454 434/1752/454 451/1753/454 450/1754/454
f 97/1755/455 116/1756/455 452/1757/455 435/1758/455
f 436/1759/456 453/1760/456 117/1761/456 98/1762/456
f 437/1763/457 454/1764/457 453/1765/457 436/1766/457
f 438/1767/458 455/1768/458 454/1769/458 437/1770/458
f 439/1771/459 456/1772/459 455/1773/459 438/1774/459
f 440/1775/460 457/1776/460 456/1777/460 439/1778/460
f 441/1779/461 458/1780/461 457/1781/461 440/1782/461
f 442/1783/462 459/1784/462 458/1785/462 441/1786/462
f 443/1787/463 460/1788/463 459/1789/463 442/1790/463
f 444/1791/464 461/1792/464 460/1793/464 443/1794/464
f 445/1795/465 462/1796/465 461/1797/465 444/1798/465
f 446/1799/466 463/1800/466 462/1801/466 445/1802/466
f 447/1803/467 464/1804/467 463/1805/467 446/1806/467
f 448/1807/468 465/1808/468 464/1809/468 447/1810/468
f 449/1811/469 466/1812/469 465/1813/469 448/1814/469
f 450/1815/470 467/1816/470 466/1817/470 449/1818/470
f 450/1819/471 451/1820/471 468/1821/471 467/1822/471
f 453/1823/472 469/1824/472 134/1825/472 117/1826/472
f 454/1827/473 470/1828/473 469/1829/473 453/1830/473
f 455/1831/474 471/1832/474 470/1833/474 454/1834/474
f 456/1835/475 472/1836/475 471/1837/475 455/1838/475
f 457/1839/476 473/1840/476 472/1841/476 456/1842/476
f 458/1843/477 474/1844/477 473/1845/477 457/1846/477
f 459/1847/478 475/1848/478 474/1849/478 458/1850/478
f 460/1851/479 476/1852/479 475/1853/479 459/1854/479
f 461/1855/480 477/1856/480 476/1857/480 460/1858/480
f 462/1859/481 478/1860/481 477/1861/481 461/1862/481
f 463/1863/482 479/1864/482 478/1865/482 462/1866/482
f 464/1867/483 480/1868/483 479/1869/483 463/1870/483
f 465/1871/484 481/1872/484 480/1873/484 464/1874/484
f 466/1875/485 482/1876/485 481/1877/485 465/1878/485
f 467/1879/486 483/1880/486 482/1881/486 466/1882/486
f 469/1883/487 484/1884/487 150/1885/487 134/1886/487
f 470/1887/488 485/1888/488 484/1889/488 469/1890/488
f 471/1891/489 486/1892/489 485/1893/489 470/1894/489
f 472/1895/490 487/1896/490 486/1897/490 471/1898/490
f 473/1899/491 488/1900/491 487/1901/491 472/1902/491
f 474/1903/492 489/1904/492 488/1905/492 473/1906/492
f 475/1907/493 490/1908/493 489/1909/493 474/1910/493
f 476/1911/494 491/1912/494 490/1913/494 475/1914/494
f 477/1915/495 492/1916/495 491/1917/495 476/1918/495
f 478/1919/496 493/1920/496 492/1921/496 477/1922/496
f 479/1923/497 494/1924/497 493/1925/497 478/1926/497
f 480/1927/498 495/1928/498 494/1929/498 479/1930/498
f 481/1931/499 496/1932/499 495/1933/499 480/1934/499
f 482/1935/500 497/1936/500 496/1937/500 481/1938/500
f 483/1939/501 498/1940/501 497/1941/501 482/1942/501
f 499/1943/502 500/1944/502 501/1945/502 483/1946/502
f 484/1947/503 502/1948/503 169/1949/503 150/1950/503
f 485/1951/504 503/1952/504 502/1953/504 484/1954/504
f 486/1955/505 504/1956/505 503/1957/505 485/1958/505
f 487/1959/506 505/1960/506 504/1961/506 486/1962/506
f 488/1963/507 506/1964/507 505/1965/507 487/1966/507
f 489/1967/508 507/1968/508 506/1969/508 488/1970/508
f 490/1971/509 508/1972/509 507/1973/509 489/1974/509
f 491/1975/510 509/1976/510 508/1977/510 490/1978/510
f 492/1979/511 510/1980/511 509/1981/511 491/1982/511
f 493/1983/512 511/1984/512 510/1985/512 492/1986/512
f 494/1987/513 512/1988/513 511/1989/513 493/1990/513
f 495/1991/514 513/1992/514 512/1993/514 494/1994/514
f 496/1995/515 514/1996/515 513/1997/515 495/1998/515
f 497/1999/516 515/2000/516 514/2001/516 496/2002/516
f 498/2003/517 516/2004/517 515/2005/517 497/2006/517
f 501/2007/518 517/2008/518 516/2009/518 498/2010/518
f 517/2011/519 501/2012/519 518/2013/519 519/2014/519
f 502/2015/520 520/2016/520 188/2017/520 169/2018/520
f 503/2019/521 521/2020/521 520/2021/521 502/2022/521
f 504/2023/522 522/2024/522 521/2025/522 503/2026/522
f 505/2027/523 523/2028/523 522/2029/523 504/2030/523
f 506/2031/524 524/2032/524 523/2033/524 505/2034/524
f 507/2035/525 525/2036/525 524/2037/525 506/2038/525
f 508/2039/526 526/2040/526 525/2041/526 507/2042/526
f 509/2043/527 527/2044/527 526/2045/527 508/2046/527
f 510/2047/528 528/2048/528 527/2049/528 509/2050/528
f 511/2051/529 529/2052/529 528/2053/529 510/2054/529
f 512/2055/530 530/2056/530 529/2057/530 511/2058/530
f 513/2059/531 531/2060/531 530/2061/531 512/2062/531
f 514/2063/532 532/2064/532 531/2065/532 513/2066/532
f 515/2067/533 533/2068/533 532/2069/533 514/2070/533
f 516/2071/534 534/2072/534 533/2073/534 515/2074/534
f 517/2075/535 535/2076/535 534/2077/535 516/2078/535
f 517/2079/536 519/2080/536 536/2081/536 535/2082/536
f 519/2083/537 537/2084/537 536/2085/537
f 520/2086/538 538/2087/538 207/2088/538 188/2089/538
f 521/2090/539 539/2091/539 538/2092/539 520/2093/539
f 522/2094/540 540/2095/540 539/2096/540 521/2097/540
f 523/2098/541 541/2099/541 540/2100/541 522/2101/541
f 524/2102/542 542/2103/542 541/2104/542 523/2105/542
f 525/2106/543 543/2107/543 542/2108/543 524/2109/543
f 526/2110/544 544/2111/544 543/2112/544 525/2113/544
f 527/2114/545 545/2115/545 544/2116/545 526/2117/545
f 528/2118/546 546/2119/546 545/2120/546 527/2121/546
f 529/2122/547 547/2123/547 546/2124/547 528/2125/547
f 530/2126/548 548/2127/548 547/2128/548 529/2129/548
f 531/2130/549 549/2131/549 548/2132/549 530/2133/549
f 532/2134/550 550/2135/550 549/2136/550 531/2137/550
f 533/2138/551 551/2139/551 550/2140/551 532/2141/551
f 534/2142/552 552/2143/552 551/2144/552 533/2145/552
f 535/2146/553 553/2147/553 552/2148/553 534/2149/553
f 536/2150/554 554/2151/554 553/2152/554 535/2153/554
f 538/2154/555 555/2155/555 225/2156/555 207/2157/555
f 539/2158/556 556/2159/556 555/2160/556 538/2161/556
f 540/2162/557 557/2163/557 556/2164/557 539/2165/557
f 541/2166/558 558/2167/558 557/2168/558 540/2169/558
f 542/2170/559 559/2171/559 558/2172/559 541/2173/559
f 543/2174/560 560/2175/560 559/2176/560 542/2177/560
f 544/2178/561 561/2179/561 560/2180/561 543/2181/561
f 545/2182/562 562/2183/562 561/2184/562 544/2185/562
f 546/2186/563 563/2187/563 562/2188/563 545/2189/563
f 547/2190/564 564/2191/564 563/2192/564 546/2193/564
f 548/2194/565 565/2195/565 564/2196/565 547/2197/565
f 549/2198/566 566/2199/566 565/2200/566 548/2201/566
f 550/2202/567 567/2203/567 566/2204/567 549/2205/567
f 551/2206/568 568/2207/568 567/2208/568 550/2209/568
f 552/2210/569 569/2211/569 568/2212/569 551/2213/569
f 553/2214/570 570/2215/570 569/2216/570 552/2217/570
f 554/2218/571 571/2219/571 570/2220/571 553/2221/571
f 554/2222/572 572/2223/572 243/2224/572 245/2225/572
f 571/2226/573 554/2227/573 245/2228/573
f 555/2229/574 573/2230/574 246/2231/574 225/2232/574
f 556/2233/575 574/2234/575 573/2235/575 555/2236/575
f 557/2237/576 575/2238/576 574/2239/576 556/2240/576
f 558/2241/577 576/2242/577 575/2243/577 557/2244/577
f 559/2245/578 577/2246/578 576/2247/578 558/2248/578
f 560/2249/579 578/2250/579 577/2251/579 559/2252/579
f 561/2253/580 579/2254/580 578/2255/580 560/2256/580
f 562/2257/581 580/2258/581 579/2259/581 561/2260/581
f 563/2261/582 581/2262/582 580/2263/582 562/2264/582
f 564/2265/583 582/2266/583 581/2267/583 563/2268/583
f 565/2269/584 583/2270/584 582/2271/584 564/2272/584
f 566/2273/585 584/2274/585 583/2275/585 565/2276/585
f 567/2277/586 585/2278/586 584/2279/586 566/2280/586
f 568/2281/587 586/2282/587 585/2283/587 567/2284/587
f 569/2285/588 587/2286/588 586/2287/588 568/2288/588
f 570/2289/589 588/2290/589 587/2291/589 569/2292/589
f 571/2293/590 589/2294/590 588/2295/590 570/2296/590
f 245/2297/591 264/2298/591 589/2299/591 571/2300/591
f 573/2301/592 590/2302/592 265/2303/592 246/2304/592
f 574/2305/593 591/2306/593 590/2307/593 573/2308/593
f 575/2309/594 592/2310/594 591/2311/594 574/2312/594
f 576/2313/595 593/2314/595 592/2315/595 575/2316/595
f 577/2317/596 594/2318/596 593/2319/596 576/2320/596
f 578/2321/597 595/2322/597 594/2323/597 577/2324/597
f 579/2325/598 596/2326/598 595/2327/598 578/2328/598
f 580/2329/599 597/2330/599 596/2331/599 579/2332/599
f 581/2333/600 598/2334/600 597/2335/600 580/2336/600
f 582/2337/601 599/2338/601 598/2339/601 581/2340/601
f 583/2341/602 600/2342/602 599/2343/602 582/2344/602
f 584/2345/603 601/2346/603 600/2347/603 583/2348/603
f 585/2349/604 602/2350/604 601/2351/604 584/2352/604
f 586/2353/605 603/2354/605 602/2355/605 585/2356/605
f 587/2357/606 604/2358/606 603/2359/606 586/2360/606
f 588/2361/607 605/2362/607 604/2363/607 587/2364/607
f 589/2365/608 606/2366/608 605/2367/608 588/2368/608
f 264/2369/609 283/2370/609 606/2371/609 589/2372/609
f 590/2373/610 607/2374/610 284/2375/610 265/2376/610
f 591/2377/611 608/2378/611 607/2379/611 590/2380/611
f 592/2381/612 609/2382/612 608/2383/612 591/2384/612
f 593/2385/613 610/2386/613 609/2387/613 592/2388/613
f 594/2389/614 611/2390/614 610/2391/614 593/2392/614
f 595/2393/615 612/2394/615 611/2395/615 594/2396/615
f 596/2397/616 613/2398/616 612/2399/616 595/2400/616
f 597/2401/617 614/2402/617 613/2403/617 596/2404/617
f 598/2405/618 615/2406/618 614/2407/618 597/2408/618
f 599/2409/619 616/2410/619 615/2411/619 598/2412/619
f 600/2413/620 617/2414/620 616/2415/620 599/2416/620
f 601/2417/621 618/2418/621 617/2419/621 600/2420/621
f 602/2421/622 619/2422/622 618/2423/622 601/2424/622
f 603/2425/623 620/2426/623 619/2427/623 602/2428/623
f 604/2429/624 621/2430/624 620/2431/624 603/2432/624
f 605/2433/625 622/2434/625 621/2435/625 604/2436/625
f 606/2437/626 623/2438/626 622/2439/626 605/2440/626
f 283/2441/627 302/2442/627 623/2443/627 606/2444/627
f 607/2445/628 624/2446/628 303/2447/628 284/2448/628
f 608/2449/629 625/2450/629 624/2451/629 607/2452/629
f 609/2453/630 626/2454/630 625/2455/630 608/2456/630
f 610/2457/631 627/2458/631 626/2459/631 609/2460/631
f 611/2461/632 628/2462/632 627/2463/632 610/2464/632
f 612/2465/633 629/2466/633 628/2467/633 611/2468/633
f 613/2469/634 630/2470/634 629/2471/634 612/2472/634
f 614/2473/635 631/2474/635 630/2475/635 613/2476/635
f 615/2477/636 632/2478/636 631/2479/636 614/2480/636
f 616/2481/637 633/2482/637 632/2483/637 615/2484/637
f 617/2485/638 634/2486/638 633/2487/638 616/2488/638
f 618/2489/639 635/2490/639 634/2491/639 617/2492/639
f 619/2493/640 636/2494/640 635/2495/640 618/2496/640
f 620/2497/641 637/2498/641 636/2499/641 619/2500/641
f 621/2501/642 638/2502/642 637/2503/642 620/2504/642
f 622/2505/643 639/2506/643 638/2507/643 621/2508/643
f 623/2509/644 640/2510/644 639/2511/644 622/2512/644
f 302/2513/645 321/2514/645 640/2515/645 623/2516/645
f 322/2517/646 303/2518/646 624/2519/646
f 322/2520/647 624/2521/647 625/2522/647
f 322/2523/648 625/2524/648 626/2525/648
f 322/2526/649 626/2527/649 627/2528/649
f 322/2529/650 627/2530/650 628/2531/650
f 322/2532/651 628/2533/651 629/2534/651
f 322/2535/652 629/2536/652 630/2537/652
f 322/2538/653 630/2539/653 631/2540/653
f 322/2541/654 631/2542/654 632/2543/654
f 322/2544/655 632/2545/655 633/2546/655
f 322/2547/656 633/2548/656 634/2549/656
f 322/2550/657 634/2551/657 635/2552/657
f 322/2553/658 635/2554/658 636/2555/658
f 322/2556/659 636/2557/659 637/2558/659
f 322/2559/660 637/2560/660 638/2561/660
f 322/2562/661 638/2563/661 639/2564/661
f 322/2565/662 639/2566/662 640/2567/662
f 322/2568/663 640/2569/663 321/2570/663
f 468/2571/664 641/2572/664 642/2573/664 499/2574/664
f 537/2575/665 572/2576/665 554/2577/665 536/2578/665
f 499/2579/666 483/2580/666 467/2581/666 468/2582/666
f 451/2583/667 434/2584/667 435/2585/667 452/2586/667
f 500/2587/668 518/2588/668 501/2589/668
f 642/2590/669 643/2591/669 500/2592/669 499/2593/669
f 644/2594/670 645/2595/670 646/2596/670
f 468/2597/671 451/2598/671 647/2599/671 641/2600/671
f 572/2601/672 327/2602/672 243/2603/672
f 648/2604/673 327/2605/673 572/2606/673 537/2607/673
f 643/2608/674 649/2609/674 518/2610/674 500/2611/674
f 648/2612/675 537/2613/675 519/2614/675 649/2615/675
f 518/2616/676 649/2617/676 519/2618/676
f 452/2619/677 650/2620/677 647/2621/677 451/2622/677
f 483/2623/678 501/2624/678 498/2625/678
f 643/2626/679 651/2627/679 652/2628/679 649/2629/679
f 652/2630/680 653/2631/680 648/2632/680 649/2633/680
f 648/2634/681 653/2635/681 334/2636/681 327/2637/681
f 336/2638/682 654/2639/682 650/2640/682 337/2641/682
f 650/2642/683 654/2643/683 655/2644/683 647/2645/683
f 655/2646/684 656/2647/684 641/2648/684 647/2649/684
f 641/2650/685 656/2651/685 657/2652/685 642/2653/685
f 657/2654/686 651/2655/686 643/2656/686 642/2657/686
f 452/2658/687 116/2659/687 337/2660/687 650/2661/687
f 651/2662/688 350/2663/688 349/2664/688 652/2665/688
f 652/2666/689 349/2667/689 343/2668/689 653/2669/689
f 653/2670/690 343/2671/690 334/2672/690
f 336/2673/691 345/2674/691 646/2675/691 654/2676/691
f 654/2677/692 646/2678/692 645/2679/692 655/2680/692
f 645/2681/693 644/2682/693 656/2683/693 655/2684/693
f 656/2685/694 644/2686/694 658/2687/694 657/2688/694
f 658/2689/695 350/2690/695 651/2691/695 657/2692/695
f 348/2693/696 342/2694/696 350/2695/696 658/2696/696
f 348/2697/697 658/2698/697 644/2699/697 347/2700/697
f 659/2701/698 660/2702/698 661/2703/698
f 659/2704/699 662/2705/699 660/2706/699
f 659/2707/700 663/2708/700 662/2709/700
f 659/2710/701 664/2711/701 663/2712/701
f 659/2713/702 665/2714/702 664/2715/702
f 659/2716/703 666/2717/703 665/2718/703
f 659/2719/704 667/2720/704 666/2721/704
f 659/2722/705 668/2723/705 667/2724/705
f 659/2725/706 669/2726/706 668/2727/706
f 659/2728/707 670/2729/707 669/2730/707
f 671/2731/708 672/2732/708 661/2733/708 660/2734/708
f 660/2735/709 662/2736/709 673/2737/709 671/2738/709
f 662/2739/710 663/2740/710 674/2741/710 673/2742/710
f 663/2743/711 664/2744/711 675/2745/711 674/2746/711
f 664/2747/712 665/2748/712 676/2749/712 675/2750/712
f 665/2751/713 666/2752/713 677/2753/713 676/2754/713
f 666/2755/714 667/2756/714 678/2757/714 677/2758/714
f 667/2759/715 668/2760/715 679/2761/715 678/2762/715
f 668/2763/716 669/2764/716 680/2765/716 679/2766/716
f 681/2767/717 680/2768/717 669/2769/717 670/2770/717
f 682/2771/718 683/2772/718 672/2773/718 671/2774/718
f 671/2775/719 673/2776/719 684/2777/719 682/2778/719
f 673/2779/720 674/2780/720 685/2781/720 684/2782/720
f 674/2783/721 675/2784/721 686/2785/721 685/2786/721
f 675/2787/722 676/2788/722 687/2789/722 686/2790/722
f 676/2791/723 677/2792/723 688/2793/723 687/2794/723
f 677/2795/724 678/2796/724 689/2797/724 688/2798/724
f 678/2799/725 679/2800/725 690/2801/725 689/2802/725
f 679/2803/726 680/2804/726 691/2805/726 690/2806/726
f 692/2807/727 691/2808/727 680/2809/727 681/2810/727
f 693/2811/728 694/2812/728 683/2813/728 682/2814/728
f 682/2815/729 684/2816/729 695/2817/729 693/2818/729
f 684/2819/730 685/2820/730 696/2821/730 695/2822/730
f 685/2823/731 686/2824/731 697/2825/731 696/2826/731
f 686/2827/732 687/2828/732 698/2829/732 697/2830/732
f 687/2831/733 688/2832/733 699/2833/733 698/2834/733
f 688/2835/734 689/2836/734 700/2837/734 699/2838/734
f 689/2839/735 690/2840/735 701/2841/735 700/2842/735
f 690/2843/736 691/2844/736 702/2845/736 701/2846/736
f 703/2847/737 702/2848/737 691/2849/737 692/2850/737
f 704/2851/738 705/2852/738 694/2853/738 693/2854/738
f 693/2855/739 695/2856/739 706/2857/739 704/2858/739
f 695/2859/740 696/2860/740 707/2861/740 706/2862/740
f 696/2863/741 697/2864/741 708/2865/741 707/2866/741
f 697/2867/742 698/2868/742 709/2869/742 708/2870/742
f 698/2871/743 699/2872/743 710/2873/743 709/2874/743
f 699/2875/744 700/2876/744 711/2877/744 710/2878/744
f 700/2879/745 701/2880/745 712/2881/745 711/2882/745
f 701/2883/746 702/2884/746 713/2885/746 712/2886/746
f 714/2887/747 713/2888/747 702/2889/747 703/2890/747
f 715/2891/748 716/2892/748 705/2893/748 704/2894/748
f 704/2895/749 706/2896/749 717/2897/749 715/2898/749
f 706/2899/750 707/2900/750 718/2901/750 717/2902/750
f 707/2903/751 708/2904/751 719/2905/751 718/2906/751
f 708/2907/752 709/2908/752 720/2909/752 719/2910/752
f 709/2911/753 710/2912/753 721/2913/753 720/2914/753
f 710/2915/754 711/2916/754 722/2917/754 721/2918/754
f 711/2919/755 712/2920/755 723/2921/755 722/2922/755
f 712/2923/756 713/2924/756 724/2925/756 723/2926/756
f 725/2927/757 724/2928/757 713/2929/757 714/2930/757
f 726/2931/758 727/2932/758 716/2933/758 715/2934/758
f 715/2935/759 717/2936/759 728/2937/759 726/2938/759
f 717/2939/760 718/2940/760 729/2941/760 728/2942/760
f 718/2943/761 719/2944/761 730/2945/761 729/2946/761
f 719/2947/762 720/2948/762 731/2949/762 730/2950/762
f 720/2951/763 721/2952/763 732/2953/763 731/2954/763
f 721/2955/764 722/2956/764 733/2957/764 732/2958/764
f 722/2959/765 723/2960/765 734/2961/765 733/2962/765
f 723/2963/766 724/2964/766 735/2965/766 734/2966/766
f 736/2967/767 735/2968/767 724/2969/767 725/2970/767
f 737/2971/768 738/2972/768 727/2973/768 726/2974/768
f 726/2975/769 728/2976/769 739/2977/769 737/2978/769
f 728/2979/770 729/2980/770 740/2981/770 739/2982/770
f 729/2983/771 730/2984/771 741/2985/771 740/2986/771
f 730/2987/772 731/2988/772 742/2989/772 741/2990/772
f 731/2991/773 732/2992/773 743/2993/773 742/2994/773
f 732/2995/774 733/2996/774 744/2997/774 743/2998/774
f 733/2999/775 734/3000/775 745/3001/775 744/3002/775
f 734/3003/776 735/3004/776 746/3005/776 745/3006/776
f 747/3007/777 746/3008/777 735/3009/777 736/3010/777
f 748/3011/778 738/3012/778 737/3013/778
f 748/3014/779 737/3015/779 739/3016/779
f 748/3017/780 739/3018/780 740/3019/780
f 748/3020/781 740/3021/781 741/3022/781
f 748/3023/782 741/3024/782 742/3025/782
f 748/3026/783 742/3027/783 743/3028/783
f 748/3029/784 743/3030/784 744/3031/784
f 748/3032/785 744/3033/785 745/3034/785
f 748/3035/786 745/3036/786 746/3037/786
f 748/3038/787 746/3039/787 747/3040/787
f 749/3041/788 750/3042/788 751/3043/788
f 749/3044/789 751/3045/789 752/3046/789
f 749/3047/790 752/3048/790 753/3049/790
f 749/3050/791 753/3051/791 754/3052/791
f 749/3053/792 754/3054/792 755/3055/792
f 749/3056/793 755/3057/793 756/3058/793
f 749/3059/794 756/3060/794 757/3061/794
f 749/3062/795 757/3063/795 758/3064/795
f 749/3065/796 758/3066/796 759/3067/796
f 749/3068/797 759/3069/797 760/3070/797
f 761/3071/798 751/3072/798 750/3073/798 762/3074/798
f 751/3075/799 761/3076/799 763/3077/799 752/3078/799
f 752/3079/800 763/3080/800 764/3081/800 753/3082/800
f 753/3083/801 764/3084/801 765/3085/801 754/3086/801
f 754/3087/802 765/3088/802 766/3089/802 755/3090/802
f 755/3091/803 766/3092/803 767/3093/803 756/3094/803
f 756/3095/804 767/3096/804 768/3097/804 757/3098/804
f 757/3099/805 768/3100/805 769/3101/805 758/3102/805
f 758/3103/806 769/3104/806 770/3105/806 759/3106/806
f 771/3107/807 760/3108/807 759/3109/807 770/3110/807
f 772/3111/808 761/3112/808 762/3113/808 773/3114/808
f 761/3115/809 772/3116/809 774/3117/809 763/3118/809
f 763/3119/810 774/3120/810 775/3121/810 764/3122/810
f 764/3123/811 775/3124/811 776/3125/811 765/3126/811
f 765/3127/812 776/3128/812 777/3129/812 766/3130/812
f 766/3131/813 777/3132/813 778/3133/813 767/3134/813
f 767/3135/814 778/3136/814 779/3137/814 768/3138/814
f 768/3139/815 779/3140/815 780/3141/815 769/3142/815
f 769/3143/816 780/3144/816 781/3145/816 770/3146/816
f 782/3147/817 771/3148/817 770/3149/817 781/3150/817
f 783/3151/818 772/3152/818 773/3153/818 784/3154/818
f 772/3155/819 783/3156/819 785/3157/819 774/3158/819
f 774/3159/820 785/3160/820 786/3161/820 775/3162/820
f 775/3163/821 786/3164/821 787/3165/821 776/3166/821
f 776/3167/822 787/3168/822 788/3169/822 777/3170/822
f 777/3171/823 788/3172/823 789/3173/823 778/3174/823
f 778/3175/824 789/3176/824 790/3177/824 779/3178/824
f 779/3179/825 790/3180/825 791/3181/825 780/3182/825
f 780/3183/826 791/3184/826 792/3185/826 781/3186/826
f 793/3187/827 782/3188/827 781/3189/827 792/3190/827
f 794/3191/828 783/3192/828 784/3193/828 795/3194/828
f 783/3195/829 794/3196/829 796/3197/829 785/3198/829
f 785/3199/830 796/3200/830 797/3201/830 786/3202/830
f 786/3203/831 797/3204/831 798/3205/831 787/3206/831
f 787/3207/832 798/3208/832 799/3209/832 788/3210/832
f 788/3211/833 799/3212/833 800/3213/833 789/3214/833
f 789/3215/834 800/3216/834 801/3217/834 790/3218/834
f 790/3219/835 801/3220/835 802/3221/835 791/3222/835
f 791/3223/836 802/3224/836 803/3225/836 792/3226/836
f 804/3227/837 793/3228/837 792/3229/837 803/3230/837
f 805/3231/838 794/3232/838 795/3233/838 806/3234/838
f 794/3235/839 805/3236/839 807/3237/839 796/3238/839
f 796/3239/840 807/3240/840 808/3241/840 797/3242/840
f 797/3243/841 808/3244/841 809/3245/841 798/3246/841
f 798/3247/842 809/3248/842 810/3249/842 799/3250/842
f 799/3251/843 810/3252/843 811/3253/843 800/3254/843
f 800/3255/844 811/3256/844 812/3257/844 801/3258/844
f 801/3259/845 812/3260/845 813/3261/845 802/3262/845
f 802/3263/846 813/3264/846 814/3265/846 803/3266/846
f 815/3267/847 804/3268/847 803/3269/847 814/3270/847
f 816/3271/848 805/3272/848 806/3273/848 817/3274/848
f 805/3275/849 816/3276/849 818/3277/849 807/3278/849
f 807/3279/850 818/3280/850 819/3281/850 808/3282/850
f 808/3283/851 819/3284/851 820/3285/851 809/3286/851
f 809/3287/852 820/3288/852 821/3289/852 810/3290/852
f 810/3291/853 821/3292/853 822/3293/853 811/3294/853
f 811/3295/854 822/3296/854 823/3297/854 812/3298/854
f 812/3299/855 823/3300/855 824/3301/855 813/3302/855
f 813/3303/856 824/3304/856 825/3305/856 814/3306/856
f 826/3307/857 815/3308/857 814/3309/857 825/3310/857
f 827/3311/858 816/3312/858 817/3313/858 828/3314/858
f 816/3315/859 827/3316/859 829/3317/859 818/3318/859
f 818/3319/860 829/3320/860 830/3321/860 819/3322/860
f 819/3323/861 830/3324/861 831/3325/861 820/3326/861
f 820/3327/862 831/3328/862 832/3329/862 821/3330/862
f 821/3331/863 832/3332/863 833/3333/863 822/3334/863
f 822/3335/864 833/3336/864 834/3337/864 823/3338/864
f 823/3339/865 834/3340/865 835/3341/865 824/3342/865
f 824/3343/866 835/3344/866 836/3345/866 825/3346/866
f 837/3347/867 826/3348/867 825/3349/867 836/3350/867
f 838/3351/868 827/3352/868 828/3353/868
f 838/3354/869 829/3355/869 827/3356/869
f 838/3357/870 830/3358/870 829/3359/870
f 838/3360/871 831/3361/871 830/3362/871
f 838/3363/872 832/3364/872 831/3365/872
f 838/3366/873 833/3367/873 832/3368/873
f 838/3369/874 834/3370/874 833/3371/874
f 838/3372/875 835/3373/875 834/3374/875
f 838/3375/876 836/3376/876 835/3377/876
f 838/3378/877 837/3379/877 836/3380/877
f 839/3381/878 840/3382/878 841/3383/878
f 839/3384/879 842/3385/879 840/3386/879
f 839/3387/880 843/3388/880 842/3389/880
f 839/3390/881 844/3391/881 843/3392/881
f 839/3393/882 845/3394/882 844/3395/882
f 839/3396/883 846/3397/883 845/3398/883
f 839/3399/884 847/3400/884 846/3401/884
f 839/3402/885 848/3403/885 847/3404/885
f 839/3405/886 849/3406/886 848/3407/886
f 839/3408/887 850/3409/887 849/3410/887
f 851/3411/888 852/3412/888 841/3413/888 840/3414/888
f 840/3415/889 842/3416/889 853/3417/889 851/3418/889
f 842/3419/890 843/3420/890 854/3421/890 853/3422/890
f 843/3423/891 844/3424/891 855/3425/891 854/3426/891
f 844/3427/892 845/3428/892 856/3429/892 855/3430/892
f 845/3431/893 846/3432/893 857/3433/893 856/3434/893
f 846/3435/894 847/3436/894 858/3437/894 857/3438/894
f 847/3439/895 848/3440/895 859/3441/895 858/3442/895
f 848/3443/896 849/3444/896 860/3445/896 859/3446/896
f 861/3447/897 860/3448/897 849/3449/897 850/3450/897
f 862/3451/898 863/3452/898 852/3453/898 851/3454/898
f 851/3455/899 853/3456/899 864/3457/899 862/3458/899
f 853/3459/900 854/3460/900 865/3461/900 864/3462/900
f 854/3463/901 855/3464/901 866/3465/901 865/3466/901
f 855/3467/902 856/3468/902 867/3469/902 866/3470/902
f 856/3471/903 857/3472/903 868/3473/903 867/3474/903
f 857/3475/904 858/3476/904 869/3477/904 868/3478/904
f 858/3479/905 859/3480/905 870/3481/905 869/3482/905
f 859/3483/906 860/3484/906 871/3485/906 870/3486/906
f 872/3487/907 871/3488/907 860/3489/907 861/3490/907
f 873/3491/908 874/3492/908 863/3493/908 862/3494/908
f 862/3495/909 864/3496/909 875/3497/909 873/3498/909
f 864/3499/910 865/3500/910 876/3501/910 875/3502/910
f 865/3503/911 866/3504/911 877/3505/911 876/3506/911
f 866/3507/912 867/3508/912 878/3509/912 877/3510/912
f 867/3511/913 868/3512/913 879/3513/913 878/3514/913
f 868/3515/914 869/3516/914 880/3517/914 879/3518/914
f 869/3519/915 870/3520/915 881/3521/915 880/3522/915
f 870/3523/916 871/3524/916 882/3525/916 881/3526/916
f 883/3527/917 882/3528/917 871/3529/917 872/3530/917
f 884/3531/918 885/3532/918 874/3533/918 873/3534/918
f 873/3535/919 875/3536/919 886/3537/919 884/3538/919
f 875/3539/920 876/3540/920 887/3541/920 886/3542/920
f 876/3543/921 877/3544/921 888/3545/921 887/3546/921
f 877/3547/922 878/3548/922 889/3549/922 888/3550/922
f 878/3551/923 879/3552/923 890/3553/923 889/3554/923
f 879/3555/924 880/3556/924 891/3557/924 890/3558/924
f 880/3559/925 881/3560/925 892/3561/925 891/3562/925
f 881/3563/926 882/3564/926 893/3565/926 892/3566/926
f 894/3567/927 893/3568/927 882/3569/927 883/3570/927
f 895/3571/928 896/3572/928 885/3573/928 884/3574/928
f 884/3575/929 886/3576/929 897/3577/929 895/3578/929
f 886/3579/930 887/3580/930 898/3581/930 897/3582/930
f 887/3583/931 888/3584/931 899/3585/931 898/3586/931
f 888/3587/932 889/3588/932 900/3589/932 899/3590/932
f 889/3591/933 890/3592/933 901/3593/933 900/3594/933
f 890/3595/934 891/3596/934 902/3597/934 901/3598/934
f 891/3599/935 892/3600/935 903/3601/935 902/3602/935
f 892/3603/936 893/3604/936 904/3605/936 903/3606/936
f 905/3607/937 904/3608/937 893/3609/937 894/3610/937
f 906/3611/938 907/3612/938 896/3613/938 895/3614/938
f 895/3615/939 897/3616/939 908/3617/939 906/3618/939
f 897/3619/940 898/3620/940 909/3621/940 908/3622/940
f 898/3623/941 899/3624/941 910/3625/941 909/3626/941
f 899/3627/942 900/3628/942 911/3629/942 910/3630/942
f 900/3631/943 901/3632/943 912/3633/943 911/3634/943
f 901/3635/944 902/3636/944 913/3637/944 912/3638/944
f 902/3639/945 903/3640/945 914/3641/945 913/3642/945
f 903/3643/946 904/3644/946 915/3645/946 914/3646/946
f 916/3647/947 915/3648/947 904/3649/947 905/3650/947
f 917/3651/948 918/3652/948 907/3653/948 906/3654/948
f 906/3655/949 908/3656/949 919/3657/949 917/3658/949
f 908/3659/950 909/3660/950 920/3661/950 919/3662/950
f 909/3663/951 910/3664/951 921/3665/951 920/3666/951
f 910/3667/952 911/3668/952 922/3669/952 921/3670/952
f 911/3671/953 912/3672/953 923/3673/953 922/3674/953
f 912/3675/954 913/3676/954 924/3677/954 923/3678/954
f 913/3679/955 914/3680/955 925/3681/955 924/3682/955
f 914/3683/956 915/3684/956 926/3685/956 925/3686/956
f 927/3687/957 926/3688/957 915/3689/957 916/3690/957
f 928/3691/958 918/3692/958 917/3693/958
f 928/3694/959 917/3695/959 919/3696/959
f 928/3697/960 919/3698/960 920/3699/960
f 928/3700/961 920/3701/961 921/3702/961
f 928/3703/962 921/3704/962 922/3705/962
f 928/3706/963 922/3707/963 923/3708/963
f 928/3709/964 923/3710/964 924/3711/964
f 928/3712/965 924/3713/965 925/3714/965
f 928/3715/966 925/3716/966 926/3717/966
f 928/3718/967 926/3719/967 927/3720/967
f 929/3721/968 930/3722/968 931/3723/968
f 929/3724/969 931/3725/969 932/3726/969
f 929/3727/970 932/3728/970 933/3729/970
f 929/3730/971 933/3731/971 934/3732/971
f 929/3733/972 934/3734/972 935/3735/972
f 929/3736/973 935/3737/973 936/3738/973
f 929/3739/974 936/3740/974 937/3741/974
f 929/3742/975 937/3743/975 938/3744/975
f 929/3745/976 938/3746/976 939/3747/976
f 929/3748/977 939/3749/977 940/3750/977
f 941/3751/978 931/3752/978 930/3753/978 942/3754/978
f 931/3755/979 941/3756/979 943/3757/979 932/3758/979
f 932/3759/980 943/3760/980 944/3761/980 933/3762/980
f 933/3763/981 944/3764/981 945/3765/981 934/3766/981
f 934/3767/982 945/3768/982 946/3769/982 935/3770/982
f 935/3771/983 946/3772/983 947/3773/983 936/3774/983
f 936/3775/984 947/3776/984 948/3777/984 937/3778/984
f 937/3779/985 948/3780/985 949/3781/985 938/3782/985
f 938/3783/986 949/3784/986 950/3785/986 939/3786/986
f 951/3787/987 940/3788/987 939/3789/987 950/3790/987
f 952/3791/988 941/3792/988 942/3793/988 953/3794/988
f 941/3795/989 952/3796/989 954/3797/989 943/3798/989
f 943/3799/990 954/3800/990 955/3801/990 944/3802/990
f 944/3803/991 955/3804/991 956/3805/991 945/3806/991
f 945/3807/992 956/3808/992 957/3809/992 946/3810/992
f 946/3811/993 957/3812/993 958/3813/993 947/3814/993
f 947/3815/994 958/3816/994 959/3817/994 948/3818/994
f 948/3819/995 959/3820/995 960/3821/995 949/3822/995
f 949/3823/996 960/3824/996 961/3825/996 950/3826/996
f 962/3827/997 951/3828/997 950/3829/997 961/3830/997
f 963/3831/998 952/3832/998 953/3833/998 964/3834/998
f 952/3835/999 963/3836/999 965/3837/999 954/3838/999
f 954/3839/1000 965/3840/1000 966/3841/1000 955/3842/1000
f 955/3843/1001 966/3844/1001 967/3845/1001 956/3846/1001
f 956/3847/1002 967/3848/1002 968/3849/1002 957/3850/1002
f 957/3851/1003 968/3852/1003 969/3853/1003 958/3854/1003
f 958/3855/1004 969/3856/1004 970/3857/1004 959/3858/1004
f 959/3859/1005 970/3860/1005 971/3861/1005 960/3862/1005
f 960/3863/1006 971/3864/1006 972/3865/1006 961/3866/1006
f 973/3867/1007 962/3868/1007 961/3869/1007 972/3870/1007
f 974/3871/1008 963/3872/1008 964/3873/1008 975/3874/1008
f 963/3875/1009 974/3876/1009 976/3877/1009 965/3878/1009
f 965/3879/1010 976/3880/1010 977/3881/1010 966/3882/1010
f 966/3883/1011 977/3884/1011 978/3885/1011 967/3886/1011
f 967/3887/1012 978/3888/1012 979/3889/1012 968/3890/1012
f 968/3891/1013 979/3892/1013 980/3893/1013 969/3894/1013
f 969/3895/1014 980/3896/1014 981/3897/1014 970/3898/1014
f 970/3899/1015 981/3900/1015 982/3901/1015 971/3902/1015
f 971/3903/1016 982/3904/1016 983/3905/1016 972/3906/1016
f 984/3907/1017 973/3908/1017 972/3909/1017 983/3910/1017
f 985/3911/1018 974/3912/1018 975/3913/1018 986/3914/1018
f 974/3915/1019 985/3916/1019 987/3917/1019 976/3918/1019
f 976/3919/1020 987/3920/1020 988/3921/1020 977/3922/1020
f 977/3923/1021 988/3924/1021 989/3925/1021 978/3926/1021
f 978/3927/1022 989/3928/1022 990/3929/1022 979/3930/1022
f 979/3931/1023 990/3932/1023 991/3933/1023 980/3934/1023
f 980/3935/1024 991/3936/1024 992/3937/1024 981/3938/1024
f 981/3939/1025 992/3940/1025 993/3941/1025 982/3942/1025
f 982/3943/1026 993/3944/1026 994/3945/1026 983/3946/1026
f 995/3947/1027 984/3948/1027 983/3949/1027 994/3950/1027
f 996/3951/1028 985/3952/1028 986/3953/1028 997/3954/1028
f 985/3955/1029 996/3956/1029 998/3957/1029 987/3958/1029
f 987/3959/1030 998/3960/1030 999/3961/1030 988/3962/1030
f 988/3963/1031 999/3964/1031 1000/3965/1031 989/3966/1031
f 989/3967/1032 1000/3968/1032 1001/3969/1032 990/3970/1032
f 990/3971/1033 1001/3972/1033 1002/3973/1033 991/3974/1033
f 991/3975/1034 1002/3976/1034 1003/3977/1034 992/3978/1034
f 992/3979/1035 1003/3980/1035 1004/3981/1035 993/3982/1035
f 993/3983/1036 1004/3984/1036 1005/3985/1036 994/3986/1036
f 1006/3987/1037 995/3988/1037 994/3989/1037 1005/3990/1037
f 1007/3991/1038 996/3992/1038 997/3993/1038 1008/3994/1038
f 996/3995/1039 1007/3996/1039 1009/3997/1039 998/3998/1039
f 998/3999/1040 1009/4000/1040 1010/4001/1040 999/4002/1040
f 999/4003/1041 1010/4004/1041 1011/4005/1041 1000/4006/1041
f 1000/4007/1042 1011/4008/1042 1012/4009/1042 1001/4010/1042
f 1001/4011/1043 1012/4012/1043 1013/4013/1043 1002/4014/1043
f 1002/4015/1044 1013/4016/1044 1014/4017/1044 1003/4018/1044
f 1003/4019/1045 1014/4020/1045 1015/4021/1045 1004/4022/1045
f 1004/4023/1046 1015/4024/1046 1016/4025/1046 1005/4026/1046
f 1017/4027/1047 1006/4028/1047 1005/4029/1047 1016/4030/1047
f 1018/4031/1048 1007/4032/1048 1008/4033/1048
f 1018/4034/1049 1009/4035/1049 1007/4036/1049
f 1018/4037/1050 1010/4038/1050 1009/4039/1050
f 1018/4040/1051 1011/4041/1051 1010/4042/1051
f 1018/4043/1052 1012/4044/1052 1011/4045/1052
f 1018/4046/1053 1013/4047/1053 1012/4048/1053
f 1018/4049/1054 1014/4050/1054 1013/4051/1054
f 1018/4052/1055 1015/4053/1055 1014/4054/1055
f 1018/4055/1056 1016/4056/1056 1015/4057/1056
f 1018/4058/1057 1017/4059/1057 1016/4060/1057
f 1019/4061/1058 1020/4062/1058 1021/4063/1058
f 1019/4064/1059 1022/4065/1059 1020/4066/1059
f 1019/4067/1060 1023/4068/1060 1022/4069/1060
f 1019/4070/1061 1024/4071/1061 1023/4072/1061
f 1019/4073/1062 1025/4074/1062 1024/4075/1062
f 1019/4076/1063 1026/4077/1063 1025/4078/1063
f 1019/4079/1064 1027/4080/1064 1026/4081/1064
f 1019/4082/1065 1028/4083/1065 1027/4084/1065
f 1019/4085/1066 1029/4086/1066 1028/4087/1066
f 1019/4088/1067 1030/4089/1067 1029/4090/1067
f 1031/4091/1068 1032/4092/1068 1021/4093/1068 1020/4094/1068
f 1020/4095/1069 1022/4096/1069 1033/4097/1069 1031/4098/1069
f 1022/4099/1070 1023/4100/1070 1034/4101/1070 1033/4102/1070
f 1023/4103/1071 1024/4104/1071 1035/4105/1071 1034/4106/1071
f 1024/4107/1072 1025/4108/1072 1036/4109/1072 1035/4110/1072
f 1025/4111/1073 1026/4112/1073 1037/4113/1073 1036/4114/1073
f 1026/4115/1074 1027/4116/1074 1038/4117/1074 1037/4118/1074
f 1027/4119/1075 1028/4120/1075 1039/4121/1075 1038/4122/1075
f 1028/4123/1076 1029/4124/1076 1040/4125/1076 1039/4126/1076
f 1041/4127/1077 1040/4128/1077 1029/4129/1077 1030/4130/1077
f 1042/4131/1078 1043/4132/1078 1032/4133/1078 1031/4134/1078
f 1031/4135/1079 1033/4136/1079 1044/4137/1079 1042/4138/1079
f 1033/4139/1080 1034/4140/1080 1045/4141/1080 1044/4142/1080
f 1034/4143/1081 1035/4144/1081 1046/4145/1081 1045/4146/1081
f 1035/4147/1082 1036/4148/1082 1047/4149/1082 1046/4150/1082
f 1036/4151/1083 1037/4152/1083 1048/4153/1083 1047/4154/1083
f 1037/4155/1084 1038/4156/1084 1049/4157/1084 1048/4158/1084
f 1038/4159/1085 1039/4160/1085 1050/4161/1085 1049/4162/1085
f 1039/4163/1086 1040/4164/1086 1051/4165/1086 1050/4166/1086
f 1052/4167/1087 1051/4168/1087 1040/4169/1087 1041/4170/1087
f 1053/4171/1088 1054/4172/1088 1043/4173/1088 1042/4174/1088
f 1042/4175/1089 1044/4176/1089 1055/4177/1089 1053/4178/1089
f 1044/4179/1090 1045/4180/1090 1056/4181/1090 1055/4182/1090
f 1045/4183/1091 1046/4184/1091 1057/4185/1091 1056/4186/1091
f 1046/4187/1092 1047/4188/1092 1058/4189/1092 1057/4190/1092
f 1047/4191/1093 1048/4192/1093 1059/4193/1093 1058/4194/1093
f 1048/4195/1094 1049/4196/1094 1060/4197/1094 1059/4198/1094
f 1049/4199/1095 1050/4200/1095 1061/4201/1095 1060/4202/1095
f 1050/4203/1096 1051/4204/1096 1062/4205/1096 1061/4206/1096
f 1063/4207/1097 1062/4208/1097 1051/4209/1097 1052/4210/1097
f 1064/4211/1098 1065/4212/1098 1054/4213/1098 1053/4214/1098
f 1053/4215/1099 1055/4216/1099 1066/4217/1099 1064/4218/1099
f 1055/4219/1100 1056/4220/1100 1067/4221/1100 1066/4222/1100
f 1056/4223/1101 1057/4224/1101 1068/4225/1101 1067/4226/1101
f 1057/4227/1102 1058/4228/1102 1069/4229/1102 1068/4230/1102
f 1058/4231/1103 1059/4232/1103 1070/4233/1103 1069/4234/1103
f 1059/4235/1104 1060/4236/1104 1071/4237/1104 1070/4238/1104
f 1060/4239/1105 1061/4240/1105 1072/4241/1105 1071/4242/1105
f 1061/4243/1106 1062/4244/1106 1073/4245/1106 1072/4246/1106
f 1074/4247/1107 1073/4248/1107 1062/4249/1107 1063/4250/1107
f 1075/4251/1108 1076/4252/1108 1065/4253/1108 1064/4254/1108
f 1064/4255/1109 1066/4256/1109 1077/4257/1109 1075/4258/1109
f 1066/4259/1110 1067/4260/1110 1078/4261/1110 1077/4262/1110
f 1067/4263/1111 1068/4264/1111 1079/4265/1111 1078/4266/1111
f 1068/4267/1112 1069/4268/1112 1080/4269/1112 1079/4270/1112
f 1069/4271/1113 1070/4272/1113 1081/4273/1113 1080/4274/1113
f 1070/4275/1114 1071/4276/1114 1082/4277/1114 1081/4278/1114
f 1071/4279/1115 1072/4280/1115 1083/4281/1115 1082/4282/1115
f 1072/4283/1116 1073/4284/1116 1084/4285/1116 1083/4286/1116
f 1085/4287/1117 1084/4288/1117 1073/4289/1117 1074/4290/1117
f 1086/4291/1118 1087/4292/1118 1076/4293/1118 1075/4294/1118
f 1075/4295/1119 1077/4296/1119 1088/4297/1119 1086/4298/1119
f 1077/4299/1120 1078/4300/1120 1089/4301/1120 1088/4302/1120
f 1078/4303/1121 1079/4304/1121 1090/4305/1121 1089/4306/1121
f 1079/4307/1122 1080/4308/1122 1091/4309/1122 1090/4310/1122
f 1080/4311/1123 1081/4312/1123 1092/4313/1123 1091/4314/1123
f 1081/4315/1124 1082/4316/1124 1093/4317/1124 1092/4318/1124
f 1082/4319/1125 1083/4320/1125 1094/4321/1125 1093/4322/1125
f 1083/4323/1126 1084/4324/1126 1095/4325/1126 1094/4326/1126
f 1096/4327/1127 1095/4328/1127 1084/4329/1127 1085/4330/1127
f 1097/4331/1128 1098/4332/1128 1087/4333/1128 1086/4334/1128
f 1086/4335/1129 1088/4336/1129 1099/4337/1129 1097/4338/1129
f 1088/4339/1130 1089/4340/1130 1100/4341/1130 1099/4342/1130
f 1089/4343/1131 1090/4344/1131 1101/4345/1131 1100/4346/1131
f 1090/4347/1132 1091/4348/1132 1102/4349/1132 1101/4350/1132
f 1091/4351/1133 1092/4352/1133 1103/4353/1133 1102/4354/1133
f 1092/4355/1134 1093/4356/1134 1104/4357/1134 1103/4358/1134
f 1093/4359/1135 1094/4360/1135 1105/4361/1135 1104/4362/1135
f 1094/4363/1136 1095/4364/1136 1106/4365/1136 1105/4366/1136
f 1107/4367/1137 1106/4368/1137 1095/4369/1137 1096/4370/1137
f 1108/4371/1138 1098/4372/1138 1097/4373/1138
f 1108/4374/1139 1097/4375/1139 1099/4376/1139
f 1108/4377/1140 1099/4378/1140 1100/4379/1140
f 1108/4380/1141 1100/4381/1141 1101/4382/1141
f 1108/4383/1142 1101/4384/1142 1102/4385/1142
f 1108/4386/1143 1102/4387/1143 1103/4388/1143
f 1108/4389/1144 1103/4390/1144 1104/4391/1144
f 1108/4392/1145 1104/4393/1145 1105/4394/1145
f 1108/4395/1146 1105/4396/1146 1106/4397/1146
f 1108/4398/1147 1106/4399/1147 1107/4400/1147
f 1109/4401/1148 1110/4402/1148 1111/4403/1148
f 1109/4404/1149 1111/4405/1149 1112/4406/1149
f 1109/4407/1150 1112/4408/1150 1113/4409/1150
f 1109/4410/1151 1113/4411/1151 1114/4412/1151
f 1109/4413/1152 1114/4414/1152 1115/4415/1152
f 1109/4416/1153 1115/4417/1153 1116/4418/1153
f 1109/4419/1154 1116/4420/1154 1117/4421/1154
f 1109/4422/1155 1117/4423/1155 1118/4424/1155
f 1109/4425/1156 1118/4426/1156 1119/4427/1156
f 1109/4428/1157 1119/4429/1157 1120/4430/1157
f 1121/4431/1158 1111/4432/1158 1110/4433/1158 1122/4434/1158
f 1111/4435/1159 1121/4436/1159 1123/4437/1159 1112/4438/1159
f 1112/4439/1160 1123/4440/1160 1124/4441/1160 1113/4442/1160
f 1113/4443/1161 1124/4444/1161 1125/4445/1161 1114/4446/1161
f 1114/4447/1162 1125/4448/1162 1126/4449/1162 1115/4450/1162
f 1115/4451/1163 1126/4452/1163 1127/4453/1163 1116/4454/1163
f 1116/4455/1164 1127/4456/1164 1128/4457/1164 1117/4458/1164
f 1117/4459/1165 1128/4460/1165 1129/4461/1165 1118/4462/1165
f 1118/4463/1166 1129/4464/1166 1130/4465/1166 1119/4466/1166
f 1131/4467/1167 1120/4468/1167 1119/4469/1167 1130/4470/1167
f 1132/4471/1168 1121/4472/1168 1122/4473/1168 1133/4474/1168
f 1121/4475/1169 1132/4476/1169 1134/4477/1169 1123/4478/1169
f 1123/4479/1170 1134/4480/1170 1135/4481/1170 1124/4482/1170
f 1124/4483/1171 1135/4484/1171 1136/4485/1171 1125/4486/1171
f 1125/4487/1172 1136/4488/1172 1137/4489/1172 1126/4490/1172
f 1126/4491/1173 1137/4492/1173 1138/4493/1173 1127/4494/1173
f 1127/4495/1174 1138/4496/1174 1139/4497/1174 1128/4498/1174
f 1128/4499/1175 1139/4500/1175 1140/4501/1175 1129/4502/1175
f 1129/4503/1176 1140/4504/1176 1141/4505/1176 1130/4506/1176
f 1142/4507/1177 1131/4508/1177 1130/4509/1177 1141/4510/1177
f 1143/4511/1178 1132/4512/1178 1133/4513/1178 1144/4514/1178
f 1132/4515/1179 1143/4516/1179 1145/4517/1179 1134/4518/1179
f 1134/4519/1180 1145/4520/1180 1146/4521/1180 1135/4522/1180
f 1135/4523/1181 1146/4524/1181 1147/4525/1181 1136/4526/1181
f 1136/4527/1182 1147/4528/1182 1148/4529/1182 1137/4530/1182
f 1137/4531/1183 1148/4532/1183 1149/4533/1183 1138/4534/1183
f 1138/4535/1184 1149/4536/1184 1150/4537/1184 1139/4538/1184
f 1139/4539/1185 1150/4540/1185 1151/4541/1185 1140/4542/1185
f 1140/4543/1186 1151/4544/1186 1152/4545/1186 1141/4546/1186
f 1153/4547/1187 1142/4548/1187 1141/4549/1187 1152/4550/1187
f 1154/4551/1188 1143/4552/1188 1144/4553/1188 1155/4554/1188
f 1143/4555/1189 1154/4556/1189 1156/4557/1189 1145/4558/1189
f 1145/4559/1190 1156/4560/1190 1157/4561/1190 1146/4562/1190
f 1146/4563/1191 1157/4564/1191 1158/4565/1191 1147/4566/1191
f 1147/4567/1192 1158/4568/1192 1159/4569/1192 1148/4570/1192
f 1148/4571/1193 1159/4572/1193 1160/4573/1193 1149/4574/1193
f 1149/4575/1194 1160/4576/1194 1161/4577/1194 1150/4578/1194
f 1150/4579/1195 1161/4580/1195 1162/4581/1195 1151/4582/1195
f 1151/4583/1196 1162/4584/1196 1163/4585/1196 1152/4586/1196
f 1164/4587/1197 1153/4588/1197 1152/4589/1197 1163/4590/1197
f 1165/4591/1198 1154/4592/1198 1155/4593/1198 1166/4594/1198
f 1154/4595/1199 1165/4596/1199 1167/4597/1199 1156/4598/1199
f 1156/4599/1200 1167/4600/1200 1168/4601/1200 1157/4602/1200
f 1157/4603/1201 1168/4604/1201 1169/4605/1201 1158/4606/1201
f 1158/4607/1202 1169/4608/1202 1170/4609/1202 1159/4610/1202
f 1159/4611/1203 1170/4612/1203 1171/4613/1203 1160/4614/1203
f 1160/4615/1204 1171/4616/1204 1172/4617/1204 1161/4618/1204
f 1161/4619/1205 1172/4620/1205 1173/4621/1205 1162/4622/1205
f 1162/4623/1206 1173/4624/1206 1174/4625/1206 1163/4626/1206
f 1175/4627/1207 1164/4628/1207 1163/4629/1207 1174/4630/1207
f 1176/4631/1208 1165/4632/1208 1166/4633/1208 1177/4634/1208
f 1165/4635/1209 1176/4636/1209 1178/4637/1209 1167/4638/1209
f 1167/4639/1210 1178/4640/1210 1179/4641/1210 1168/4642/1210
f 1168/4643/1211 1179/4644/1211 1180/4645/1211 1169/4646/1211
f 1169/4647/1212 1180/4648/1212 1181/4649/1212 1170/4650/1212
f 1170/4651/1213 1181/4652/1213 1182/4653/1213 1171/4654/1213
f 1171/4655/1214 1182/4656/1214 1183/4657/1214 1172/4658/1214
f 1172/4659/1215 1183/4660/1215 1184/4661/1215 1173/4662/1215
f 1173/4663/1216 1184/4664/1216 1185/4665/1216 1174/4666/1216
f 1186/4667/1217 1175/4668/1217 1174/4669/1217 1185/4670/1217
f 1187/4671/1218 1176/4672/1218 1177/4673/1218 1188/4674/1218
f 1176/4675/1219 1187/4676/1219 1189/4677/1219 1178/4678/1219
f 1178/4679/1220 1189/4680/1220 1190/4681/1220 1179/4682/1220
f 1179/4683/1221 1190/4684/1221 1191/4685/1221 1180/4686/1221
f 1180/4687/1222 1191/4688/1222 1192/4689/1222 1181/4690/1222
f 1181/4691/1223 1192/4692/1223 1193/4693/1223 1182/4694/1223
f 1182/4695/1224 1193/4696/1224 1194/4697/1224 1183/4698/1224
f 1183/4699/1225 1194/4700/1225 1195/4701/1225 1184/4702/1225
f 1184/4703/1226 1195/4704/1226 1196/4705/1226 1185/4706/1226
f 1197/4707/1227 1186/4708/1227 1185/4709/1227 1196/4710/1227
f 1198/4711/1228 1187/4712/1228 1188/4713/1228
f 1198/4714/1229 1189/4715/1229 1187/4716/1229
f 1198/4717/1230 1190/4718/1230 1189/4719/1230
f 1198/4720/1231 1191/4721/1231 1190/4722/1231
f 1198/4723/1232 1192/4724/1232 1191/4725/1232
f 1198/4726/1233 1193/4727/1233 1192/4728/1233
f 1198/4729/1234 1194/4730/1234 1193/4731/1234
f 1198/4732/1235 1195/4733/1235 1194/4734/1235
f 1198/4735/1236 1196/4736/1236 1195/4737/1236
f 1198/4738/1237 1197/4739/1237 1196/4740/1237
f 1199/4741/1238 1200/4742/1238 1201/4743/1238
f 1199/4744/1239 1201/4745/1239 1202/4746/1239
f 1199/4747/1240 1202/4748/1240 1203/4749/1240
f 1199/4750/1241 1203/4751/1241 1204/4752/1241
f 1199/4753/1242 1204/4754/1242 1205/4755/1242
f 1199/4756/1243 1205/4757/1243 1206/4758/1243
f 1199/4759/1244 1206/4760/1244 1207/4761/1244
f 1199/4762/1245 1207/4763/1245 1208/4764/1245
f 1199/4765/1246 1208/4766/1246 1209/4767/1246
f 1199/4768/1247 1209/4769/1247 1210/4770/1247
f 1211/4771/1248 1201/4772/1248 1200/4773/1248 1212/4774/1248
f 1201/4775/1249 1211/4776/1249 1213/4777/1249 1202/4778/1249
f 1202/4779/1250 1213/4780/1250 1214/4781/1250 1203/4782/1250
f 1203/4783/1251 1214/4784/1251 1215/4785/1251 1204/4786/1251
f 1204/4787/1252 1215/4788/1252 1216/4789/1252 1205/4790/1252
f 1205/4791/1253 1216/4792/1253 1217/4793/1253 1206/4794/1253
f 1206/4795/1254 1217/4796/1254 1218/4797/1254 1207/4798/1254
f 1207/4799/1255 1218/4800/1255 1219/4801/1255 1208/4802/1255
f 1208/4803/1256 1219/4804/1256 1220/4805/1256 1209/4806/1256
f 1221/4807/1257 1210/4808/1257 1209/4809/1257 1220/4810/1257
f 1222/4811/1258 1211/4812/1258 1212/4813/1258 1223/4814/1258
f 1211/4815/1259 1222/4816/1259 1224/4817/1259 1213/4818/1259
f 1213/4819/1260 1224/4820/1260 1225/4821/1260 1214/4822/1260
f 1214/4823/1261 1225/4824/1261 1226/4825/1261 1215/4826/1261
f 1215/4827/1262 1226/4828/1262 1227/4829/1262 1216/4830/1262
f 1216/4831/1263 1227/4832/1263 1228/4833/1263 1217/4834/1263
f 1217/4835/1264 1228/4836/1264 1229/4837/1264 1218/4838/1264
f 1218/4839/1265 1229/4840/1265 1230/4841/1265 1219/4842/1265
f 1219/4843/1266 1230/4844/1266 1231/4845/1266 1220/4846/1266
f 1232/4847/1267 1221/4848/1267 1220/4849/1267 1231/4850/1267
f 1233/4851/1268 1222/4852/1268 1223/4853/1268 1234/4854/1268
f 1222/4855/1269 1233/4856/1269 1235/4857/1269 1224/4858/1269
f 1224/4859/1270 1235/4860/1270 1236/4861/1270 1225/4862/1270
f 1225/4863/1271 1236/4864/1271 1237/4865/1271 1226/4866/1271
f 1226/4867/1272 1237/4868/1272 1238/4869/1272 1227/4870/1272
f 1227/4871/1273 1238/4872/1273 1239/4873/1273 1228/4874/1273
f 1228/4875/1274 1239/4876/1274 1240/4877/1274 1229/4878/1274
f 1229/4879/1275 1240/4880/1275 1241/4881/1275 1230/4882/1275
f 1230/4883/1276 1241/4884/1276 1242/4885/1276 1231/4886/1276
f 1243/4887/1277 1232/4888/1277 1231/4889/1277 1242/4890/1277
f 1244/4891/1278 1233/4892/1278 1234/4893/1278 1245/4894/1278
f 1233/4895/1279 1244/4896/1279 1246/4897/1279 1235/4898/1279
f 1235/4899/1280 1246/4900/1280 1247/4901/1280 1236/4902/1280
f 1236/4903/1281 1247/4904/1281 1248/4905/1281 1237/4906/1281
f 1237/4907/1282 1248/4908/1282 1249/4909/1282 1238/4910/1282
f 1238/4911/1283 1249/4912/1283 1250/4913/1283 1239/4914/1283
f 1239/4915/1284 1250/4916/1284 1251/4917/1284 1240/4918/1284
f 1240/4919/1285 1251/4920/1285 1252/4921/1285 1241/4922/1285
f 1241/4923/1286 1252/4924/1286 1253/4925/1286 1242/4926/1286
f 1254/4927/1287 1243/4928/1287 1242/4929/1287 1253/4930/1287
f 1255/4931/1288 1244/4932/1288 1245/4933/1288 1256/4934/1288
f 1244/4935/1289 1255/4936/1289 1257/4937/1289 1246/4938/1289
f 1246/4939/1290 1257/4940/1290 1258/4941/1290 1247/4942/1290
f 1247/4943/1291 1258/4944/1291 1259/4945/1291 1248/4946/1291
f 1248/4947/1292 1259/4948/1292 1260/4949/1292 1249/4950/1292
f 1249/4951/1293 1260/4952/1293 1261/4953/1293 1250/4954/1293
f 1250/4955/1294 1261/4956/1294 1262/4957/1294 1251/4958/1294
f 1251/4959/1295 1262/4960/1295 1263/4961/1295 1252/4962/1295
f 1252/4963/1296 1263/4964/1296 1264/4965/1296 1253/4966/1296
f 1265/4967/1297 1254/4968/1297 1253/4969/1297 1264/4970/1297
f 1266/4971/1298 1255/4972/1298 1256/4973/1298 1267/4974/1298
f 1255/4975/1299 1266/4976/1299 1268/4977/1299 1257/4978/1299
f 1257/4979/1300 1268/4980/1300 1269/4981/1300 1258/4982/1300
f 1258/4983/1301 1269/4984/1301 1270/4985/1301 1259/4986/1301
f 1259/4987/1302 1270/4988/1302 1271/4989/1302 1260/4990/1302
f 1260/4991/1303 1271/4992/1303 1272/4993/1303 1261/4994/1303
f 1261/4995/1304 1272/4996/1304 1273/4997/1304 1262/4998/1304
f 1262/4999/1305 1273/5000/1305 1274/5001/1305 1263/5002/1305
f 1263/5003/1306 1274/5004/1306 1275/5005/1306 1264/5006/1306
f 1276/5007/1307 1265/5008/1307 1264/5009/1307 1275/5010/1307
f 1277/5011/1308 1266/5012/1308 1267/5013/1308 1278/5014/1308
f 1266/5015/1309 1277/5016/1309 1279/5017/1309 1268/5018/1309
f 1268/5019/1310 1279/5020/1310 1280/5021/1310 1269/5022/1310
f 1269/5023/1311 1280/5024/1311 1281/5025/1311 1270/5026/1311
f 1270/5027/1312 1281/5028/1312 1282/5029/1312 1271/5030/1312
f 1271/5031/1313 1282/5032/1313 1283/5033/1313 1272/5034/1313
f 1272/5035/1314 1283/5036/1314 1284/5037/1314 1273/5038/1314
f 1273/5039/1315 1284/5040/1315 1285/5041/1315 1274/5042/1315
f 1274/5043/1316 1285/5044/1316 1286/5045/1316 1275/5046/1316
f 1287/5047/1317 1276/5048/1317 1275/5049/1317 1286/5050/1317
f 1288/5051/1318 1277/5052/1318 1278/5053/1318
f 1288/5054/1319 1279/5055/1319 1277/5056/1319
f 1288/5057/1320 1280/5058/1320 1279/5059/1320
f 1288/5060/1321 1281/5061/1321 1280/5062/1321
f 1288/5063/1322 1282/5064/1322 1281/5065/1322
f 1288/5066/1323 1283/5067/1323 1282/5068/1323
f 1288/5069/1324 1284/5070/1324 1283/5071/1324
f 1288/5072/1325 1285/5073/1325 1284/5074/1325
f 1288/5075/1326 1286/5076/1326 1285/5077/1326
f 1288/5078/1327 1287/5079/1327 1286/5080/1327
f 1289/5081/1328 1290/5082/1328 1291/5083/1328
f 1289/5084/1329 1292/5085/1329 1290/5086/1329
f 1289/5087/1330 1293/5088/1330 1292/5089/1330
f 1289/5090/1331 1294/5091/1331 1293/5092/1331
f 1289/5093/1332 1295/5094/1332 1294/5095/1332
f 1289/5096/1333 1296/5097/1333 1295/5098/1333
f 1289/5099/1334 1297/5100/1334 1296/5101/1334
f 1289/5102/1335 1298/5103/1335 1297/5104/1335
f 1289/5105/1336 1299/5106/1336 1298/5107/1336
f 1289/5108/1337 1300/5109/1337 1299/5110/1337
f 1301/5111/1338 1302/5112/1338 1291/5113/1338 1290/5114/1338
f 1290/5115/1339 1292/5116/1339 1303/5117/1339 1301/5118/1339
f 1292/5119/1340 1293/5120/1340 1304/5121/1340 1303/5122/1340
f 1293/5123/1341 1294/5124/1341 1305/5125/1341 1304/5126/1341
f 1294/5127/1342 1295/5128/1342 1306/5129/1342 1305/5130/1342
f 1295/5131/1343 1296/5132/1343 1307/5133/1343 1306/5134/1343
f 1296/5135/1344 1297/5136/1344 1308/5137/1344 1307/5138/1344
f 1297/5139/1345 1298/5140/1345 1309/5141/1345 1308/5142/1345
f 1298/5143/1346 1299/5144/1346 1310/5145/1346 1309/5146/1346
f 1311/5147/1347 1310/5148/1347 1299/5149/1347 1300/5150/1347
f 1312/5151/1348 1313/5152/1348 1302/5153/1348 1301/5154/1348
f 1301/5155/1349 1303/5156/1349 1314/5157/1349 1312/5158/1349
f 1303/5159/1350 1304/5160/1350 1315/5161/1350 1314/5162/1350
f 1304/5163/1351 1305/5164/1351 1316/5165/1351 1315/5166/1351
f 1305/5167/1352 1306/5168/1352 1317/5169/1352 1316/5170/1352
f 1306/5171/1353 1307/5172/1353 1318/5173/1353 1317/5174/1353
f 1307/5175/1354 1308/5176/1354 1319/5177/1354 1318/5178/1354
f 1308/5179/1355 1309/5180/1355 1320/5181/1355 1319/5182/1355
f 1309/5183/1356 1310/5184/1356 1321/5185/1356 1320/5186/1356
f 1322/5187/1357 1321/5188/1357 1310/5189/1357 1311/5190/1357
f 1323/5191/1358 1324/5192/1358 1313/5193/1358 1312/5194/1358
f 1312/5195/1359 1314/5196/1359 1325/5197/1359 1323/5198/1359
f 1314/5199/1360 1315/5200/1360 1326/5201/1360 1325/5202/1360
f 1315/5203/1361 1316/5204/1361 1327/5205/1361 1326/5206/1361
f 1316/5207/1362 1317/5208/1362 1328/5209/1362 1327/5210/1362
f 1317/5211/1363 1318/5212/1363 1329/5213/1363 1328/5214/1363
f 1318/5215/1364 1319/5216/1364 1330/5217/1364 1329/5218/1364
f 1319/5219/1365 1320/5220/1365 1331/5221/1365 1330/5222/1365
f 1320/5223/1366 1321/5224/1366 1332/5225/1366 1331/5226/1366
f 1333/5227/1367 1332/5228/1367 1321/5229/1367 1322/5230/1367
f 1334/5231/1368 1335/5232/1368 1324/5233/1368 1323/5234/1368
f 1323/5235/1369 1325/5236/1369 1336/5237/1369 1334/5238/1369
f 1325/5239/1370 1326/5240/1370 1337/5241/1370 1336/5242/1370
f 1326/5243/1371 1327/5244/1371 1338/5245/1371 1337/5246/1371
f 1327/5247/1372 1328/5248/1372 1339/5249/1372 1338/5250/1372
f 1328/5251/1373 1329/5252/1373 1340/5253/1373 1339/5254/1373
f 1329/5255/1374 1330/5256/1374 1341/5257/1374 1340/5258/1374
f 1330/5259/1375 1331/5260/1375 1342/5261/1375 1341/5262/1375
f 1331/5263/1376 1332/5264/1376 1343/5265/1376 1342/5266/1376
f 1344/5267/1377 1343/5268/1377 1332/5269/1377 1333/5270/1377
f 1345/5271/1378 1346/5272/1378 1335/5273/1378 1334/5274/1378
f 1334/5275/1379 1336/5276/1379 1347/5277/1379 1345/5278/1379
f 1336/5279/1380 1337/5280/1380 1348/5281/1380 1347/5282/1380
f 1337/5283/1381 1338/5284/1381 1349/5285/1381 1348/5286/1381
f 1338/5287/1382 1339/5288/1382 1350/5289/1382 1349/5290/1382
f 1339/5291/1383 1340/5292/1383 1351/5293/1383 1350/5294/1383
f 1340/5295/1384 1341/5296/1384 1352/5297/1384 1351/5298/1384
f 1341/5299/1385 1342/5300/1385 1353/5301/1385 1352/5302/1385
f 1342/5303/1386 1343/5304/1386 1354/5305/1386 1353/5306/1386
f 1355/5307/1387 1354/5308/1387 1343/5309/1387 1344/5310/1387
f 1356/5311/1388 1357/5312/1388 1346/5313/1388 1345/5314/1388
f 1345/5315/1389 1347/5316/1389 1358/5317/1389 1356/5318/1389
f 1347/5319/1390 1348/5320/1390 1359/5321/1390 1358/5322/1390
f 1348/5323/1391 1349/5324/1391 1360/5325/1391 1359/5326/1391
f 1349/5327/1392 1350/5328/1392 1361/5329/1392 1360/5330/1392
f 1350/5331/1393 1351/5332/1393 1362/5333/1393 1361/5334/1393
f 1351/5335/1394 1352/5336/1394 1363/5337/1394 1362/5338/1394
f 1352/5339/1395 1353/5340/1395 1364/5341/1395 1363/5342/1395
f 1353/5343/1396 1354/5344/1396 1365/5345/1396 1364/5346/1396
f 1366/5347/1397 1365/5348/1397 1354/5349/1397 1355/5350/1397
f 1367/5351/1398 1368/5352/1398 1357/5353/1398 1356/5354/1398
f 1356/5355/1399 1358/5356/1399 1369/5357/1399 1367/5358/1399
f 1358/5359/1400 1359/5360/1400 1370/5361/1400 1369/5362/1400
f 1359/5363/1401 1360/5364/1401 1371/5365/1401 1370/5366/1401
f 1360/5367/1402 1361/5368/1402 1372/5369/1402 1371/5370/1402
f 1361/5371/1403 1362/5372/1403 1373/5373/1403 1372/5374/1403
f 1362/5375/1404 1363/5376/1404 1374/5377/1404 1373/5378/1404
f 1363/5379/1405 1364/5380/1405 1375/5381/1405 1374/5382/1405
f 1364/5383/1406 1365/5384/1406 1376/5385/1406 1375/5386/1406
f 1377/5387/1407 1376/5388/1407 1365/5389/1407 1366/5390/1407
f 1378/5391/1408 1368/5392/1408 1367/5393/1408
f 1378/5394/1409 1367/5395/1409 1369/5396/1409
f 1378/5397/1410 1369/5398/1410 1370/5399/1410
f 1378/5400/1411 1370/5401/1411 1371/5402/1411
f 1378/5403/1412 1371/5404/1412 1372/5405/1412
f 1378/5406/1413 1372/5407/1413 1373/5408/1413
f 1378/5409/1414 1373/5410/1414 1374/5411/1414
f 1378/5412/1415 1374/5413/1415 1375/5414/1415
f 1378/5415/1416 1375/5416/1416 1376/5417/1416
f 1378/5418/1417 1376/5419/1417 1377/5420/1417
f 1379/5421/1418 1380/5422/1418 1381/5423/1418
f 1379/5424/1419 1381/5425/1419 1382/5426/1419
f 1379/5427/1420 1382/5428/1420 1383/5429/1420
f 1379/5430/1421 1383/5431/1421 1384/5432/1421
f 1379/5433/1422 1384/5434/1422 1385/5435/1422
f 1379/5436/1423 1385/5437/1423 1386/5438/1423
f 1379/5439/1424 1386/5440/1424 1387/5441/1424
f 1379/5442/1425 1387/5443/1425 1388/5444/1425
f 1379/5445/1426 1388/5446/1426 1389/5447/1426
f 1379/5448/1427 1389/5449/1427 1390/5450/1427
f 1391/5451/1428 1381/5452/1428 1380/5453/1428 1392/5454/1428
f 1381/5455/1429 1391/5456/1429 1393/5457/1429 1382/5458/1429
f 1382/5459/1430 1393/5460/1430 1394/5461/1430 1383/5462/1430
f 1383/5463/1431 1394/5464/1431 1395/5465/1431 1384/5466/1431
f 1384/5467/1432 1395/5468/1432 1396/5469/1432 1385/5470/1432
f 1385/5471/1433 1396/5472/1433 1397/5473/1433 1386/5474/1433
f 1386/5475/1434 1397/5476/1434 1398/5477/1434 1387/5478/1434
f 1387/5479/1435 1398/5480/1435 1399/5481/1435 1388/5482/1435
f 1388/5483/1436 1399/5484/1436 1400/5485/1436 1389/5486/1436
f 1401/5487/1437 1390/5488/1437 1389/5489/1437 1400/5490/1437
f 1402/5491/1438 1391/5492/1438 1392/5493/1438 1403/5494/1438
f 1391/5495/1439 1402/5496/1439 1404/5497/1439 1393/5498/1439
f 1393/5499/1440 1404/5500/1440 1405/5501/1440 1394/5502/1440
f 1394/5503/1441 1405/5504/1441 1406/5505/1441 1395/5506/1441
f 1395/5507/1442 1406/5508/1442 1407/5509/1442 1396/5510/1442
f 1396/5511/1443 1407/5512/1443 1408/5513/1443 1397/5514/1443
f 1397/5515/1444 1408/5516/1444 1409/5517/1444 1398/5518/1444
f 1398/5519/1445 1409/5520/1445 1410/5521/1445 1399/5522/1445
f 1399/5523/1446 1410/5524/1446 1411/5525/1446 1400/5526/1446
f 1412/5527/1447 1401/5528/1447 1400/5529/1447 1411/5530/1447
f 1413/5531/1448 1402/5532/1448 1403/5533/1448 1414/5534/1448
f 1402/5535/1449 1413/5536/1449 1415/5537/1449 1404/5538/1449
f 1404/5539/1450 1415/5540/1450 1416/5541/1450 1405/5542/1450
f 1405/5543/1451 1416/5544/1451 1417/5545/1451 1406/5546/1451
f 1406/5547/1452 1417/5548/1452 1418/5549/1452 1407/5550/1452
f 1407/5551/1453 1418/5552/1453 1419/5553/1453 1408/5554/1453
f 1408/5555/1454 1419/5556/1454 1420/5557/1454 1409/5558/1454
f 1409/5559/1455 1420/5560/1455 1421/5561/1455 1410/5562/1455
f 1410/5563/1456 1421/5564/1456 1422/5565/1456 1411/5566/1456
f 1423/5567/1457 1412/5568/1457 1411/5569/1457 1422/5570/1457
f 1424/5571/1458 1413/5572/1458 1414/5573/1458 1425/5574/1458
f 1413/5575/1459 1424/5576/1459 1426/5577/1459 1415/5578/1459
f 1415/5579/1460 1426/5580/1460 1427/5581/1460 1416/5582/1460
f 1416/5583/1461 1427/5584/1461 1428/5585/1461 1417/5586/1461
f 1417/5587/1462 1428/5588/1462 1429/5589/1462 1418/5590/1462
f 1418/5591/1463 1429/5592/1463 1430/5593/1463 1419/5594/1463
f 1419/5595/1464 1430/5596/1464 1431/5597/1464 1420/5598/1464
f 1420/5599/1465 1431/5600/1465 1432/5601/1465 1421/5602/1465
f 1421/5603/1466 1432/5604/1466 1433/5605/1466 1422/5606/1466
f 1434/5607/1467 1423/5608/1467 1422/5609/1467 1433/5610/1467
f 1435/5611/1468 1424/5612/1468 1425/5613/1468 1436/5614/1468
f 1424/5615/1469 1435/5616/1469 1437/5617/1469 1426/5618/1469
f 1426/5619/1470 1437/5620/1470 1438/5621/1470 1427/5622/1470
f 1427/5623/1471 1438/5624/1471 1439/5625/1471 1428/5626/1471
f 1428/5627/1472 1439/5628/1472 1440/5629/1472 1429/5630/1472
f 1429/5631/1473 1440/5632/1473 1441/5633/1473 1430/5634/1473
f 1430/5635/1474 1441/5636/1474 1442/5637/1474 1431/5638/1474
f 1431/5639/1475 1442/5640/1475 1443/5641/1475 1432/5642/1475
f 1432/5643/1476 1443/5644/1476 1444/5645/1476 1433/5646/1476
f 1445/5647/1477 1434/5648/1477 1433/5649/1477 1444/5650/1477
f 1446/5651/1478 1435/5652/1478 1436/5653/1478 1447/5654/1478
f 1435/5655/1479 1446/5656/1479 1448/5657/1479 1437/5658/1479
f 1437/5659/1480 1448/5660/1480 1449/5661/1480 1438/5662/1480
f 1438/5663/1481 1449/5664/1481 1450/5665/1481 1439/5666/1481
f 1439/5667/1482 1450/5668/1482 1451/5669/1482 1440/5670/1482
f 1440/5671/1483 1451/5672/1483 1452/5673/1483 1441/5674/1483
f 1441/5675/1484 1452/5676/1484 1453/5677/1484 1442/5678/1484
f 1442/5679/1485 1453/5680/1485 1454/5681/1485 1443/5682/1485
f 1443/5683/1486 1454/5684/1486 1455/5685/1486 1444/5686/1486
f 1456/5687/1487 1445/5688/1487 1444/5689/1487 1455/5690/1487
f 1457/5691/1488 1446/5692/1488 1447/5693/1488 1458/5694/1488
f 1446/5695/1489 1457/5696/1489 1459/5697/1489 1448/5698/1489
f 1448/5699/1490 1459/5700/1490 1460/5701/1490 1449/5702/1490
f 1449/5703/1491 1460/5704/1491 1461/5705/1491 1450/5706/1491
f 1450/5707/1492 1461/5708/1492 1462/5709/1492 1451/5710/1492
f 1451/5711/1493 1462/5712/1493 1463/5713/1493 1452/5714/1493
f 1452/5715/1494 1463/5716/1494 1464/5717/1494 1453/5718/1494
f 1453/5719/1495 1464/5720/1495 1465/5721/1495 1454/5722/1495
f 1454/5723/1496 1465/5724/1496 1466/5725/1496 1455/5726/1496
f 1467/5727/1497 1456/5728/1497 1455/5729/1497 1466/5730/1497
f 1468/5731/1498 1457/5732/1498 1458/5733/1498
f 1468/5734/1499 1459/5735/1499 1457/5736/1499
f 1468/5737/1500 1460/5738/1500 1459/5739/1500
f 1468/5740/1501 1461/5741/1501 1460/5742/1501
f 1468/5743/1502 1462/5744/1502 1461/5745/1502
f 1468/5746/1503 1463/5747/1503 1462/5748/1503
f 1468/5749/1504 1464/5750/1504 1463/5751/1504
f 1468/5752/1505 1465/5753/1505 1464/5754/1505
f 1468/5755/1506 1466/5756/1506 1465/5757/1506
f 1468/5758/1507 1467/5759/1507 1466/5760/1507
f 1469/5761/1508 1470/5762/1508 1471/5763/1508
f 1469/5764/1509 1472/5765/1509 1470/5766/1509
f 1469/5767/1510 1473/5768/1510 1472/5769/1510
f 1469/5770/1511 1474/5771/1511 1473/5772/1511
f 1469/5773/1512 1475/5774/1512 1474/5775/1512
f 1469/5776/1513 1476/5777/1513 1475/5778/1513
f 1469/5779/1514 1477/5780/1514 1476/5781/1514
f 1469/5782/1515 1478/5783/1515 1477/5784/1515
f 1469/5785/1516 1479/5786/1516 1478/5787/1516
f 1469/5788/1517 1480/5789/1517 1479/5790/1517
f 1469/5791/1518 1481/5792/1518 1480/5793/1518
f 1482/5794/1519 1483/5795/1519 1471/5796/1519 1470/5797/1519
f 1470/5798/1520 1472/5799/1520 1484/5800/1520 1482/5801/1520
f 1472/5802/1521 1473/5803/1521 1485/5804/1521 1484/5805/1521
f 1473/5806/1522 1474/5807/1522 1486/5808/1522 1485/5809/1522
f 1474/5810/1523 1475/5811/1523 1487/5812/1523 1486/5813/1523
f 1475/5814/1524 1476/5815/1524 1488/5816/1524 1487/5817/1524
f 1476/5818/1525 1477/5819/1525 1489/5820/1525 1488/5821/1525
f 1477/5822/1526 1478/5823/1526 1490/5824/1526 1489/5825/1526
f 1491/5826/1527 1490/5827/1527 1478/5828/1527 1479/5829/1527
f 1492/5830/1528 1491/5831/1528 1479/5832/1528 1480/5833/1528
f 1493/5834/1529 1492/5835/1529 1480/5836/1529 1481/5837/1529
f 1494/5838/1530 1495/5839/1530 1483/5840/1530 1482/5841/1530
f 1482/5842/1531 1484/5843/1531 1496/5844/1531 1494/5845/1531
f 1484/5846/1532 1485/5847/1532 1497/5848/1532 1496/5849/1532
f 1485/5850/1533 1486/5851/1533 1498/5852/1533 1497/5853/1533
f 1486/5854/1534 1487/5855/1534 1499/5856/1534 1498/5857/1534
f 1487/5858/1535 1488/5859/1535 1500/5860/1535 1499/5861/1535
f 1488/5862/1536 1489/5863/1536 1501/5864/1536 1500/5865/1536
f 1489/5866/1537 1490/5867/1537 1502/5868/1537 1501/5869/1537
f 1503/5870/1538 1502/5871/1538 1490/5872/1538 1491/5873/1538
f 1504/5874/1539 1503/5875/1539 1491/5876/1539 1492/5877/1539
f 1505/5878/1540 1504/5879/1540 1492/5880/1540 1493/5881/1540
f 1506/5882/1541 1507/5883/1541 1495/5884/1541 1494/5885/1541
f 1494/5886/1542 1496/5887/1542 1508/5888/1542 1506/5889/1542
f 1496/5890/1543 1497/5891/1543 1509/5892/1543 1508/5893/1543
f 1497/5894/1544 1498/5895/1544 1510/5896/1544 1509/5897/1544
f 1498/5898/1545 1499/5899/1545 1511/5900/1545 1510/5901/1545
f 1499/5902/1546 1500/5903/1546 1512/5904/1546 1511/5905/1546
f 1500/5906/1547 1501/5907/1547 1513/5908/1547 1512/5909/1547
f 1501/5910/1548 1502/5911/1548 1514/5912/1548 1513/5913/1548
f 1515/5914/1549 1514/5915/1549 1502/5916/1549 1503/5917/1549
f 1516/5918/1550 1515/5919/1550 1503/5920/1550 1504/5921/1550
f 1517/5922/1551 1516/5923/1551 1504/5924/1551 1505/5925/1551
f 1518/5926/1552 1519/5927/1552 1507/5928/1552 1506/5929/1552
f 1506/5930/1553 1508/5931/1553 1520/5932/1553 1518/5933/1553
f 1508/5934/1554 1509/5935/1554 1521/5936/1554 1520/5937/1554
f 1509/5938/1555 1510/5939/1555 1522/5940/1555 1521/5941/1555
f 1510/5942/1556 1511/5943/1556 1523/5944/1556 1522/5945/1556
f 1511/5946/1557 1512/5947/1557 1524/5948/1557 1523/5949/1557
f 1512/5950/1558 1513/5951/1558 1525/5952/1558 1524/5953/1558
f 1513/5954/1559 1514/5955/1559 1526/5956/1559 1525/5957/1559
f 1515/5958/1560 1527/5959/1560 1516/5960/1560 1514/5961/1560
f 1514/5962/1561 1527/5963/1561 1526/5964/1561
f 1528/5965/1562 1527/5966/1562 1516/5967/1562 1517/5968/1562
f 1529/5969/1563 1530/5970/1563 1519/5971/1563 1518/5972/1563
f 1518/5973/1564 1520/5974/1564 1531/5975/1564 1529/5976/1564
f 1520/5977/1565 1521/5978/1565 1532/5979/1565 1531/5980/1565
f 1521/5981/1566 1522/5982/1566 1533/5983/1566 1532/5984/1566
f 1522/5985/1567 1523/5986/1567 1534/5987/1567 1533/5988/1567
f 1523/5989/1568 1524/5990/1568 1535/5991/1568 1534/5992/1568
f 1524/5993/1569 1525/5994/1569 1536/5995/1569 1535/5996/1569
f 1525/5997/1570 1526/5998/1570 1537/5999/1570 1536/6000/1570
f 1527/6001/1571 1538/6002/1571 1539/6003/1571 1526/6004/1571
f 1526/6005/1572 1539/6006/1572 1537/6007/1572
f 1540/6008/1573 1538/6009/1573 1527/6010/1573 1528/6011/1573
f 1541/6012/1574 1542/6013/1574 1530/6014/1574 1529/6015/1574
f 1529/6016/1575 1531/6017/1575 1543/6018/1575 1541/6019/1575
f 1531/6020/1576 1532/6021/1576 1544/6022/1576 1543/6023/1576
f 1532/6024/1577 1533/6025/1577 1545/6026/1577 1544/6027/1577
f 1533/6028/1578 1534/6029/1578 1546/6030/1578 1545/6031/1578
f 1534/6032/1579 1535/6033/1579 1547/6034/1579 1546/6035/1579
f 1535/6036/1580 1536/6037/1580 1548/6038/1580 1547/6039/1580
f 1536/6040/1581 1537/6041/1581 1549/6042/1581 1548/6043/1581
f 1550/6044/1582 1549/6045/1582 1537/6046/1582 1539/6047/1582
f 1551/6048/1583 1550/6049/1583 1539/6050/1583 1538/6051/1583
f 1552/6052/1584 1551/6053/1584 1538/6054/1584 1540/6055/1584
f 1553/6056/1585 1554/6057/1585 1542/6058/1585 1541/6059/1585
f 1541/6060/1586 1543/6061/1586 1555/6062/1586 1553/6063/1586
f 1543/6064/1587 1544/6065/1587 1556/6066/1587 1555/6067/1587
f 1544/6068/1588 1545/6069/1588 1557/6070/1588 1556/6071/1588
f 1545/6072/1589 1546/6073/1589 1558/6074/1589 1557/6075/1589
f 1546/6076/1590 1547/6077/1590 1559/6078/1590 1558/6079/1590
f 1547/6080/1591 1548/6081/1591 1560/6082/1591 1559/6083/1591
f 1548/6084/1592 1549/6085/1592 1561/6086/1592 1560/6087/1592
f 1562/6088/1593 1561/6089/1593 1549/6090/1593 1550/6091/1593
f 1563/6092/1594 1562/6093/1594 1550/6094/1594 1551/6095/1594
f 1564/6096/1595 1563/6097/1595 1551/6098/1595 1552/6099/1595
f 1565/6100/1596 1554/6101/1596 1553/6102/1596
f 1565/6103/1597 1553/6104/1597 1555/6105/1597
f 1565/6106/1598 1555/6107/1598 1556/6108/1598
f 1565/6109/1599 1556/6110/1599 1557/6111/1599
f 1565/6112/1600 1557/6113/1600 1558/6114/1600
f 1565/6115/1601 1558/6116/1601 1559/6117/1601
f 1565/6118/1602 1559/6119/1602 1560/6120/1602
f 1565/6121/1603 1560/6122/1603 1561/6123/1603
f 1565/6124/1604 1561/6125/1604 1562/6126/1604
f 1565/6127/1605 1562/6128/1605 1563/6129/1605
f 1565/6130/1606 1563/6131/1606 1564/6132/1606
f 1566/6133/1607 1567/6134/1607 1568/6135/1607
f 1566/6136/1608 1568/6137/1608 1569/6138/1608
f 1566/6139/1609 1569/6140/1609 1570/6141/1609
f 1566/6142/1610 1570/6143/1610 1571/6144/1610
f 1566/6145/1611 1571/6146/1611 1572/6147/1611
f 1566/6148/1612 1572/6149/1612 1573/6150/1612
f 1566/6151/1613 1573/6152/1613 1574/6153/1613
f 1566/6154/1614 1574/6155/1614 1575/6156/1614
f 1566/6157/1615 1575/6158/1615 1576/6159/1615
f 1566/6160/1616 1576/6161/1616 1577/6162/1616
f 1578/6163/1617 1568/6164/1617 1567/6165/1617 1579/6166/1617
f 1568/6167/1618 1578/6168/1618 1580/6169/1618 1569/6170/1618
f 1569/6171/1619 1580/6172/1619 1581/6173/1619 1570/6174/1619
f 1570/6175/1620 1581/6176/1620 1582/6177/1620 1571/6178/1620
f 1571/6179/1621 1582/6180/1621 1583/6181/1621 1572/6182/1621
f 1572/6183/1622 1583/6184/1622 1584/6185/1622 1573/6186/1622
f 1573/6187/1623 1584/6188/1623 1585/6189/1623 1574/6190/1623
f 1574/6191/1624 1585/6192/1624 1586/6193/1624 1575/6194/1624
f 1575/6195/1625 1586/6196/1625 1587/6197/1625 1576/6198/1625
f 1588/6199/1626 1577/6200/1626 1576/6201/1626 1587/6202/1626
f 1589/6203/1627 1578/6204/1627 1579/6205/1627 1590/6206/1627
f 1578/6207/1628 1589/6208/1628 1591/6209/1628 1580/6210/1628
f 1580/6211/1629 1591/6212/1629 1592/6213/1629 1581/6214/1629
f 1581/6215/1630 1592/6216/1630 1593/6217/1630 1582/6218/1630
f 1582/6219/1631 1593/6220/1631 1594/6221/1631 1583/6222/1631
f 1583/6223/1632 1594/6224/1632 1595/6225/1632 1584/6226/1632
f 1584/6227/1633 1595/6228/1633 1596/6229/1633 1585/6230/1633
f 1585/6231/1634 1596/6232/1634 1597/6233/1634 1586/6234/1634
f 1586/6235/1635 1597/6236/1635 1598/6237/1635 1587/6238/1635
f 1599/6239/1636 1588/6240/1636 1587/6241/1636 1598/6242/1636
f 1600/6243/1637 1589/6244/1637 1590/6245/1637 1601/6246/1637
f 1589/6247/1638 1600/6248/1638 1602/6249/1638 1591/6250/1638
f 1591/6251/1639 1602/6252/1639 1603/6253/1639 1592/6254/1639
f 1592/6255/1640 1603/6256/1640 1604/6257/1640 1593/6258/1640
f 1593/6259/1641 1604/6260/1641 1605/6261/1641 1594/6262/1641
f 1594/6263/1642 1605/6264/1642 1606/6265/1642 1595/6266/1642
f 1595/6267/1643 1606/6268/1643 1607/6269/1643 1596/6270/1643
f 1596/6271/1644 1607/6272/1644 1608/6273/1644 1597/6274/1644
f 1597/6275/1645 1608/6276/1645 1609/6277/1645 1598/6278/1645
f 1610/6279/1646 1599/6280/1646 1598/6281/1646 1609/6282/1646
f 1611/6283/1647 1600/6284/1647 1601/6285/1647 1612/6286/1647
f 1600/6287/1648 1611/6288/1648 1613/6289/1648 1602/6290/1648
f 1602/6291/1649 1613/6292/1649 1614/6293/1649 1603/6294/1649
f 1603/6295/1650 1614/6296/1650 1615/6297/1650 1604/6298/1650
f 1604/6299/1651 1615/6300/1651 1616/6301/1651 1605/6302/1651
f 1605/6303/1652 1616/6304/1652 1617/6305/1652 1606/6306/1652
f 1606/6307/1653 1617/6308/1653 1618/6309/1653 1607/6310/1653
f 1607/6311/1654 1618/6312/1654 1619/6313/1654 1608/6314/1654
f 1608/6315/1655 1619/6316/1655 1620/6317/1655 1609/6318/1655
f 1621/6319/1656 1610/6320/1656 1609/6321/1656 1620/6322/1656
f 1622/6323/1657 1611/6324/1657 1612/6325/1657 1623/6326/1657
f 1611/6327/1658 1622/6328/1658 1624/6329/1658 1613/6330/1658
f 1613/6331/1659 1624/6332/1659 1625/6333/1659 1614/6334/1659
f 1614/6335/1660 1625/6336/1660 1626/6337/1660 1615/6338/1660
f 1615/6339/1661 1626/6340/1661 1627/6341/1661 1616/6342/1661
f 1616/6343/1662 1627/6344/1662 1628/6345/1662 1617/6346/1662
f 1617/6347/1663 1628/6348/1663 1629/6349/1663 1618/6350/1663
f 1618/6351/1664 1629/6352/1664 1630/6353/1664 1619/6354/1664
f 1619/6355/1665 1630/6356/1665 1631/6357/1665 1620/6358/1665
f 1632/6359/1666 1621/6360/1666 1620/6361/1666 1631/6362/1666
f 1633/6363/1667 1622/6364/1667 1623/6365/1667 1634/6366/1667
f 1622/6367/1668 1633/6368/1668 1635/6369/1668 1624/6370/1668
f 1624/6371/1669 1635/6372/1669 1636/6373/1669 1625/6374/1669
f 1625/6375/1670 1636/6376/1670 1637/6377/1670 1626/6378/1670
f 1626/6379/1671 1637/6380/1671 1638/6381/1671 1627/6382/1671
f 1627/6383/1672 1638/6384/1672 1639/6385/1672 1628/6386/1672
f 1628/6387/1673 1639/6388/1673 1640/6389/1673 1629/6390/1673
f 1629/6391/1674 1640/6392/1674 1641/6393/1674 1630/6394/1674
f 1630/6395/1675 1641/6396/1675 1642/6397/1675 1631/6398/1675
f 1643/6399/1676 1632/6400/1676 1631/6401/1676 1642/6402/1676
f 1644/6403/1677 1633/6404/1677 1634/6405/1677 1645/6406/1677
f 1633/6407/1678 1644/6408/1678 1646/6409/1678 1635/6410/1678
f 1635/6411/1679 1646/6412/1679 1647/6413/1679 1636/6414/1679
f 1636/6415/1680 1647/6416/1680 1648/6417/1680 1637/6418/1680
f 1637/6419/1681 1648/6420/1681 1649/6421/1681 1638/6422/1681
f 1638/6423/1682 1649/6424/1682 1650/6425/1682 1639/6426/1682
f 1639/6427/1683 1650/6428/1683 1651/6429/1683 1640/6430/1683
f 1640/6431/1684 1651/6432/1684 1652/6433/1684 1641/6434/1684
f 1641/6435/1685 1652/6436/1685 1653/6437/1685 1642/6438/1685
f 1654/6439/1686 1643/6440/1686 1642/6441/1686 1653/6442/1686
f 1655/6443/1687 1644/6444/1687 1645/6445/1687
f 1655/6446/1688 1646/6447/1688 1644/6448/1688
f 1655/6449/1689 1647/6450/1689 1646/6451/1689
f 1655/6452/1690 1648/6453/1690 1647/6454/1690
f 1655/6455/1691 1649/6456/1691 1648/6457/1691
f 1655/6458/1692 1650/6459/1692 1649/6460/1692
f 1655/6461/1693 1651/6462/1693 1650/6463/1693
f 1655/6464/1694 1652/6465/1694 1651/6466/1694
f 1655/6467/1695 1653/6468/1695 1652/6469/1695
f 1655/6470/1696 1654/6471/1696 1653/6472/1696
f 1656/6473/1697 1657/6474/1697 1658/6475/1697
f 1656/6476/1698 1658/6477/1698 1659/6478/1698
f 1656/6479/1699 1659/6480/1699 1660/6481/1699
f 1656/6482/1700 1660/6483/1700 1661/6484/1700
f 1656/6485/1701 1661/6486/1701 1662/6487/1701
f 1656/6488/1702 1662/6489/1702 1663/6490/1702
f 1656/6491/1703 1663/6492/1703 1664/6493/1703
f 1656/6494/1704 1664/6495/1704 1665/6496/1704
f 1656/6497/1705 1665/6498/1705 1666/6499/1705
f 1656/6500/1706 1666/6501/1706 1667/6502/1706
f 1668/6503/1707 1658/6504/1707 1657/6505/1707 1669/6506/1707
f 1658/6507/1708 1668/6508/1708 1670/6509/1708 1659/6510/1708
f 1659/6511/1709 1670/6512/1709 1671/6513/1709 1660/6514/1709
f 1660/6515/1710 1671/6516/1710 1672/6517/1710 1661/6518/1710
f 1661/6519/1711 1672/6520/1711 1673/6521/1711 1662/6522/1711
f 1662/6523/1712 1673/6524/1712 1/6525/1712 1663/6526/1712
f 1663/6527/1713 1/6528/1713 1674/6529/1713 1664/6530/1713
f 1664/6531/1714 1674/6532/1714 1675/6533/1714 1665/6534/1714
f 1665/6535/1715 1675/6536/1715 1676/6537/1715 1666/6538/1715
f 1677/6539/1716 1667/6540/1716 1666/6541/1716 1676/6542/1716
f 1678/6543/1717 1668/6544/1717 1669/6545/1717 1679/6546/1717
f 1668/6547/1718 1678/6548/1718 1680/6549/1718 1670/6550/1718
f 1670/6551/1719 1680/6552/1719 1681/6553/1719 1671/6554/1719
f 1671/6555/1720 1681/6556/1720 1682/6557/1720 1672/6558/1720
f 1672/6559/1721 1682/6560/1721 1683/6561/1721 1673/6562/1721
f 1673/6563/1722 1683/6564/1722 1684/6565/1722 1/6566/1722
f 1/6567/1723 1684/6568/1723 1685/6569/1723 1674/6570/1723
f 1674/6571/1724 1685/6572/1724 1686/6573/1724 1675/6574/1724
f 1675/6575/1725 1686/6576/1725 1687/6577/1725 1676/6578/1725
f 1688/6579/1726 1677/6580/1726 1676/6581/1726 1687/6582/1726
f 1689/6583/1727 1678/6584/1727 1679/6585/1727 1690/6586/1727
f 1678/6587/1728 1689/6588/1728 1691/6589/1728 1680/6590/1728
f 1680/6591/1729 1691/6592/1729 1692/6593/1729 1681/6594/1729
f 1681/6595/1730 1692/6596/1730 1693/6597/1730 1682/6598/1730
f 1682/6599/1731 1693/6600/1731 1694/6601/1731 1683/6602/1731
f 1683/6603/1732 1694/6604/1732 1695/6605/1732 1684/6606/1732
f 1684/6607/1733 1695/6608/1733 1696/6609/1733 1685/6610/1733
f 1685/6611/1734 1696/6612/1734 1697/6613/1734 1686/6614/1734
f 1686/6615/1735 1697/6616/1735 1698/6617/1735 1687/6618/1735
f 1699/6619/1736 1688/6620/1736 1687/6621/1736 1698/6622/1736
f 1700/6623/1737 1689/6624/1737 1690/6625/1737 1701/6626/1737
f 1689/6627/1738 1700/6628/1738 1702/6629/1738 1691/6630/1738
f 1691/6631/1739 1702/6632/1739 1703/6633/1739 1692/6634/1739
f 1692/6635/1740 1703/6636/1740 1704/6637/1740 1693/6638/1740
f 1693/6639/1741 1704/6640/1741 1705/6641/1741 1694/6642/1741
f 1694/6643/1742 1705/6644/1742 1706/6645/1742 1695/6646/1742
f 1695/6647/1743 1706/6648/1743 1707/6649/1743 1696/6650/1743
f 1696/6651/1744 1707/6652/1744 1708/6653/1744 1697/6654/1744
f 1697/6655/1745 1708/6656/1745 1709/6657/1745 1698/6658/1745
f 1710/6659/1746 1699/6660/1746 1698/6661/1746 1709/6662/1746
f 1711/6663/1747 1700/6664/1747 1701/6665/1747 1712/6666/1747
f 1700/6667/1748 1711/6668/1748 1713/6669/1748 1702/6670/1748
f 1702/6671/1749 1713/6672/1749 1714/6673/1749 1703/6674/1749
f 1703/6675/1750 1714/6676/1750 1715/6677/1750 1704/6678/1750
f 1704/6679/1751 1715/6680/1751 1716/6681/1751 1705/6682/1751
f 1705/6683/1752 1716/6684/1752 1717/6685/1752 1706/6686/1752
f 1706/6687/1753 1717/6688/1753 1718/6689/1753 1707/6690/1753
f 1707/6691/1754 1718/6692/1754 1719/6693/1754 1708/6694/1754
f 1708/6695/1755 1719/6696/1755 1720/6697/1755 1709/6698/1755
f 1721/6699/1756 1710/6700/1756 1709/6701/1756 1720/6702/1756
f 1722/6703/1757 1711/6704/1757 1712/6705/1757 1723/6706/1757
f 1711/6707/1758 1722/6708/1758 1724/6709/1758 1713/6710/1758
f 1713/6711/1759 1724/6712/1759 1725/6713/1759 1714/6714/1759
f 1714/6715/1760 1725/6716/1760 1726/6717/1760 1715/6718/1760
f 1715/6719/1761 1726/6720/1761 1727/6721/1761 1716/6722/1761
f 1716/6723/1762 1727/6724/1762 1728/6725/1762 1717/6726/1762
f 1717/6727/1763 1728/6728/1763 1729/6729/1763 1718/6730/1763
f 1718/6731/1764 1729/6732/1764 1730/6733/1764 1719/6734/1764
f 1719/6735/1765 1730/6736/1765 1731/6737/1765 1720/6738/1765
f 1732/6739/1766 1721/6740/1766 1720/6741/1766 1731/6742/1766
f 1733/6743/1767 1722/6744/1767 1723/6745/1767 1734/6746/1767
f 1722/6747/1768 1733/6748/1768 1735/6749/1768 1724/6750/1768
f 1724/6751/1769 1735/6752/1769 1736/6753/1769 1725/6754/1769
f 1725/6755/1770 1736/6756/1770 1737/6757/1770 1726/6758/1770
f 1726/6759/1771 1737/6760/1771 1738/6761/1771 1727/6762/1771
f 1727/6763/1772 1738/6764/1772 1739/6765/1772 1728/6766/1772
f 1728/6767/1773 1739/6768/1773 1740/6769/1773 1729/6770/1773
f 1729/6771/1774 1740/6772/1774 1741/6773/1774 1730/6774/1774
f 1730/6775/1775 1741/6776/1775 1742/6777/1775 1731/6778/1775
f 1743/6779/1776 1732/6780/1776 1731/6781/1776 1742/6782/1776
f 1744/6783/1777 1733/6784/1777 1734/6785/1777
f 1744/6786/1778 1735/6787/1778 1733/6788/1778
f 1744/6789/1779 1736/6790/1779 1735/6791/1779
f 1744/6792/1780 1737/6793/1780 1736/6794/1780
f 1744/6795/1781 1738/6796/1781 1737/6797/1781
f 1744/6798/1782 1739/6799/1782 1738/6800/1782
f 1744/6801/1783 1740/6802/1783 1739/6803/1783
f 1744/6804/1784 1741/6805/1784 1740/6806/1784
f 1744/6807/1785 1742/6808/1785 1741/6809/1785
f 1744/6810/1786 1743/6811/1786 1742/6812/1786
f 1745/6813/1787 1746/6814/1787 1747/6815/1787
f 1745/6816/1788 1748/6817/1788 1746/6818/1788
f 1745/6819/1789 1749/6820/1789 1748/6821/1789
f 1745/6822/1790 1750/6823/1790 1749/6824/1790
f 1745/6825/1791 1751/6826/1791 1750/6827/1791
f 1745/6828/1792 1752/6829/1792 1751/6830/1792
f 1745/6831/1793 1753/6832/1793 1752/6833/1793
f 1745/6834/1794 1754/6835/1794 1753/6836/1794
f 1745/6837/1795 1755/6838/1795 1754/6839/1795
f 1745/6840/1796 1756/6841/1796 1755/6842/1796
f 1757/6843/1797 1758/6844/1797 1747/6845/1797 1746/6846/1797
f 1746/6847/1798 1748/6848/1798 1759/6849/1798 1757/6850/1798
f 1748/6851/1799 1749/6852/1799 1760/6853/1799 1759/6854/1799
f 1749/6855/1800 1750/6856/1800 1761/6857/1800 1760/6858/1800
f 1750/6859/1801 1751/6860/1801 1762/6861/1801 1761/6862/1801
f 1751/6863/1802 1752/6864/1802 1763/6865/1802 1762/6866/1802
f 1752/6867/1803 1753/6868/1803 1764/6869/1803 1763/6870/1803
f 1753/6871/1804 1754/6872/1804 1765/6873/1804 1764/6874/1804
f 1754/6875/1805 1755/6876/1805 1766/6877/1805 1765/6878/1805
f 1767/6879/1806 1766/6880/1806 1755/6881/1806 1756/6882/1806
f 1768/6883/1807 1769/6884/1807 1758/6885/1807 1757/6886/1807
f 1757/6887/1808 1759/6888/1808 1770/6889/1808 1768/6890/1808
f 1759/6891/1809 1760/6892/1809 1771/6893/1809 1770/6894/1809
f 1760/6895/1810 1761/6896/1810 1772/6897/1810 1771/6898/1810
f 1761/6899/1811 1762/6900/1811 1773/6901/1811 1772/6902/1811
f 1762/6903/1812 1763/6904/1812 1774/6905/1812 1773/6906/1812
f 1763/6907/1813 1764/6908/1813 1775/6909/1813 1774/6910/1813
f 1764/6911/1814 1765/6912/1814 1776/6913/1814 1775/6914/1814
f 1765/6915/1815 1766/6916/1815 1777/6917/1815 1776/6918/1815
f 1778/6919/1816 1777/6920/1816 1766/6921/1816 1767/6922/1816
f 1779/6923/1817 1780/6924/1817 1769/6925/1817 1768/6926/1817
f 1768/6927/1818 1770/6928/1818 1781/6929/1818 1779/6930/1818
f 1770/6931/1819 1771/6932/1819 1782/6933/1819 1781/6934/1819
f 1771/6935/1820 1772/6936/1820 1783/6937/1820 1782/6938/1820
f 1772/6939/1821 1773/6940/1821 1784/6941/1821 1783/6942/1821
f 1773/6943/1822 1774/6944/1822 1785/6945/1822 1784/6946/1822
f 1774/6947/1823 1775/6948/1823 1786/6949/1823 1785/6950/1823
f 1775/6951/1824 1776/6952/1824 1787/6953/1824 1786/6954/1824
f 1776/6955/1825 1777/6956/1825 1788/6957/1825 1787/6958/1825
f 1789/6959/1826 1788/6960/1826 1777/6961/1826 1778/6962/1826
f 1790/6963/1827 1791/6964/1827 1780/6965/1827 1779/6966/1827
f 1779/6967/1828 1781/6968/1828 1792/6969/1828 1790/6970/1828
f 1781/6971/1829 1782/6972/1829 1793/6973/1829 1792/6974/1829
f 1782/6975/1830 1783/6976/1830 1794/6977/1830 1793/6978/1830
f 1783/6979/1831 1784/6980/1831 1795/6981/1831 1794/6982/1831
f 1784/6983/1832 1785/6984/1832 1796/6985/1832 1795/6986/1832
f 1785/6987/1833 1786/6988/1833 1797/6989/1833 1796/6990/1833
f 1786/6991/1834 1787/6992/1834 1798/6993/1834 1797/6994/1834
f 1787/6995/1835 1788/6996/1835 1799/6997/1835 1798/6998/1835
f 1800/6999/1836 1799/7000/1836 1788/7001/1836 1789/7002/1836
f 1801/7003/1837 1802/7004/1837 1791/7005/1837 1790/7006/1837
f 1790/7007/1838 1792/7008/1838 1803/7009/1838 1801/7010/1838
f 1792/7011/1839 1793/7012/1839 1804/7013/1839 1803/7014/1839
f 1793/7015/1840 1794/7016/1840 1805/7017/1840 1804/7018/1840
f 1794/7019/1841 1795/7020/1841 1806/7021/1841 1805/7022/1841
f 1795/7023/1842 1796/7024/1842 1807/7025/1842 1806/7026/1842
f 1796/7027/1843 1797/7028/1843 1808/7029/1843 1807/7030/1843
f 1797/7031/1844 1798/7032/1844 1809/7033/1844 1808/7034/1844
f 1798/7035/1845 1799/7036/1845 1810/7037/1845 1809/7038/1845
f 1811/7039/1846 1810/7040/1846 1799/7041/1846 1800/7042/1846
f 1812/7043/1847 1813/7044/1847 1802/7045/1847 1801/7046/1847
f 1801/7047/1848 1803/7048/1848 1814/7049/1848 1812/7050/1848
f 1803/7051/1849 1804/7052/1849 1815/7053/1849 1814/7054/1849
f 1804/7055/1850 1805/7056/1850 1816/7057/1850 1815/7058/1850
f 1805/7059/1851 1806/7060/1851 1817/7061/1851 1816/7062/1851
f 1806/7063/1852 1807/7064/1852 1818/7065/1852 1817/7066/1852
f 1807/7067/1853 1808/7068/1853 1819/7069/1853 1818/7070/1853
f 1808/7071/1854 1809/7072/1854 1820/7073/1854 1819/7074/1854
f 1809/7075/1855 1810/7076/1855 1821/7077/1855 1820/7078/1855
f 1822/7079/1856 1821/7080/1856 1810/7081/1856 1811/7082/1856
f 1823/7083/1857 1824/7084/1857 1813/7085/1857 1812/7086/1857
f 1812/7087/1858 1814/7088/1858 1825/7089/1858 1823/7090/1858
f 1814/7091/1859 1815/7092/1859 1826/7093/1859 1825/7094/1859
f 1815/7095/1860 1816/7096/1860 1827/7097/1860 1826/7098/1860
f 1816/7099/1861 1817/7100/1861 1828/7101/1861 1827/7102/1861
f 1817/7103/1862 1818/7104/1862 1829/7105/1862 1828/7106/1862
f 1818/7107/1863 1819/7108/1863 1830/7109/1863 1829/7110/1863
f 1819/7111/1864 1820/7112/1864 1831/7113/1864 1830/7114/1864
f 1820/7115/1865 1821/7116/1865 1832/7117/1865 1831/7118/1865
f 1833/7119/1866 1832/7120/1866 1821/7121/1866 1822/7122/1866
f 1834/7123/1867 1824/7124/1867 1823/7125/1867
f 1834/7126/1868 1823/7127/1868 1825/7128/1868
f 1834/7129/1869 1825/7130/1869 1826/7131/1869
f 1834/7132/1870 1826/7133/1870 1827/7134/1870
f 1834/7135/1871 1827/7136/1871 1828/7137/1871
f 1834/7138/1872 1828/7139/1872 1829/7140/1872
f 1834/7141/1873 1829/7142/1873 1830/7143/1873
f 1834/7144/1874 1830/7145/1874 1831/7146/1874
f 1834/7147/1875 1831/7148/1875 1832/7149/1875
f 1834/7150/1876 1832/7151/1876 1833/7152/1876
f 1835/7153/1877 1836/7154/1877 1837/7155/1877
f 1835/7156/1878 1837/7157/1878 1838/7158/1878
f 1835/7159/1879 1838/7160/1879 1839/7161/1879
f 1835/7162/1880 1839/7163/1880 1840/7164/1880
f 1835/7165/1881 1840/7166/1881 1841/7167/1881
f 1835/7168/1882 1841/7169/1882 1842/7170/1882
f 1835/7171/1883 1842/7172/1883 1843/7173/1883
f 1835/7174/1884 1843/7175/1884 1844/7176/1884
f 1835/7177/1885 1844/7178/1885 1845/7179/1885
f 1835/7180/1886 1845/7181/1886 1846/7182/1886
f 1847/7183/1887 1837/7184/1887 1836/7185/1887 1848/7186/1887
f 1837/7187/1888 1847/7188/1888 1849/7189/1888 1838/7190/1888
f 1838/7191/1889 1849/7192/1889 1850/7193/1889 1839/7194/1889
f 1839/7195/1890 1850/7196/1890 1851/7197/1890 1840/7198/1890
f 1840/7199/1891 1851/7200/1891 1852/7201/1891 1841/7202/1891
f 1841/7203/1892 1852/7204/1892 1853/7205/1892 1842/7206/1892
f 1842/7207/1893 1853/7208/1893 1854/7209/1893 1843/7210/1893
f 1843/7211/1894 1854/7212/1894 1855/7213/1894 1844/7214/1894
f 1844/7215/1895 1855/7216/1895 1856/7217/1895 1845/7218/1895
f 1857/7219/1896 1846/7220/1896 1845/7221/1896 1856/7222/1896
f 1858/7223/1897 1847/7224/1897 1848/7225/1897 1859/7226/1897
f 1847/7227/1898 1858/7228/1898 1860/7229/1898 1849/7230/1898
f 1849/7231/1899 1860/7232/1899 1861/7233/1899 1850/7234/1899
f 1850/7235/1900 1861/7236/1900 1862/7237/1900 1851/7238/1900
f 1851/7239/1901 1862/7240/1901 1863/7241/1901 1852/7242/1901
f 1852/7243/1902 1863/7244/1902 1864/7245/1902 1853/7246/1902
f 1853/7247/1903 1864/7248/1903 1865/7249/1903 1854/7250/1903
f 1854/7251/1904 1865/7252/1904 1866/7253/1904 1855/7254/1904
f 1855/7255/1905 1866/7256/1905 1867/7257/1905 1856/7258/1905
f 1868/7259/1906 1857/7260/1906 1856/7261/1906 1867/7262/1906
f 1869/7263/1907 1858/7264/1907 1859/7265/1907 1870/7266/1907
f 1858/7267/1908 1869/7268/1908 1871/7269/1908 1860/7270/1908
f 1860/7271/1909 1871/7272/1909 1872/7273/1909 1861/7274/1909
f 1861/7275/1910 1872/7276/1910 1873/7277/1910 1862/7278/1910
f 1862/7279/1911 1873/7280/1911 1874/7281/1911 1863/7282/1911
f 1863/7283/1912 1874/7284/1912 1875/7285/1912 1864/7286/1912
f 1864/7287/1913 1875/7288/1913 1876/7289/1913 1865/7290/1913
f 1865/7291/1914 1876/7292/1914 1877/7293/1914 1866/7294/1914
f 1866/7295/1915 1877/7296/1915 1878/7297/1915 1867/7298/1915
f 1879/7299/1916 1868/7300/1916 1867/7301/1916 1878/7302/1916
f 1880/7303/1917 1869/7304/1917 1870/7305/1917 1881/7306/1917
f 1869/7307/1918 1880/7308/1918 1882/7309/1918 1871/7310/1918
f 1871/7311/1919 1882/7312/1919 1883/7313/1919 1872/7314/1919
f 1872/7315/1920 1883/7316/1920 1884/7317/1920 1873/7318/1920
f 1873/7319/1921 1884/7320/1921 1885/7321/1921 1874/7322/1921
f 1874/7323/1922 1885/7324/1922 1886/7325/1922 1875/7326/1922
f 1875/7327/1923 1886/7328/1923 1887/7329/1923 1876/7330/1923
f 1876/7331/1924 1887/7332/1924 1888/7333/1924 1877/7334/1924
f 1877/7335/1925 1888/7336/1925 1889/7337/1925 1878/7338/1925
f 1890/7339/1926 1879/7340/1926 1878/7341/1926 1889/7342/1926
f 1891/7343/1927 1880/7344/1927 1881/7345/1927 1892/7346/1927
f 1880/7347/1928 1891/7348/1928 1893/7349/1928 1882/7350/1928
f 1882/7351/1929 1893/7352/1929 1894/7353/1929 1883/7354/1929
f 1883/7355/1930 1894/7356/1930 1895/7357/1930 1884/7358/1930
f 1884/7359/1931 1895/7360/1931 1896/7361/1931 1885/7362/1931
f 1885/7363/1932 1896/7364/1932 1897/7365/1932 1886/7366/1932
f 1886/7367/1933 1897/7368/1933 1898/7369/1933 1887/7370/1933
f 1887/7371/1934 1898/7372/1934 1899/7373/1934 1888/7374/1934
f 1888/7375/1935 1899/7376/1935 1900/7377/1935 1889/7378/1935
f 1901/7379/1936 1890/7380/1936 1889/7381/1936 1900/7382/1936
f 1902/7383/1937 1891/7384/1937 1892/7385/1937 1903/7386/1937
f 1891/7387/1938 1902/7388/1938 1904/7389/1938 1893/7390/1938
f 1893/7391/1939 1904/7392/1939 1905/7393/1939 1894/7394/1939
f 1894/7395/1940 1905/7396/1940 1906/7397/1940 1895/7398/1940
f 1895/7399/1941 1906/7400/1941 1907/7401/1941 1896/7402/1941
f 1896/7403/1942 1907/7404/1942 1908/7405/1942 1897/7406/1942
f 1897/7407/1943 1908/7408/1943 1909/7409/1943 1898/7410/1943
f 1898/7411/1944 1909/7412/1944 1910/7413/1944 1899/7414/1944
f 1899/7415/1945 1910/7416/1945 1911/7417/1945 1900/7418/1945
f 1912/7419/1946 1901/7420/1946 1900/7421/1946 1911/7422/1946
f 1913/7423/1947 1902/7424/1947 1903/7425/1947 1914/7426/1947
f 1902/7427/1948 1913/7428/1948 1915/7429/1948 1904/7430/1948
f 1904/7431/1949 1915/7432/1949 1916/7433/1949 1905/7434/1949
f 1905/7435/1950 1916/7436/1950 1917/7437/1950 1906/7438/1950
f 1906/7439/1951 1917/7440/1951 1918/7441/1951 1907/7442/1951
f 1907/7443/1952 1918/7444/1952 1919/7445/1952 1908/7446/1952
f 1908/7447/1953 1919/7448/1953 1920/7449/1953 1909/7450/1953
f 1909/7451/1954 1920/7452/1954 1921/7453/1954 1910/7454/1954
f 1910/7455/1955 1921/7456/1955 1922/7457/1955 1911/7458/1955
f 1923/7459/1956 1912/7460/1956 1911/7461/1956 1922/7462/1956
f 1924/7463/1957 1913/7464/1957 1914/7465/1957
f 1924/7466/1958 1915/7467/1958 1913/7468/1958
f 1924/7469/1959 1916/7470/1959 1915/7471/1959
f 1924/7472/1960 1917/7473/1960 1916/7474/1960
f 1924/7475/1961 1918/7476/1961 1917/7477/1961
f 1924/7478/1962 1919/7479/1962 1918/7480/1962
f 1924/7481/1963 1920/7482/1963 1919/7483/1963
f 1924/7484/1964 1921/7485/1964 1920/7486/1964
f 1924/7487/1965 1922/7488/1965 1921/7489/1965
f 1924/7490/1966 1923/7491/1966 1922/7492/1966
f 1925/7493/1967 1926/7494/1967 1927/7495/1967
f 1925/7496/1968 1927/7497/1968 1928/7498/1968
f 1925/7499/1969 1928/7500/1969 1929/7501/1969
f 1925/7502/1970 1929/7503/1970 1930/7504/1970
f 1925/7505/1971 1930/7506/1971 1931/7507/1971
f 1925/7508/1972 1931/7509/1972 1932/7510/1972
f 1925/7511/1973 1932/7512/1973 1933/7513/1973
f 1925/7514/1974 1933/7515/1974 1934/7516/1974
f 1925/7517/1975 1934/7518/1975 1935/7519/1975
f 1925/7520/1976 1935/7521/1976 1936/7522/1976
f 1937/7523/1977 1927/7524/1977 1926/7525/1977 1938/7526/1977
f 1927/7527/1978 1937/7528/1978 1939/7529/1978 1928/7530/1978
f 1928/7531/1979 1939/7532/1979 1940/7533/1979 1929/7534/1979
f 1929/7535/1980 1940/7536/1980 1941/7537/1980 1930/7538/1980
f 1930/7539/1981 1941/7540/1981 1942/7541/1981 1931/7542/1981
f 1931/7543/1982 1942/7544/1982 1943/7545/1982 1932/7546/1982
f 1932/7547/1983 1943/7548/1983 1944/7549/1983 1933/7550/1983
f 1933/7551/1984 1944/7552/1984 1945/7553/1984 1934/7554/1984
f 1934/7555/1985 1945/7556/1985 1946/7557/1985 1935/7558/1985
f 1947/7559/1986 1936/7560/1986 1935/7561/1986 1946/7562/1986
f 1948/7563/1987 1937/7564/1987 1938/7565/1987 1949/7566/1987
f 1937/7567/1988 1948/7568/1988 1950/7569/1988 1939/7570/1988
f 1939/7571/1989 1950/7572/1989 1951/7573/1989 1940/7574/1989
f 1940/7575/1990 1951/7576/1990 1952/7577/1990 1941/7578/1990
f 1941/7579/1991 1952/7580/1991 1953/7581/1991 1942/7582/1991
f 1942/7583/1992 1953/7584/1992 1954/7585/1992 1943/7586/1992
f 1943/7587/1993 1954/7588/1993 1955/7589/1993 1944/7590/1993
f 1944/7591/1994 1955/7592/1994 1956/7593/1994 1945/7594/1994
f 1945/7595/1995 1956/7596/1995 1957/7597/1995 1946/7598/1995
f 1958/7599/1996 1947/7600/1996 1946/7601/1996 1957/7602/1996
f 1959/7603/1997 1948/7604/1997 1949/7605/1997 1960/7606/1997
f 1948/7607/1998 1959/7608/1998 1961/7609/1998 1950/7610/1998
f 1950/7611/1999 1961/7612/1999 1962/7613/1999 1951/7614/1999
f 1951/7615/2000 1962/7616/2000 1963/7617/2000 1952/7618/2000
f 1952/7619/2001 1963/7620/2001 1964/7621/2001 1953/7622/2001
f 1953/7623/2002 1964/7624/2002 1965/7625/2002 1954/7626/2002
f 1954/7627/2003 1965/7628/2003 1966/7629/2003 1955/7630/2003
f 1955/7631/2004 1966/7632/2004 1967/7633/2004 1956/7634/2004
f 1956/7635/2005 1967/7636/2005 1968/7637/2005 1957/7638/2005
f 1969/7639/2006 1958/7640/2006 1957/7641/2006 1968/7642/2006
f 1970/7643/2007 1959/7644/2007 1960/7645/2007 1971/7646/2007
f 1959/7647/2008 1970/7648/2008 1972/7649/2008 1961/7650/2008
f 1961/7651/2009 1972/7652/2009 1973/7653/2009 1962/7654/2009
f 1962/7655/2010 1973/7656/2010 1974/7657/2010 1963/7658/2010
f 1963/7659/2011 1974/7660/2011 1975/7661/2011 1964/7662/2011
f 1964/7663/2012 1975/7664/2012 1976/7665/2012 1965/7666/2012
f 1965/7667/2013 1976/7668/2013 1977/7669/2013 1966/7670/2013
f 1966/7671/2014 1977/7672/2014 1978/7673/2014 1967/7674/2014
f 1967/7675/2015 1978/7676/2015 1979/7677/2015 1968/7678/2015
f 1980/7679/2016 1969/7680/2016 1968/7681/2016 1979/7682/2016
f 1981/7683/2017 1970/7684/2017 1971/7685/2017 1982/7686/2017
f 1970/7687/2018 1981/7688/2018 1983/7689/2018 1972/7690/2018
f 1972/7691/2019 1983/7692/2019 1984/7693/2019 1973/7694/2019
f 1973/7695/2020 1984/7696/2020 1985/7697/2020 1974/7698/2020
f 1974/7699/2021 1985/7700/2021 1986/7701/2021 1975/7702/2021
f 1975/7703/2022 1986/7704/2022 1987/7705/2022 1976/7706/2022
f 1976/7707/2023 1987/7708/2023 1988/7709/2023 1977/7710/2023
f 1977/7711/2024 1988/7712/2024 1989/7713/2024 1978/7714/2024
f 1978/7715/2025 1989/7716/2025 1990/7717/2025 1979/7718/2025
f 1991/7719/2026 1980/7720/2026 1979/7721/2026 1990/7722/2026
f 1992/7723/2027 1981/7724/2027 1982/7725/2027 1993/7726/2027
f 1981/7727/2028 1992/7728/2028 1994/7729/2028 1983/7730/2028
f 1983/7731/2029 1994/7732/2029 1995/7733/2029 1984/7734/2029
f 1984/7735/2030 1995/7736/2030 1996/7737/2030 1985/7738/2030
f 1985/7739/2031 1996/7740/2031 1997/7741/2031 1986/7742/2031
f 1986/7743/2032 1997/7744/2032 1998/7745/2032 1987/7746/2032
f 1987/7747/2033 1998/7748/2033 1999/7749/2033 1988/7750/2033
f 1988/7751/2034 1999/7752/2034 2000/7753/2034 1989/7754/2034
f 1989/7755/2035 2000/7756/2035 2001/7757/2035 1990/7758/2035
f 2002/7759/2036 1991/7760/2036 1990/7761/2036 2001/7762/2036
f 2003/7763/2037 1992/7764/2037 1993/7765/2037 2004/7766/2037
f 1992/7767/2038 2003/7768/2038 2005/7769/2038 1994/7770/2038
f 1994/7771/2039 2005/7772/2039 2006/7773/2039 1995/7774/2039
f 1995/7775/2040 2006/7776/2040 2007/7777/2040 1996/7778/2040
f 1996/7779/2041 2007/7780/2041 2008/7781/2041 1997/7782/2041
f 1997/7783/2042 2008/7784/2042 2009/7785/2042 1998/7786/2042
f 1998/7787/2043 2009/7788/2043 2010/7789/2043 1999/7790/2043
f 1999/7791/2044 2010/7792/2044 2011/7793/2044 2000/7794/2044
f 2000/7795/2045 2011/7796/2045 2012/7797/2045 2001/7798/2045
f 2013/7799/2046 2002/7800/2046 2001/7801/2046 2012/7802/2046
f 2014/7803/2047 2003/7804/2047 2004/7805/2047
f 2014/7806/2048 2005/7807/2048 2003/7808/2048
f 2014/7809/2049 2006/7810/2049 2005/7811/2049
f 2014/7812/2050 2007/7813/2050 2006/7814/2050
f 2014/7815/2051 2008/7816/2051 2007/7817/2051
f 2014/7818/2052 2009/7819/2052 2008/7820/2052
f 2014/7821/2053 2010/7822/2053 2009/7823/2053
f 2014/7824/2054 2011/7825/2054 2010/7826/2054
f 2014/7827/2055 2012/7828/2055 2011/7829/2055
f 2014/7830/2056 2013/7831/2056 2012/7832/2056
f 2015/7833/2057 2016/7834/2057 2017/7835/2057
f 2015/7836/2058 2017/7837/2058 2018/7838/2058
f 2015/7839/2059 2018/7840/2059 2019/7841/2059
f 2015/7842/2060 2019/7843/2060 2020/7844/2060
f 2015/7845/2061 2020/7846/2061 2021/7847/2061
f 2015/7848/2062 2021/7849/2062 2022/7850/2062
f 2015/7851/2063 2022/7852/2063 2023/7853/2063
f 2015/7854/2064 2023/7855/2064 2024/7856/2064
f 2015/7857/2065 2024/7858/2065 2025/7859/2065
f 2015/7860/2066 2025/7861/2066 2026/7862/2066
f 2027/7863/2067 2017/7864/2067 2016/7865/2067 2028/7866/2067
f 2017/7867/2068 2027/7868/2068 2029/7869/2068 2018/7870/2068
f 2018/7871/2069 2029/7872/2069 2030/7873/2069 2019/7874/2069
f 2019/7875/2070 2030/7876/2070 2031/7877/2070 2020/7878/2070
f 2020/7879/2071 2031/7880/2071 2032/7881/2071 2021/7882/2071
f 2021/7883/2072 2032/7884/2072 2033/7885/2072 2022/7886/2072
f 2022/7887/2073 2033/7888/2073 2034/7889/2073 2023/7890/2073
f 2023/7891/2074 2034/7892/2074 2035/7893/2074 2024/7894/2074
f 2024/7895/2075 2035/7896/2075 2036/7897/2075 2025/7898/2075
f 2037/7899/2076 2026/7900/2076 2025/7901/2076 2036/7902/2076
f 2038/7903/2077 2027/7904/2077 2028/7905/2077 2039/7906/2077
f 2027/7907/2078 2038/7908/2078 2040/7909/2078 2029/7910/2078
f 2029/7911/2079 2040/7912/2079 2041/7913/2079 2030/7914/2079
f 2030/7915/2080 2041/7916/2080 2042/7917/2080 2031/7918/2080
f 2031/7919/2081 2042/7920/2081 2043/7921/2081 2032/7922/2081
f 2032/7923/2082 2043/7924/2082 2044/7925/2082 2033/7926/2082
f 2033/7927/2083 2044/7928/2083 2045/7929/2083 2034/7930/2083
f 2034/7931/2084 2045/7932/2084 2046/7933/2084 2035/7934/2084
f 2035/7935/2085 2046/7936/2085 2047/7937/2085 2036/7938/2085
f 2048/7939/2086 2037/7940/2086 2036/7941/2086 2047/7942/2086
f 2049/7943/2087 2038/7944/2087 2039/7945/2087 2050/7946/2087
f 2038/7947/2088 2049/7948/2088 2051/7949/2088 2040/7950/2088
f 2040/7951/2089 2051/7952/2089 2052/7953/2089 2041/7954/2089
f 2041/7955/2090 2052/7956/2090 2053/7957/2090 2042/7958/2090
f 2042/7959/2091 2053/7960/2091 2054/7961/2091 2043/7962/2091
f 2043/7963/2092 2054/7964/2092 2055/7965/2092 2044/7966/2092
f 2044/7967/2093 2055/7968/2093 2056/7969/2093 2045/7970/2093
f 2045/7971/2094 2056/7972/2094 2057/7973/2094 2046/7974/2094
f 2046/7975/2095 2057/7976/2095 2058/7977/2095 2047/7978/2095
f 2059/7979/2096 2048/7980/2096 2047/7981/2096 2058/7982/2096
f 2060/7983/2097 2049/7984/2097 2050/7985/2097 2061/7986/2097
f 2049/7987/2098 2060/7988/2098 2062/7989/2098 2051/7990/2098
f 2051/7991/2099 2062/7992/2099 2063/7993/2099 2052/7994/2099
f 2052/7995/2100 2063/7996/2100 2064/7997/2100 2053/7998/2100
f 2053/7999/2101 2064/8000/2101 2065/8001/2101 2054/8002/2101
f 2054/8003/2102 2065/8004/2102 2066/8005/2102 2055/8006/2102
f 2055/8007/2103 2066/8008/2103 2067/8009/2103 2056/8010/2103
f 2056/8011/2104 2067/8012/2104 2068/8013/2104 2057/8014/2104
f 2057/8015/2105 2068/8016/2105 2069/8017/2105 2058/8018/2105
f 2070/8019/2106 2059/8020/2106 2058/8021/2106 2069/8022/2106
f 2071/8023/2107 2060/8024/2107 2061/8025/2107 2072/8026/2107
f 2060/8027/2108 2071/8028/2108 2073/8029/2108 2062/8030/2108
f 2062/8031/2109 2073/8032/2109 2074/8033/2109 2063/8034/2109
f 2063/8035/2110 2074/8036/2110 2075/8037/2110 2064/8038/2110
f 2064/8039/2111 2075/8040/2111 2076/8041/2111 2065/8042/2111
f 2065/8043/2112 2076/8044/2112 2077/8045/2112 2066/8046/2112
f 2066/8047/2113 2077/8048/2113 2078/8049/2113 2067/8050/2113
f 2067/8051/2114 2078/8052/2114 2079/8053/2114 2068/8054/2114
f 2068/8055/2115 2079/8056/2115 2080/8057/2115 2069/8058/2115
f 2081/8059/2116 2070/8060/2116 2069/8061/2116 2080/8062/2116
f 2082/8063/2117 2071/8064/2117 2072/8065/2117 2083/8066/2117
f 2071/8067/2118 2082/8068/2118 2084/8069/2118 2073/8070/2118
f 2073/8071/2119 2084/8072/2119 2085/8073/2119 2074/8074/2119
f 2074/8075/2120 2085/8076/2120 2086/8077/2120 2075/8078/2120
f 2075/8079/2121 2086/8080/2121 2087/8081/2121 2076/8082/2121
f 2076/8083/2122 2087/8084/2122 2088/8085/2122 2077/8086/2122
f 2077/8087/2123 2088/8088/2123 2089/8089/2123 2078/8090/2123
f 2078/8091/2124 2089/8092/2124 2090/8093/2124 2079/8094/2124
f 2079/8095/2125 2090/8096/2125 2091/8097/2125 2080/8098/2125
f 2092/8099/2126 2081/8100/2126 2080/8101/2126 2091/8102/2126
f 2093/8103/2127 2082/8104/2127 2083/8105/2127 2094/8106/2127
f 2082/8107/2128 2093/8108/2128 2095/8109/2128 2084/8110/2128
f 2084/8111/2129 2095/8112/2129 2096/8113/2129 2085/8114/2129
f 2085/8115/2130 2096/8116/2130 2097/8117/2130 2086/8118/2130
f 2086/8119/2131 2097/8120/2131 2098/8121/2131 2087/8122/2131
f 2087/8123/2132 2098/8124/2132 2099/8125/2132 2088/8126/2132
f 2088/8127/2133 2099/8128/2133 2100/8129/2133 2089/8130/2133
f 2089/8131/2134 2100/8132/2134 2101/8133/2134 2090/8134/2134
f 2090/8135/2135 2101/8136/2135 2102/8137/2135 2091/8138/2135
f 2103/8139/2136 2092/8140/2136 2091/8141/2136 2102/8142/2136
f 2104/8143/2137 2093/8144/2137 2094/8145/2137
f 2104/8146/2138 2095/8147/2138 2093/8148/2138
f 2104/8149/2139 2096/8150/2139 2095/8151/2139
f 2104/8152/2140 2097/8153/2140 2096/8154/2140
f 2104/8155/2141 2098/8156/2141 2097/8157/2141
f 2104/8158/2142 2099/8159/2142 2098/8160/2142
f 2104/8161/2143 2100/8162/2143 2099/8163/2143
f 2104/8164/2144 2101/8165/2144 2100/8166/2144
f 2104/8167/2145 2102/8168/2145 2101/8169/2145
f 2104/8170/2146 2103/8171/2146 2102/8172/2146
f 344/8173/2147 346/8174/2147 347/8175/2147
f 344/8176/2148 347/8177/2148 644/8178/2148 345/8179/2148
f 646/8180/2149 345/8181/2149 644/8182/2149