# Made in Blockbench 4.12.6
mtllib gas_bim.mtl

o Gas
v -25.8644 95.7782 -4.5606
v 0 17.4441 -31.2826
v -5.4322 17.4441 -30.8073
v -5.4322 87.0744 -30.8073
v 0 87.0744 -31.2826
v -10.6993 17.4441 -29.396
v -10.6993 87.0744 -29.396
v -15.6413 17.4441 -27.0915
v -15.6413 87.0744 -27.0915
v -20.108 17.4441 -23.9638
v -20.108 87.0744 -23.9638
v -23.9638 17.4441 -20.108
v -23.9638 87.0744 -20.108
v -27.0915 17.4441 -15.6413
v -27.0915 87.0744 -15.6413
v -29.396 17.4441 -10.6993
v -29.396 87.0744 -10.6993
v -30.8073 17.4441 -5.4322
v -30.8073 87.0744 -5.4322
v -31.2825 17.4441 0
v -31.2825 87.0744 0
v -30.8073 17.4441 5.4321
v -30.8073 87.0744 5.4321
v -29.396 17.4441 10.6992
v -29.396 87.0744 10.6992
v -27.0915 17.4441 15.6413
v -27.0915 87.0744 15.6413
v -23.9638 17.4441 20.108
v -23.9638 87.0744 20.108
v -20.108 17.4441 23.9638
v -20.108 87.0744 23.9638
v -15.6413 17.4441 27.0915
v -15.6413 87.0744 27.0915
v -10.6993 17.4441 29.396
v -10.6993 87.0744 29.396
v -5.4322 17.4441 30.8073
v -5.4322 87.0744 30.8073
v 0 17.4441 31.2825
v 0 87.0744 31.2825
v -4.5606 95.7782 -25.8645
v 0 95.7782 -26.2635
v -8.9826 95.7782 -24.6796
v -13.1317 95.7782 -22.7448
v -16.8818 95.7782 -20.119
v -20.119 95.7782 -16.8818
v -22.7448 95.7782 -13.1317
v -24.6796 95.7782 -8.9826
v -26.2635 95.7782 0
v -25.8645 95.7782 4.5606
v -24.6796 95.7782 8.9826
v -22.7448 95.7782 13.1317
v -20.119 95.7782 16.8818
v -16.8818 95.7782 20.119
v -13.1317 95.7782 22.7448
v -8.9826 95.7782 24.6796
v -4.5606 95.7782 25.8644
v 0 95.7782 26.2634
v -4.5606 8.7403 25.8644
v 0 8.7403 26.2634
v -8.9826 8.7403 24.6796
v -13.1317 8.7403 22.7448
v -16.8818 8.7403 20.119
v -20.119 8.7403 16.8818
v -22.7448 8.7403 13.1317
v -24.6796 8.7403 8.9826
v -25.8645 8.7403 4.5606
v -26.2635 8.7403 0
v -25.8644 8.7403 -4.5606
v -24.6796 8.7403 -8.9826
v -22.7448 8.7403 -13.1317
v -20.119 8.7403 -16.8818
v -16.8818 8.7403 -20.119
v -13.1317 8.7403 -22.7448
v -8.9826 8.7403 -24.6796
v -4.5606 8.7403 -25.8645
v 0 8.7403 -26.2635
v -4.212 104.482 -23.8873
v 0 104.482 -24.2558
v -8.296 104.482 -22.793
v -12.1279 104.482 -21.0062
v -15.5913 104.482 -18.581
v -18.581 104.482 -15.5913
v -21.0061 104.482 -12.1279
v -22.793 104.482 -8.296
v -23.8873 104.482 -4.212
v -24.2558 104.482 0
v -23.8873 104.482 4.212
v -22.793 104.482 8.296
v -21.0062 104.482 12.1279
v -18.581 104.482 15.5913
v -15.5913 104.482 18.581
v -12.1279 104.482 21.0061
v -8.296 104.482 22.793
v -4.212 104.482 23.8873
v 0 104.482 24.2558
v -4.212 0.0365 23.8873
v 0 0.0365 24.2558
v -8.296 0.0365 22.793
v -12.1279 0.0365 21.0061
v -15.5913 0.0365 18.581
v -18.581 0.0365 15.5913
v -21.0062 0.0365 12.1279
v -22.793 0.0365 8.296
v -23.8873 0.0365 4.212
v -24.2558 0.0365 0
v -23.8873 0.0365 -4.212
v -22.793 0.0365 -8.296
v -21.0061 0.0365 -12.1279
v -18.581 0.0365 -15.5913
v -15.5913 0.0365 -18.581
v -12.1279 0.0365 -21.0062
v -8.296 0.0365 -22.793
v -4.212 0.0365 -23.8873
v 0 0.0365 -24.2558
v -3.8285 104.482 -21.7125
v 0 104.482 -22.0474
v -7.5407 104.482 -20.7178
v -11.0237 104.482 -19.0936
v -14.1718 104.482 -16.8893
v -16.8893 104.482 -14.1718
v -19.0936 104.482 -11.0237
v -20.7178 104.482 -7.5407
v -21.7125 104.482 -3.8285
v -22.0474 104.482 0
v -21.7125 104.482 3.8285
v -20.7178 104.482 7.5406
v -19.0936 104.482 11.0237
v -16.8893 104.482 14.1718
v -14.1718 104.482 16.8893
v -11.0237 104.482 19.0936
v -7.5407 104.482 20.7178
v -3.8285 104.482 21.7125
v 0 104.482 22.0474
v -3.8285 0.0365 21.7125
v 0 0.0365 22.0474
v -7.5407 0.0365 20.7178
v -11.0237 0.0365 19.0936
v -14.1718 0.0365 16.8893
v -16.8893 0.0365 14.1718
v -19.0936 0.0365 11.0237
v -20.7178 0.0365 7.5406
v -21.7125 0.0365 3.8285
v -22.0474 0.0365 0
v -21.7125 0.0365 -3.8285
v -20.7178 0.0365 -7.5407
v -19.0936 0.0365 -11.0237
v -16.8893 0.0365 -14.1718
v -14.1718 0.0365 -16.8893
v -11.0237 0.0365 -19.0936
v -7.5407 0.0365 -20.7178
v -3.8285 0.0365 -21.7125
v 0 0.0365 -22.0474
v -3.6542 101.0005 -20.7239
v 0 101.0005 -21.0436
v -7.1973 101.0005 -19.7745
v -10.5218 101.0005 -18.2243
v -13.5266 101.0005 -16.1203
v -16.1203 101.0005 -13.5266
v -18.2243 101.0005 -10.5218
v -19.7745 101.0005 -7.1973
v -20.7239 101.0005 -3.6542
v -21.0436 101.0005 0
v -20.7239 101.0005 3.6542
v -19.7745 101.0005 7.1973
v -18.2243 101.0005 10.5218
v -16.1203 101.0005 13.5265
v -13.5266 101.0005 16.1203
v -10.5218 101.0005 18.2243
v -7.1973 101.0005 19.7745
v -3.6542 101.0005 20.7239
v 0 101.0005 21.0436
v -3.6542 3.518 20.7239
v 0 3.518 21.0436
v -7.1973 3.518 19.7745
v -10.5218 3.518 18.2243
v -13.5266 3.518 16.1203
v -16.1203 3.518 13.5265
v -18.2243 3.518 10.5218
v -19.7745 3.518 7.1973
v -20.7239 3.518 3.6542
v -21.0436 3.518 0
v -20.7239 3.518 -3.6542
v -19.7745 3.518 -7.1973
v -18.2243 3.518 -10.5218
v -16.1203 3.518 -13.5266
v -13.5266 3.518 -16.1203
v -10.5218 3.518 -18.2243
v -7.1973 3.518 -19.7745
v -3.6542 3.518 -20.7239
v 0 3.518 -21.0436
v -1.9111 101.0005 -10.8382
v 0 101.0005 -11.0054
v -3.7641 101.0005 -10.3417
v -5.5027 101.0005 -9.5309
v -7.0741 101.0005 -8.4306
v -8.4306 101.0005 -7.0741
v -9.5309 101.0005 -5.5027
v -10.3417 101.0005 -3.7641
v -10.8382 101.0005 -1.9111
v -11.0054 101.0005 0
v -10.8382 101.0005 1.9111
v -10.3417 101.0005 3.7641
v -9.531 101.0005 5.5027
v -8.4306 101.0005 7.0741
v -7.0741 101.0005 8.4306
v -5.5027 101.0005 9.5309
v -3.7641 101.0005 10.3417
v -1.9111 101.0005 10.8382
v 0 101.0005 11.0054
v -1.9111 3.518 10.8382
v 0 3.518 11.0054
v -3.7641 3.518 10.3417
v -5.5027 3.518 9.5309
v -7.0741 3.518 8.4306
v -8.4306 3.518 7.0741
v -9.531 3.518 5.5027
v -10.3417 3.518 3.7641
v -10.8382 3.518 1.9111
v -11.0054 3.518 0
v -10.8382 3.518 -1.9111
v -10.3417 3.518 -3.7641
v -9.5309 3.518 -5.5027
v -8.4306 3.518 -7.0741
v -7.0741 3.518 -8.4306
v -5.5027 3.518 -9.531
v -3.7641 3.518 -10.3417
v -1.9111 3.518 -10.8382
v 0 3.518 -11.0054
v -1.7368 100.1301 -9.8496
v 0 100.1301 -10.0016
v -3.4207 100.1301 -9.3984
v -5.0008 100.1301 -8.6616
v -6.4289 100.1301 -7.6616
v -7.6616 100.1301 -6.4289
v -8.6616 100.1301 -5.0008
v -9.3984 100.1301 -3.4207
v -9.8496 100.1301 -1.7368
v -10.0016 100.1301 0
v -9.8496 100.1301 1.7367
v -9.3984 100.1301 3.4207
v -8.6616 100.1301 5.0008
v -7.6617 100.1301 6.4289
v -6.4289 100.1301 7.6616
v -5.0008 100.1301 8.6616
v -3.4207 100.1301 9.3984
v -1.7368 100.1301 9.8496
v 0 100.1301 10.0016
v -1.7368 4.3884 9.8496
v 0 4.3884 10.0016
v -3.4207 4.3884 9.3984
v -5.0008 4.3884 8.6616
v -6.4289 4.3884 7.6616
v -7.6617 4.3884 6.4289
v -8.6616 4.3884 5.0008
v -9.3984 4.3884 3.4207
v -9.8496 4.3884 1.7367
v -10.0016 4.3884 0
v -9.8496 4.3884 -1.7368
v -9.3984 4.3884 -3.4207
v -8.6616 4.3884 -5.0008
v -7.6616 4.3884 -6.4289
v -6.4289 4.3884 -7.6617
v -5.0008 4.3884 -8.6616
v -3.4207 4.3884 -9.3984
v -1.7368 4.3884 -9.8496
v 0 4.3884 -10.0016
v 5.4322 87.0744 -30.8073
v 5.4322 17.4441 -30.8073
v 10.6993 87.0744 -29.396
v 10.6993 17.4441 -29.396
v 15.6413 87.0744 -27.0915
v 15.6413 17.4441 -27.0915
v 20.108 87.0744 -23.9638
v 20.108 17.4441 -23.9638
v 23.9638 87.0744 -20.108
v 23.9638 17.4441 -20.108
v 27.0915 87.0744 -15.6413
v 27.0915 17.4441 -15.6413
v 29.396 87.0744 -10.6993
v 29.396 17.4441 -10.6993
v 30.8073 87.0744 -5.4322
v 30.8073 17.4441 -5.4322
v 31.2825 87.0744 0
v 31.2825 17.4441 0
v 30.8073 87.0744 5.4321
v 30.8073 17.4441 5.4321
v 29.396 87.0744 10.6992
v 29.396 17.4441 10.6992
v 27.0915 87.0744 15.6413
v 27.0915 17.4441 15.6413
v 23.9638 87.0744 20.108
v 23.9638 17.4441 20.108
v 20.108 87.0744 23.9638
v 20.108 17.4441 23.9638
v 15.6413 87.0744 27.0915
v 15.6413 17.4441 27.0915
v 10.6993 87.0744 29.396
v 10.6993 17.4441 29.396
v 5.4322 87.0744 30.8073
v 5.4322 17.4441 30.8073
v 4.5606 95.7782 -25.8645
v 8.9826 95.7782 -24.6796
v 13.1317 95.7782 -22.7448
v 16.8818 95.7782 -20.119
v 20.119 95.7782 -16.8818
v 22.7448 95.7782 -13.1317
v 24.6796 95.7782 -8.9826
v 25.8644 95.7782 -4.5606
v 26.2635 95.7782 0
v 25.8645 95.7782 4.5606
v 24.6796 95.7782 8.9826
v 22.7448 95.7782 13.1317
v 20.119 95.7782 16.8818
v 16.8818 95.7782 20.119
v 13.1317 95.7782 22.7448
v 8.9826 95.7782 24.6796
v 4.5606 95.7782 25.8644
v 4.5606 8.7403 25.8644
v 8.9826 8.7403 24.6796
v 13.1317 8.7403 22.7448
v 16.8818 8.7403 20.119
v 20.119 8.7403 16.8818
v 22.7448 8.7403 13.1317
v 24.6796 8.7403 8.9826
v 25.8645 8.7403 4.5606
v 26.2635 8.7403 0
v 25.8644 8.7403 -4.5606
v 24.6796 8.7403 -8.9826
v 22.7448 8.7403 -13.1317
v 20.119 8.7403 -16.8818
v 16.8818 8.7403 -20.119
v 13.1317 8.7403 -22.7448
v 8.9826 8.7403 -24.6796
v 4.5606 8.7403 -25.8645
v 4.212 104.482 -23.8873
v 8.296 104.482 -22.793
v 12.1279 104.482 -21.0062
v 15.5913 104.482 -18.581
v 18.581 104.482 -15.5913
v 21.0061 104.482 -12.1279
v 22.793 104.482 -8.296
v 23.8873 104.482 -4.212
v 24.2558 104.482 0
v 23.8873 104.482 4.212
v 22.793 104.482 8.296
v 21.0062 104.482 12.1279
v 18.581 104.482 15.5913
v 15.5913 104.482 18.581
v 12.1279 104.482 21.0061
v 8.296 104.482 22.793
v 4.212 104.482 23.8873
v 4.212 0.0365 23.8873
v 8.296 0.0365 22.793
v 12.1279 0.0365 21.0061
v 15.5913 0.0365 18.581
v 18.581 0.0365 15.5913
v 21.0062 0.0365 12.1279
v 22.793 0.0365 8.296
v 23.8873 0.0365 4.212
v 24.2558 0.0365 0
v 23.8873 0.0365 -4.212
v 22.793 0.0365 -8.296
v 21.0061 0.0365 -12.1279
v 18.581 0.0365 -15.5913
v 15.5913 0.0365 -18.581
v 12.1279 0.0365 -21.0062
v 8.296 0.0365 -22.793
v 4.212 0.0365 -23.8873
v 3.8285 104.482 -21.7125
v 7.5407 104.482 -20.7178
v 11.0237 104.482 -19.0936
v 14.1718 104.482 -16.8893
v 16.8893 104.482 -14.1718
v 19.0936 104.482 -11.0237
v 20.7178 104.482 -7.5407
v 21.7125 104.482 -3.8285
v 22.0474 104.482 0
v 21.7125 104.482 3.8285
v 20.7178 104.482 7.5406
v 19.0936 104.482 11.0237
v 16.8893 104.482 14.1718
v 14.1718 104.482 16.8893
v 11.0237 104.482 19.0936
v 7.5407 104.482 20.7178
v 3.8285 104.482 21.7125
v 3.8285 0.0365 21.7125
v 7.5407 0.0365 20.7178
v 11.0237 0.0365 19.0936
v 14.1718 0.0365 16.8893
v 16.8893 0.0365 14.1718
v 19.0936 0.0365 11.0237
v 20.7178 0.0365 7.5406
v 21.7125 0.0365 3.8285
v 22.0474 0.0365 0
v 21.7125 0.0365 -3.8285
v 20.7178 0.0365 -7.5407
v 19.0936 0.0365 -11.0237
v 16.8893 0.0365 -14.1718
v 14.1718 0.0365 -16.8893
v 11.0237 0.0365 -19.0936
v 7.5407 0.0365 -20.7178
v 3.8285 0.0365 -21.7125
v 3.6542 101.0005 -20.7239
v 7.1973 101.0005 -19.7745
v 10.5218 101.0005 -18.2243
v 13.5266 101.0005 -16.1203
v 16.1203 101.0005 -13.5266
v 18.2243 101.0005 -10.5218
v 19.7745 101.0005 -7.1973
v 20.7239 101.0005 -3.6542
v 21.0436 101.0005 0
v 20.7239 101.0005 3.6542
v 19.7745 101.0005 7.1973
v 18.2243 101.0005 10.5218
v 16.1203 101.0005 13.5265
v 13.5266 101.0005 16.1203
v 10.5218 101.0005 18.2243
v 7.1973 101.0005 19.7745
v 3.6542 101.0005 20.7239
v 3.6542 3.518 20.7239
v 7.1973 3.518 19.7745
v 10.5218 3.518 18.2243
v 13.5266 3.518 16.1203
v 16.1203 3.518 13.5265
v 18.2243 3.518 10.5218
v 19.7745 3.518 7.1973
v 20.7239 3.518 3.6542
v 21.0436 3.518 0
v 20.7239 3.518 -3.6542
v 19.7745 3.518 -7.1973
v 18.2243 3.518 -10.5218
v 16.1203 3.518 -13.5266
v 13.5266 3.518 -16.1203
v 10.5218 3.518 -18.2243
v 7.1973 3.518 -19.7745
v 3.6542 3.518 -20.7239
v 1.9111 101.0005 -10.8382
v 3.7641 101.0005 -10.3417
v 5.5027 101.0005 -9.5309
v 7.0741 101.0005 -8.4306
v 8.4306 101.0005 -7.0741
v 9.5309 101.0005 -5.5027
v 10.3417 101.0005 -3.7641
v 10.8382 101.0005 -1.9111
v 11.0054 101.0005 0
v 10.8382 101.0005 1.9111
v 10.3417 101.0005 3.7641
v 9.531 101.0005 5.5027
v 8.4306 101.0005 7.0741
v 7.0741 101.0005 8.4306
v 5.5027 101.0005 9.5309
v 3.7641 101.0005 10.3417
v 1.9111 101.0005 10.8382
v 1.9111 3.518 10.8382
v 3.7641 3.518 10.3417
v 5.5027 3.518 9.5309
v 7.0741 3.518 8.4306
v 8.4306 3.518 7.0741
v 9.531 3.518 5.5027
v 10.3417 3.518 3.7641
v 10.8382 3.518 1.9111
v 11.0054 3.518 0
v 10.8382 3.518 -1.9111
v 10.3417 3.518 -3.7641
v 9.5309 3.518 -5.5027
v 8.4306 3.518 -7.0741
v 7.0741 3.518 -8.4306
v 5.5027 3.518 -9.531
v 3.7641 3.518 -10.3417
v 1.9111 3.518 -10.8382
v 1.7368 100.1301 -9.8496
v 3.4207 100.1301 -9.3984
v 5.0008 100.1301 -8.6616
v 6.4289 100.1301 -7.6616
v 7.6616 100.1301 -6.4289
v 8.6616 100.1301 -5.0008
v 9.3984 100.1301 -3.4207
v 9.8496 100.1301 -1.7368
v 10.0016 100.1301 0
v 9.8496 100.1301 1.7367
v 9.3984 100.1301 3.4207
v 8.6616 100.1301 5.0008
v 7.6617 100.1301 6.4289
v 6.4289 100.1301 7.6616
v 5.0008 100.1301 8.6616
v 3.4207 100.1301 9.3984
v 1.7368 100.1301 9.8496
v 1.7368 4.3884 9.8496
v 3.4207 4.3884 9.3984
v 5.0008 4.3884 8.6616
v 6.4289 4.3884 7.6616
v 7.6617 4.3884 6.4289
v 8.6616 4.3884 5.0008
v 9.3984 4.3884 3.4207
v 9.8496 4.3884 1.7367
v 10.0016 4.3884 0
v 9.8496 4.3884 -1.7368
v 9.3984 4.3884 -3.4207
v 8.6616 4.3884 -5.0008
v 7.6616 4.3884 -6.4289
v 6.4289 4.3884 -7.6617
v 5.0008 4.3884 -8.6616
v 3.4207 4.3884 -9.3984
v 1.7368 4.3884 -9.8496
vt 0.002 0.5411
vt 0.0275 0.5411
vt 0.0275 0.9072
vt 0.002 0.9072
vt 0.0275 0.5411
vt 0.0541 0.5411
vt 0.0541 0.9072
vt 0.0275 0.9072
vt 0.0541 0.5411
vt 0.0815 0.5411
vt 0.0815 0.9072
vt 0.0541 0.9072
vt 0.0815 0.5411
vt 0.1092 0.5411
vt 0.1092 0.9072
vt 0.0815 0.9072
vt 0.1092 0.5411
vt 0.1372 0.5411
vt 0.1372 0.9072
vt 0.1092 0.9072
vt 0.1372 0.5411
vt 0.1652 0.5411
vt 0.1652 0.9072
vt 0.1372 0.9072
vt 0.1652 0.5411
vt 0.1932 0.5411
vt 0.1932 0.9072
vt 0.1652 0.9072
vt 0.1932 0.5411
vt 0.2211 0.5411
vt 0.2211 0.9072
vt 0.1932 0.9072
vt 0.2211 0.5411
vt 0.2491 0.5411
vt 0.2491 0.9072
vt 0.2211 0.9072
vt 0.2491 0.5411
vt 0.277 0.5411
vt 0.277 0.9072
vt 0.2491 0.9072
vt 0.277 0.5411
vt 0.305 0.5411
vt 0.305 0.9072
vt 0.277 0.9072
vt 0.305 0.5411
vt 0.3329 0.5411
vt 0.3329 0.9072
vt 0.305 0.9072
vt 0.3329 0.5411
vt 0.3607 0.5411
vt 0.3607 0.9072
vt 0.3329 0.9072
vt 0.3607 0.5411
vt 0.3886 0.5411
vt 0.3886 0.9072
vt 0.3607 0.9072
vt 0.3886 0.5411
vt 0.4165 0.5411
vt 0.4165 0.9072
vt 0.3886 0.9072
vt 0.4165 0.5411
vt 0.4443 0.5411
vt 0.4443 0.9072
vt 0.4165 0.9072
vt 0.4443 0.5411
vt 0.4722 0.5411
vt 0.4722 0.9072
vt 0.4443 0.9072
vt 0.4722 0.5411
vt 0.5 0.5411
vt 0.5 0.9072
vt 0.4722 0.9072
vt 0.002 0.9072
vt 0.0275 0.9072
vt 0.0275 0.998
vt 0.002 0.998
vt 0.0275 0.9072
vt 0.0541 0.9072
vt 0.0541 0.998
vt 0.0275 0.998
vt 0.0541 0.9072
vt 0.0815 0.9072
vt 0.0815 0.998
vt 0.0541 0.998
vt 0.0815 0.9072
vt 0.1092 0.9072
vt 0.1092 0.998
vt 0.0815 0.998
vt 0.1092 0.9072
vt 0.1372 0.9072
vt 0.1372 0.998
vt 0.1092 0.998
vt 0.1372 0.9072
vt 0.1652 0.9072
vt 0.1652 0.998
vt 0.1372 0.998
vt 0.1652 0.9072
vt 0.1932 0.9072
vt 0.1932 0.998
vt 0.1652 0.998
vt 0.1932 0.9072
vt 0.2211 0.9072
vt 0.2211 0.998
vt 0.1932 0.998
vt 0.2211 0.9072
vt 0.2491 0.9072
vt 0.2491 0.998
vt 0.2211 0.998
vt 0.2491 0.9072
vt 0.277 0.9072
vt 0.277 0.998
vt 0.2491 0.998
vt 0.277 0.9072
vt 0.305 0.9072
vt 0.305 0.998
vt 0.277 0.998
vt 0.305 0.9072
vt 0.3329 0.9072
vt 0.3329 0.998
vt 0.305 0.998
vt 0.3329 0.9072
vt 0.3607 0.9072
vt 0.3607 0.998
vt 0.3329 0.998
vt 0.3607 0.9072
vt 0.3886 0.9072
vt 0.3886 0.998
vt 0.3607 0.998
vt 0.3886 0.9072
vt 0.4165 0.9072
vt 0.4165 0.998
vt 0.3886 0.998
vt 0.4165 0.9072
vt 0.4443 0.9072
vt 0.4443 0.998
vt 0.4165 0.998
vt 0.4443 0.9072
vt 0.4722 0.9072
vt 0.4722 0.998
vt 0.4443 0.998
vt 0.4722 0.9072
vt 0.5 0.9072
vt 0.5 0.998
vt 0.4722 0.998
vt 0.5 0.5411
vt 0.4722 0.5411
vt 0.4722 0.4502999999999999
vt 0.5 0.4502999999999999
vt 0.4722 0.5411
vt 0.4443 0.5411
vt 0.4443 0.4502999999999999
vt 0.4722 0.4502999999999999
vt 0.4443 0.5411
vt 0.4165 0.5411
vt 0.4165 0.4502999999999999
vt 0.4443 0.4502999999999999
vt 0.4165 0.5411
vt 0.3886 0.5411
vt 0.3886 0.4502999999999999
vt 0.4165 0.4502999999999999
vt 0.3886 0.5411
vt 0.3607 0.5411
vt 0.3607 0.4502999999999999
vt 0.3886 0.4502999999999999
vt 0.3607 0.5411
vt 0.3329 0.5411
vt 0.3329 0.4502999999999999
vt 0.3607 0.4502999999999999
vt 0.3329 0.5411
vt 0.305 0.5411
vt 0.305 0.4502999999999999
vt 0.3329 0.4502999999999999
vt 0.305 0.5411
vt 0.277 0.5411
vt 0.277 0.4502999999999999
vt 0.305 0.4502999999999999
vt 0.277 0.5411
vt 0.2491 0.5411
vt 0.2491 0.4502999999999999
vt 0.277 0.4502999999999999
vt 0.2491 0.5411
vt 0.2211 0.5411
vt 0.2211 0.4502999999999999
vt 0.2491 0.4502999999999999
vt 0.2211 0.5411
vt 0.1932 0.5411
vt 0.1932 0.4502999999999999
vt 0.2211 0.4502999999999999
vt 0.1932 0.5411
vt 0.1652 0.5411
vt 0.1652 0.4502999999999999
vt 0.1932 0.4502999999999999
vt 0.1652 0.5411
vt 0.1372 0.5411
vt 0.1372 0.4502999999999999
vt 0.1652 0.4502999999999999
vt 0.1372 0.5411
vt 0.1092 0.5411
vt 0.1092 0.4502999999999999
vt 0.1372 0.4502999999999999
vt 0.1092 0.5411
vt 0.0815 0.5411
vt 0.0815 0.4502999999999999
vt 0.1092 0.4502999999999999
vt 0.0815 0.5411
vt 0.0541 0.5411
vt 0.0541 0.4502999999999999
vt 0.0815 0.4502999999999999
vt 0.0541 0.5411
vt 0.0275 0.5411
vt 0.0275 0.4502999999999999
vt 0.0541 0.4502999999999999
vt 0.0275 0.5411
vt 0.002 0.5411
vt 0.002 0.4502999999999999
vt 0.0275 0.4502999999999999
vt 0.2381 0.44189999999999996
vt 0.1967 0.4368000000000001
vt 0.2098 0.36549999999999994
vt 0.2363 0.36749999999999994
vt 0.1967 0.4368000000000001
vt 0.1581 0.4253
vt 0.1843 0.3588
vt 0.2098 0.36549999999999994
vt 0.1581 0.4253
vt 0.123 0.4079999999999999
vt 0.1607 0.3481000000000001
vt 0.1843 0.3588
vt 0.123 0.4079999999999999
vt 0.0921 0.3859
vt 0.1395 0.3337
vt 0.1607 0.3481000000000001
vt 0.0921 0.3859
vt 0.066 0.3595999999999999
vt 0.1215 0.3163
vt 0.1395 0.3337
vt 0.066 0.3595999999999999
vt 0.045 0.33000000000000007
vt 0.1069 0.2964
vt 0.1215 0.3163
vt 0.045 0.33000000000000007
vt 0.0295 0.29790000000000005
vt 0.0961 0.27449999999999997
vt 0.1069 0.2964
vt 0.0295 0.29790000000000005
vt 0.0197 0.264
vt 0.0892 0.25140000000000007
vt 0.0961 0.27449999999999997
vt 0.0197 0.264
vt 0.0159 0.22919999999999996
vt 0.0866 0.22750000000000004
vt 0.0892 0.25140000000000007
vt 0.0159 0.22919999999999996
vt 0.0181 0.19420000000000004
vt 0.0881 0.2036
vt 0.0866 0.22750000000000004
vt 0.0181 0.19420000000000004
vt 0.0262 0.15989999999999993
vt 0.0939 0.18010000000000004
vt 0.0881 0.2036
vt 0.0262 0.15989999999999993
vt 0.0402 0.12719999999999998
vt 0.1037 0.15790000000000004
vt 0.0939 0.18010000000000004
vt 0.0402 0.12719999999999998
vt 0.0597 0.0968
vt 0.1173 0.13739999999999997
vt 0.1037 0.15790000000000004
vt 0.0597 0.0968
vt 0.0846 0.0695
vt 0.1346 0.11929999999999996
vt 0.1173 0.13739999999999997
vt 0.0846 0.0695
vt 0.1144 0.04610000000000003
vt 0.155 0.10409999999999997
vt 0.1346 0.11929999999999996
vt 0.1144 0.04610000000000003
vt 0.1486 0.02749999999999997
vt 0.1781 0.09250000000000003
vt 0.155 0.10409999999999997
vt 0.1486 0.02749999999999997
vt 0.1866 0.014399999999999968
vt 0.2032 0.08489999999999998
vt 0.1781 0.09250000000000003
vt 0.1866 0.014399999999999968
vt 0.2277 0.007800000000000029
vt 0.2294 0.08189999999999997
vt 0.2032 0.08489999999999998
vt 0.7738 0.44189999999999996
vt 0.7323 0.4368000000000001
vt 0.7455 0.36549999999999994
vt 0.772 0.36749999999999994
vt 0.7323 0.4368000000000001
vt 0.6937 0.4253
vt 0.7199 0.3588
vt 0.7455 0.36549999999999994
vt 0.6937 0.4253
vt 0.6586 0.4079999999999999
vt 0.6963 0.3481000000000001
vt 0.7199 0.3588
vt 0.6586 0.4079999999999999
vt 0.6278 0.3859
vt 0.6752 0.3337
vt 0.6963 0.3481000000000001
vt 0.6278 0.3859
vt 0.6016 0.3597
vt 0.6571 0.3163
vt 0.6752 0.3337
vt 0.6016 0.3597
vt 0.5806 0.33010000000000006
vt 0.6425 0.2964
vt 0.6571 0.3163
vt 0.5806 0.33010000000000006
vt 0.5651 0.29790000000000005
vt 0.6317 0.27459999999999996
vt 0.6425 0.2964
vt 0.5651 0.29790000000000005
vt 0.5554 0.264
vt 0.6249 0.25140000000000007
vt 0.6317 0.27459999999999996
vt 0.5554 0.264
vt 0.5516 0.22919999999999996
vt 0.6222 0.22750000000000004
vt 0.6249 0.25140000000000007
vt 0.5516 0.22919999999999996
vt 0.5537 0.19420000000000004
vt 0.6238 0.2036
vt 0.6222 0.22750000000000004
vt 0.5537 0.19420000000000004
vt 0.5618 0.15989999999999993
vt 0.6295 0.18010000000000004
vt 0.6238 0.2036
vt 0.5618 0.15989999999999993
vt 0.5758 0.12719999999999998
vt 0.6393 0.15790000000000004
vt 0.6295 0.18010000000000004
vt 0.5758 0.12719999999999998
vt 0.5954 0.0968
vt 0.653 0.13739999999999997
vt 0.6393 0.15790000000000004
vt 0.5954 0.0968
vt 0.6203 0.0695
vt 0.6702 0.11929999999999996
vt 0.653 0.13739999999999997
vt 0.6203 0.0695
vt 0.65 0.04610000000000003
vt 0.6906 0.10409999999999997
vt 0.6702 0.11929999999999996
vt 0.65 0.04610000000000003
vt 0.6842 0.02749999999999997
vt 0.7137 0.09250000000000003
vt 0.6906 0.10409999999999997
vt 0.6842 0.02749999999999997
vt 0.7222 0.014399999999999968
vt 0.7388 0.08489999999999998
vt 0.7137 0.09250000000000003
vt 0.7222 0.014399999999999968
vt 0.7633 0.007800000000000029
vt 0.7651 0.08189999999999997
vt 0.7388 0.08489999999999998
vt 0.2363 0.36749999999999994
vt 0.2098 0.36549999999999994
vt 0.2121 0.35240000000000005
vt 0.236 0.3541000000000001
vt 0.2098 0.36549999999999994
vt 0.1843 0.3588
vt 0.189 0.3466
vt 0.2121 0.35240000000000005
vt 0.1843 0.3588
vt 0.1607 0.3481000000000001
vt 0.1675 0.3369
vt 0.189 0.3466
vt 0.1607 0.3481000000000001
vt 0.1395 0.3337
vt 0.1483 0.32400000000000007
vt 0.1675 0.3369
vt 0.1395 0.3337
vt 0.1215 0.3163
vt 0.1318 0.30820000000000003
vt 0.1483 0.32400000000000007
vt 0.1215 0.3163
vt 0.1069 0.2964
vt 0.1184 0.2901
vt 0.1318 0.30820000000000003
vt 0.1069 0.2964
vt 0.0961 0.27449999999999997
vt 0.1085 0.2702
vt 0.1184 0.2901
vt 0.0961 0.27449999999999997
vt 0.0892 0.25140000000000007
vt 0.1023 0.249
vt 0.1085 0.2702
vt 0.0892 0.25140000000000007
vt 0.0866 0.22750000000000004
vt 0.0998 0.22720000000000007
vt 0.1023 0.249
vt 0.0866 0.22750000000000004
vt 0.0881 0.2036
vt 0.1013 0.20540000000000003
vt 0.0998 0.22720000000000007
vt 0.0881 0.2036
vt 0.0939 0.18010000000000004
vt 0.1065 0.18399999999999994
vt 0.1013 0.20540000000000003
vt 0.0939 0.18010000000000004
vt 0.1037 0.15790000000000004
vt 0.1155 0.16369999999999996
vt 0.1065 0.18399999999999994
vt 0.1037 0.15790000000000004
vt 0.1173 0.13739999999999997
vt 0.128 0.1451
vt 0.1155 0.16369999999999996
vt 0.1173 0.13739999999999997
vt 0.1346 0.11929999999999996
vt 0.1437 0.12870000000000004
vt 0.128 0.1451
vt 0.1346 0.11929999999999996
vt 0.155 0.10409999999999997
vt 0.1623 0.11499999999999999
vt 0.1437 0.12870000000000004
vt 0.155 0.10409999999999997
vt 0.1781 0.09250000000000003
vt 0.1833 0.10450000000000004
vt 0.1623 0.11499999999999999
vt 0.1781 0.09250000000000003
vt 0.2032 0.08489999999999998
vt 0.206 0.0978
vt 0.1833 0.10450000000000004
vt 0.2032 0.08489999999999998
vt 0.2294 0.08189999999999997
vt 0.2298 0.09509999999999996
vt 0.206 0.0978
vt 0.772 0.36749999999999994
vt 0.7455 0.36549999999999994
vt 0.7477 0.35240000000000005
vt 0.7717 0.3541000000000001
vt 0.7455 0.36549999999999994
vt 0.7199 0.3588
vt 0.7247 0.3466
vt 0.7477 0.35240000000000005
vt 0.7199 0.3588
vt 0.6963 0.3481000000000001
vt 0.7032 0.3369
vt 0.7247 0.3466
vt 0.6963 0.3481000000000001
vt 0.6752 0.3337
vt 0.6839 0.32400000000000007
vt 0.7032 0.3369
vt 0.6752 0.3337
vt 0.6571 0.3163
vt 0.6674 0.30820000000000003
vt 0.6839 0.32400000000000007
vt 0.6571 0.3163
vt 0.6425 0.2964
vt 0.6541 0.2901
vt 0.6674 0.30820000000000003
vt 0.6425 0.2964
vt 0.6317 0.27459999999999996
vt 0.6441 0.2702
vt 0.6541 0.2901
vt 0.6317 0.27459999999999996
vt 0.6249 0.25140000000000007
vt 0.6379 0.249
vt 0.6441 0.2702
vt 0.6249 0.25140000000000007
vt 0.6222 0.22750000000000004
vt 0.6355 0.22720000000000007
vt 0.6379 0.249
vt 0.6222 0.22750000000000004
vt 0.6238 0.2036
vt 0.6369 0.20540000000000003
vt 0.6355 0.22720000000000007
vt 0.6238 0.2036
vt 0.6295 0.18010000000000004
vt 0.6421 0.18399999999999994
vt 0.6369 0.20540000000000003
vt 0.6295 0.18010000000000004
vt 0.6393 0.15790000000000004
vt 0.6511 0.16369999999999996
vt 0.6421 0.18399999999999994
vt 0.6393 0.15790000000000004
vt 0.653 0.13739999999999997
vt 0.6636 0.1451
vt 0.6511 0.16369999999999996
vt 0.653 0.13739999999999997
vt 0.6702 0.11929999999999996
vt 0.6794 0.12870000000000004
vt 0.6636 0.1451
vt 0.6702 0.11929999999999996
vt 0.6906 0.10409999999999997
vt 0.698 0.11499999999999999
vt 0.6794 0.12870000000000004
vt 0.6906 0.10409999999999997
vt 0.7137 0.09250000000000003
vt 0.719 0.10450000000000004
vt 0.698 0.11499999999999999
vt 0.7137 0.09250000000000003
vt 0.7388 0.08489999999999998
vt 0.7417 0.0978
vt 0.719 0.10450000000000004
vt 0.7388 0.08489999999999998
vt 0.7651 0.08189999999999997
vt 0.7654 0.09509999999999996
vt 0.7417 0.0978
vt 0.236 0.3541000000000001
vt 0.2121 0.35240000000000005
vt 0.2159 0.33010000000000006
vt 0.2355 0.3313999999999999
vt 0.2121 0.35240000000000005
vt 0.189 0.3466
vt 0.197 0.3254
vt 0.2159 0.33010000000000006
vt 0.189 0.3466
vt 0.1675 0.3369
vt 0.1793 0.3176
vt 0.197 0.3254
vt 0.1675 0.3369
vt 0.1483 0.32400000000000007
vt 0.1633 0.30699999999999994
vt 0.1793 0.3176
vt 0.1483 0.32400000000000007
vt 0.1318 0.30820000000000003
vt 0.1496 0.29400000000000004
vt 0.1633 0.30699999999999994
vt 0.1318 0.30820000000000003
vt 0.1184 0.2901
vt 0.1385 0.279
vt 0.1496 0.29400000000000004
vt 0.1184 0.2901
vt 0.1085 0.2702
vt 0.1302 0.26249999999999996
vt 0.1385 0.279
vt 0.1085 0.2702
vt 0.1023 0.249
vt 0.1249 0.2449
vt 0.1302 0.26249999999999996
vt 0.1023 0.249
vt 0.0998 0.22720000000000007
vt 0.1229 0.2267
vt 0.1249 0.2449
vt 0.0998 0.22720000000000007
vt 0.1013 0.20540000000000003
vt 0.1241 0.20850000000000002
vt 0.1229 0.2267
vt 0.1013 0.20540000000000003
vt 0.1065 0.18399999999999994
vt 0.1285 0.19079999999999997
vt 0.1241 0.20850000000000002
vt 0.1065 0.18399999999999994
vt 0.1155 0.16369999999999996
vt 0.136 0.17389999999999994
vt 0.1285 0.19079999999999997
vt 0.1155 0.16369999999999996
vt 0.128 0.1451
vt 0.1465 0.15849999999999997
vt 0.136 0.17389999999999994
vt 0.128 0.1451
vt 0.1437 0.12870000000000004
vt 0.1596 0.14500000000000002
vt 0.1465 0.15849999999999997
vt 0.1437 0.12870000000000004
vt 0.1623 0.11499999999999999
vt 0.175 0.13370000000000004
vt 0.1596 0.14500000000000002
vt 0.1623 0.11499999999999999
vt 0.1833 0.10450000000000004
vt 0.1923 0.12519999999999998
vt 0.175 0.13370000000000004
vt 0.1833 0.10450000000000004
vt 0.206 0.0978
vt 0.2109 0.11980000000000002
vt 0.1923 0.12519999999999998
vt 0.206 0.0978
vt 0.2298 0.09509999999999996
vt 0.2303 0.11770000000000003
vt 0.2109 0.11980000000000002
vt 0.7717 0.3541000000000001
vt 0.7477 0.35240000000000005
vt 0.7516 0.33010000000000006
vt 0.7711 0.3313999999999999
vt 0.7477 0.35240000000000005
vt 0.7247 0.3466
vt 0.7326 0.3254
vt 0.7516 0.33010000000000006
vt 0.7247 0.3466
vt 0.7032 0.3369
vt 0.7149 0.3176
vt 0.7326 0.3254
vt 0.7032 0.3369
vt 0.6839 0.32400000000000007
vt 0.699 0.30699999999999994
vt 0.7149 0.3176
vt 0.6839 0.32400000000000007
vt 0.6674 0.30820000000000003
vt 0.6852 0.29400000000000004
vt 0.699 0.30699999999999994
vt 0.6674 0.30820000000000003
vt 0.6541 0.2901
vt 0.6741 0.279
vt 0.6852 0.29400000000000004
vt 0.6541 0.2901
vt 0.6441 0.2702
vt 0.6658 0.26249999999999996
vt 0.6741 0.279
vt 0.6441 0.2702
vt 0.6379 0.249
vt 0.6606 0.2449
vt 0.6658 0.26249999999999996
vt 0.6379 0.249
vt 0.6355 0.22720000000000007
vt 0.6585 0.2267
vt 0.6606 0.2449
vt 0.6355 0.22720000000000007
vt 0.6369 0.20540000000000003
vt 0.6597 0.20850000000000002
vt 0.6585 0.2267
vt 0.6369 0.20540000000000003
vt 0.6421 0.18399999999999994
vt 0.6642 0.19079999999999997
vt 0.6597 0.20850000000000002
vt 0.6421 0.18399999999999994
vt 0.6511 0.16369999999999996
vt 0.6717 0.17389999999999994
vt 0.6642 0.19079999999999997
vt 0.6511 0.16369999999999996
vt 0.6636 0.1451
vt 0.6821 0.15849999999999997
vt 0.6717 0.17389999999999994
vt 0.6636 0.1451
vt 0.6794 0.12870000000000004
vt 0.6952 0.14500000000000002
vt 0.6821 0.15849999999999997
vt 0.6794 0.12870000000000004
vt 0.698 0.11499999999999999
vt 0.7106 0.13370000000000004
vt 0.6952 0.14500000000000002
vt 0.698 0.11499999999999999
vt 0.719 0.10450000000000004
vt 0.7279 0.12529999999999997
vt 0.7106 0.13370000000000004
vt 0.719 0.10450000000000004
vt 0.7417 0.0978
vt 0.7466 0.11980000000000002
vt 0.7279 0.12529999999999997
vt 0.7417 0.0978
vt 0.7654 0.09509999999999996
vt 0.766 0.11770000000000003
vt 0.7466 0.11980000000000002
vt 0.2355 0.3313999999999999
vt 0.2159 0.33010000000000006
vt 0.2242 0.27980000000000005
vt 0.2342 0.28049999999999997
vt 0.2159 0.33010000000000006
vt 0.197 0.3254
vt 0.2145 0.2775000000000001
vt 0.2242 0.27980000000000005
vt 0.197 0.3254
vt 0.1793 0.3176
vt 0.2053 0.2735000000000001
vt 0.2145 0.2775000000000001
vt 0.1793 0.3176
vt 0.1633 0.30699999999999994
vt 0.197 0.2681
vt 0.2053 0.2735000000000001
vt 0.1633 0.30699999999999994
vt 0.1496 0.29400000000000004
vt 0.1898 0.2613
vt 0.197 0.2681
vt 0.1496 0.29400000000000004
vt 0.1385 0.279
vt 0.1839 0.25340000000000007
vt 0.1898 0.2613
vt 0.1385 0.279
vt 0.1302 0.26249999999999996
vt 0.1795 0.24470000000000003
vt 0.1839 0.25340000000000007
vt 0.1302 0.26249999999999996
vt 0.1249 0.2449
vt 0.1767 0.23530000000000006
vt 0.1795 0.24470000000000003
vt 0.1249 0.2449
vt 0.1229 0.2267
vt 0.1756 0.2257
vt 0.1767 0.23530000000000006
vt 0.1229 0.2267
vt 0.1241 0.20850000000000002
vt 0.1762 0.21599999999999997
vt 0.1756 0.2257
vt 0.1241 0.20850000000000002
vt 0.1285 0.19079999999999997
vt 0.1786 0.20650000000000002
vt 0.1762 0.21599999999999997
vt 0.1285 0.19079999999999997
vt 0.136 0.17389999999999994
vt 0.1826 0.1976
vt 0.1786 0.20650000000000002
vt 0.136 0.17389999999999994
vt 0.1465 0.15849999999999997
vt 0.1881 0.1895
vt 0.1826 0.1976
vt 0.1465 0.15849999999999997
vt 0.1596 0.14500000000000002
vt 0.195 0.1824
vt 0.1881 0.1895
vt 0.1596 0.14500000000000002
vt 0.175 0.13370000000000004
vt 0.203 0.17659999999999998
vt 0.195 0.1824
vt 0.175 0.13370000000000004
vt 0.1923 0.12519999999999998
vt 0.212 0.1723
vt 0.203 0.17659999999999998
vt 0.1923 0.12519999999999998
vt 0.2109 0.11980000000000002
vt 0.2216 0.16949999999999998
vt 0.212 0.1723
vt 0.2109 0.11980000000000002
vt 0.2303 0.11770000000000003
vt 0.2315 0.1684
vt 0.2216 0.16949999999999998
vt 0.7711 0.3313999999999999
vt 0.7516 0.33010000000000006
vt 0.7599 0.27980000000000005
vt 0.7699 0.28049999999999997
vt 0.7516 0.33010000000000006
vt 0.7326 0.3254
vt 0.7501 0.2775000000000001
vt 0.7599 0.27980000000000005
vt 0.7326 0.3254
vt 0.7149 0.3176
vt 0.741 0.2735000000000001
vt 0.7501 0.2775000000000001
vt 0.7149 0.3176
vt 0.699 0.30699999999999994
vt 0.7327 0.2681
vt 0.741 0.2735000000000001
vt 0.699 0.30699999999999994
vt 0.6852 0.29400000000000004
vt 0.7254 0.2613
vt 0.7327 0.2681
vt 0.6852 0.29400000000000004
vt 0.6741 0.279
vt 0.7195 0.25340000000000007
vt 0.7254 0.2613
vt 0.6741 0.279
vt 0.6658 0.26249999999999996
vt 0.7151 0.24470000000000003
vt 0.7195 0.25340000000000007
vt 0.6658 0.26249999999999996
vt 0.6606 0.2449
vt 0.7124 0.23540000000000005
vt 0.7151 0.24470000000000003
vt 0.6606 0.2449
vt 0.6585 0.2267
vt 0.7113 0.2257
vt 0.7124 0.23540000000000005
vt 0.6585 0.2267
vt 0.6597 0.20850000000000002
vt 0.7119 0.21599999999999997
vt 0.7113 0.2257
vt 0.6597 0.20850000000000002
vt 0.6642 0.19079999999999997
vt 0.7142 0.20650000000000002
vt 0.7119 0.21599999999999997
vt 0.6642 0.19079999999999997
vt 0.6717 0.17389999999999994
vt 0.7182 0.1976
vt 0.7142 0.20650000000000002
vt 0.6717 0.17389999999999994
vt 0.6821 0.15849999999999997
vt 0.7237 0.1895
vt 0.7182 0.1976
vt 0.6821 0.15849999999999997
vt 0.6952 0.14500000000000002
vt 0.7306 0.1824
vt 0.7237 0.1895
vt 0.6952 0.14500000000000002
vt 0.7106 0.13370000000000004
vt 0.7387 0.17659999999999998
vt 0.7306 0.1824
vt 0.7106 0.13370000000000004
vt 0.7279 0.12529999999999997
vt 0.7476 0.1723
vt 0.7387 0.17659999999999998
vt 0.7279 0.12529999999999997
vt 0.7466 0.11980000000000002
vt 0.7572 0.16949999999999998
vt 0.7476 0.1723
vt 0.7466 0.11980000000000002
vt 0.766 0.11770000000000003
vt 0.7672 0.1684
vt 0.7572 0.16949999999999998
vt 0.2342 0.28049999999999997
vt 0.2242 0.27980000000000005
vt 0.2254 0.273
vt 0.2341 0.27360000000000007
vt 0.2242 0.27980000000000005
vt 0.2145 0.2775000000000001
vt 0.2169 0.2708999999999999
vt 0.2254 0.273
vt 0.2145 0.2775000000000001
vt 0.2053 0.2735000000000001
vt 0.2089 0.26750000000000007
vt 0.2169 0.2708999999999999
vt 0.2053 0.2735000000000001
vt 0.197 0.2681
vt 0.2017 0.26269999999999993
vt 0.2089 0.26750000000000007
vt 0.197 0.2681
vt 0.1898 0.2613
vt 0.1954 0.2567999999999999
vt 0.2017 0.26269999999999993
vt 0.1898 0.2613
vt 0.1839 0.25340000000000007
vt 0.1903 0.2499
vt 0.1954 0.2567999999999999
vt 0.1839 0.25340000000000007
vt 0.1795 0.24470000000000003
vt 0.1864 0.24219999999999997
vt 0.1903 0.2499
vt 0.1795 0.24470000000000003
vt 0.1767 0.23530000000000006
vt 0.184 0.23399999999999999
vt 0.1864 0.24219999999999997
vt 0.1767 0.23530000000000006
vt 0.1756 0.2257
vt 0.1831 0.22550000000000003
vt 0.184 0.23399999999999999
vt 0.1756 0.2257
vt 0.1762 0.21599999999999997
vt 0.1836 0.21699999999999997
vt 0.1831 0.22550000000000003
vt 0.1762 0.21599999999999997
vt 0.1786 0.20650000000000002
vt 0.1856 0.2087
vt 0.1836 0.21699999999999997
vt 0.1786 0.20650000000000002
vt 0.1826 0.1976
vt 0.1891 0.20089999999999997
vt 0.1856 0.2087
vt 0.1826 0.1976
vt 0.1881 0.1895
vt 0.1939 0.19379999999999997
vt 0.1891 0.20089999999999997
vt 0.1881 0.1895
vt 0.195 0.1824
vt 0.1999 0.1876
vt 0.1939 0.19379999999999997
vt 0.195 0.1824
vt 0.203 0.17659999999999998
vt 0.2069 0.1825
vt 0.1999 0.1876
vt 0.203 0.17659999999999998
vt 0.212 0.1723
vt 0.2147 0.17869999999999997
vt 0.2069 0.1825
vt 0.212 0.1723
vt 0.2216 0.16949999999999998
vt 0.2231 0.1763
vt 0.2147 0.17869999999999997
vt 0.2216 0.16949999999999998
vt 0.2315 0.1684
vt 0.2317 0.1753
vt 0.2231 0.1763
vt 0.7699 0.28049999999999997
vt 0.7599 0.27980000000000005
vt 0.761 0.273
vt 0.7697 0.27360000000000007
vt 0.7599 0.27980000000000005
vt 0.7501 0.2775000000000001
vt 0.7525 0.271
vt 0.761 0.273
vt 0.7501 0.2775000000000001
vt 0.741 0.2735000000000001
vt 0.7446 0.26750000000000007
vt 0.7525 0.271
vt 0.741 0.2735000000000001
vt 0.7327 0.2681
vt 0.7373 0.26269999999999993
vt 0.7446 0.26750000000000007
vt 0.7327 0.2681
vt 0.7254 0.2613
vt 0.731 0.2567999999999999
vt 0.7373 0.26269999999999993
vt 0.7254 0.2613
vt 0.7195 0.25340000000000007
vt 0.7259 0.2499
vt 0.731 0.2567999999999999
vt 0.7195 0.25340000000000007
vt 0.7151 0.24470000000000003
vt 0.7221 0.24219999999999997
vt 0.7259 0.2499
vt 0.7151 0.24470000000000003
vt 0.7124 0.23540000000000005
vt 0.7196 0.23399999999999999
vt 0.7221 0.24219999999999997
vt 0.7124 0.23540000000000005
vt 0.7113 0.2257
vt 0.7187 0.22550000000000003
vt 0.7196 0.23399999999999999
vt 0.7113 0.2257
vt 0.7119 0.21599999999999997
vt 0.7192 0.21699999999999997
vt 0.7187 0.22550000000000003
vt 0.7119 0.21599999999999997
vt 0.7142 0.20650000000000002
vt 0.7213 0.2087
vt 0.7192 0.21699999999999997
vt 0.7142 0.20650000000000002
vt 0.7182 0.1976
vt 0.7247 0.20089999999999997
vt 0.7213 0.2087
vt 0.7182 0.1976
vt 0.7237 0.1895
vt 0.7295 0.19379999999999997
vt 0.7247 0.20089999999999997
vt 0.7237 0.1895
vt 0.7306 0.1824
vt 0.7355 0.1876
vt 0.7295 0.19379999999999997
vt 0.7306 0.1824
vt 0.7387 0.17659999999999998
vt 0.7425 0.1825
vt 0.7355 0.1876
vt 0.7387 0.17659999999999998
vt 0.7476 0.1723
vt 0.7503 0.17869999999999997
vt 0.7425 0.1825
vt 0.7476 0.1723
vt 0.7572 0.16949999999999998
vt 0.7587 0.1763
vt 0.7503 0.17869999999999997
vt 0.7572 0.16949999999999998
vt 0.7672 0.1684
vt 0.7673 0.1753
vt 0.7587 0.1763
vt 0.2254 0.273
vt 0.2231 0.1763
vt 0.2317 0.1753
vt 0.2341 0.27360000000000007
vt 0.761 0.273
vt 0.7587 0.1763
vt 0.7673 0.1753
vt 0.7697 0.27360000000000007
vt 0.9981 0.5411
vt 0.9981 0.9072
vt 0.9725 0.9072
vt 0.9725 0.5411
vt 0.9725 0.5411
vt 0.9725 0.9072
vt 0.9459 0.9072
vt 0.9459 0.5411
vt 0.9459 0.5411
vt 0.9459 0.9072
vt 0.9185 0.9072
vt 0.9185 0.5411
vt 0.9185 0.5411
vt 0.9185 0.9072
vt 0.8908 0.9072
vt 0.8908 0.5411
vt 0.8908 0.5411
vt 0.8908 0.9072
vt 0.8628 0.9072
vt 0.8628 0.5411
vt 0.8628 0.5411
vt 0.8628 0.9072
vt 0.8349 0.9072
vt 0.8349 0.5411
vt 0.8349 0.5411
vt 0.8349 0.9072
vt 0.8068 0.9072
vt 0.8068 0.5411
vt 0.8068 0.5411
vt 0.8068 0.9072
vt 0.7789 0.9072
vt 0.7789 0.5411
vt 0.7789 0.5411
vt 0.7789 0.9072
vt 0.7509 0.9072
vt 0.7509 0.5411
vt 0.7509 0.5411
vt 0.7509 0.9072
vt 0.723 0.9072
vt 0.723 0.5411
vt 0.723 0.5411
vt 0.723 0.9072
vt 0.695 0.9072
vt 0.695 0.5411
vt 0.695 0.5411
vt 0.695 0.9072
vt 0.6671 0.9072
vt 0.6671 0.5411
vt 0.6671 0.5411
vt 0.6671 0.9072
vt 0.6393 0.9072
vt 0.6393 0.5411
vt 0.6393 0.5411
vt 0.6393 0.9072
vt 0.6114 0.9072
vt 0.6114 0.5411
vt 0.6114 0.5411
vt 0.6114 0.9072
vt 0.5835 0.9072
vt 0.5835 0.5411
vt 0.5835 0.5411
vt 0.5835 0.9072
vt 0.5557 0.9072
vt 0.5557 0.5411
vt 0.5557 0.5411
vt 0.5557 0.9072
vt 0.5278 0.9072
vt 0.5278 0.5411
vt 0.5278 0.5411
vt 0.5278 0.9072
vt 0.5 0.9072
vt 0.5 0.5411
vt 0.9981 0.9072
vt 0.9981 0.998
vt 0.9725 0.998
vt 0.9725 0.9072
vt 0.9725 0.9072
vt 0.9725 0.998
vt 0.9459 0.998
vt 0.9459 0.9072
vt 0.9459 0.9072
vt 0.9459 0.998
vt 0.9185 0.998
vt 0.9185 0.9072
vt 0.9185 0.9072
vt 0.9185 0.998
vt 0.8908 0.998
vt 0.8908 0.9072
vt 0.8908 0.9072
vt 0.8908 0.998
vt 0.8628 0.998
vt 0.8628 0.9072
vt 0.8628 0.9072
vt 0.8628 0.998
vt 0.8349 0.998
vt 0.8349 0.9072
vt 0.8349 0.9072
vt 0.8349 0.998
vt 0.8068 0.998
vt 0.8068 0.9072
vt 0.8068 0.9072
vt 0.8068 0.998
vt 0.7789 0.998
vt 0.7789 0.9072
vt 0.7789 0.9072
vt 0.7789 0.998
vt 0.7509 0.998
vt 0.7509 0.9072
vt 0.7509 0.9072
vt 0.7509 0.998
vt 0.723 0.998
vt 0.723 0.9072
vt 0.723 0.9072
vt 0.723 0.998
vt 0.695 0.998
vt 0.695 0.9072
vt 0.695 0.9072
vt 0.695 0.998
vt 0.6671 0.998
vt 0.6671 0.9072
vt 0.6671 0.9072
vt 0.6671 0.998
vt 0.6393 0.998
vt 0.6393 0.9072
vt 0.6393 0.9072
vt 0.6393 0.998
vt 0.6114 0.998
vt 0.6114 0.9072
vt 0.6114 0.9072
vt 0.6114 0.998
vt 0.5835 0.998
vt 0.5835 0.9072
vt 0.5835 0.9072
vt 0.5835 0.998
vt 0.5557 0.998
vt 0.5557 0.9072
vt 0.5557 0.9072
vt 0.5557 0.998
vt 0.5278 0.998
vt 0.5278 0.9072
vt 0.5278 0.9072
vt 0.5278 0.998
vt 0.5 0.998
vt 0.5 0.9072
vt 0.5 0.5411
vt 0.5 0.4502999999999999
vt 0.5278 0.4502999999999999
vt 0.5278 0.5411
vt 0.5278 0.5411
vt 0.5278 0.4502999999999999
vt 0.5557 0.4502999999999999
vt 0.5557 0.5411
vt 0.5557 0.5411
vt 0.5557 0.4502999999999999
vt 0.5835 0.4502999999999999
vt 0.5835 0.5411
vt 0.5835 0.5411
vt 0.5835 0.4502999999999999
vt 0.6114 0.4502999999999999
vt 0.6114 0.5411
vt 0.6114 0.5411
vt 0.6114 0.4502999999999999
vt 0.6393 0.4502999999999999
vt 0.6393 0.5411
vt 0.6393 0.5411
vt 0.6393 0.4502999999999999
vt 0.6671 0.4502999999999999
vt 0.6671 0.5411
vt 0.6671 0.5411
vt 0.6671 0.4502999999999999
vt 0.695 0.4502999999999999
vt 0.695 0.5411
vt 0.695 0.5411
vt 0.695 0.4502999999999999
vt 0.723 0.4502999999999999
vt 0.723 0.5411
vt 0.723 0.5411
vt 0.723 0.4502999999999999
vt 0.7509 0.4502999999999999
vt 0.7509 0.5411
vt 0.7509 0.5411
vt 0.7509 0.4502999999999999
vt 0.7789 0.4502999999999999
vt 0.7789 0.5411
vt 0.7789 0.5411
vt 0.7789 0.4502999999999999
vt 0.8068 0.4502999999999999
vt 0.8068 0.5411
vt 0.8068 0.5411
vt 0.8068 0.4502999999999999
vt 0.8349 0.4502999999999999
vt 0.8349 0.5411
vt 0.8349 0.5411
vt 0.8349 0.4502999999999999
vt 0.8628 0.4502999999999999
vt 0.8628 0.5411
vt 0.8628 0.5411
vt 0.8628 0.4502999999999999
vt 0.8908 0.4502999999999999
vt 0.8908 0.5411
vt 0.8908 0.5411
vt 0.8908 0.4502999999999999
vt 0.9185 0.4502999999999999
vt 0.9185 0.5411
vt 0.9185 0.5411
vt 0.9185 0.4502999999999999
vt 0.9459 0.4502999999999999
vt 0.9459 0.5411
vt 0.9459 0.5411
vt 0.9459 0.4502999999999999
vt 0.9725 0.4502999999999999
vt 0.9725 0.5411
vt 0.9725 0.5411
vt 0.9725 0.4502999999999999
vt 0.9981 0.4502999999999999
vt 0.9981 0.5411
vt 0.2381 0.44189999999999996
vt 0.2363 0.36749999999999994
vt 0.2628 0.36430000000000007
vt 0.2793 0.43510000000000004
vt 0.2793 0.43510000000000004
vt 0.2628 0.36430000000000007
vt 0.2879 0.35660000000000003
vt 0.3173 0.42189999999999994
vt 0.3173 0.42189999999999994
vt 0.2879 0.35660000000000003
vt 0.311 0.3449
vt 0.3515 0.4031
vt 0.3515 0.4031
vt 0.311 0.3449
vt 0.3314 0.3296
vt 0.3813 0.3796999999999999
vt 0.3813 0.3796999999999999
vt 0.3314 0.3296
vt 0.3486 0.3114
vt 0.4062 0.35230000000000006
vt 0.4062 0.35230000000000006
vt 0.3486 0.3114
vt 0.3623 0.29089999999999994
vt 0.4257 0.3219000000000001
vt 0.4257 0.3219000000000001
vt 0.3623 0.29089999999999994
vt 0.372 0.26859999999999995
vt 0.4397 0.2891
vt 0.4397 0.2891
vt 0.372 0.26859999999999995
vt 0.3777 0.24519999999999997
vt 0.4478 0.2548
vt 0.4478 0.2548
vt 0.3777 0.24519999999999997
vt 0.3792 0.22120000000000006
vt 0.4499 0.2198
vt 0.4499 0.2198
vt 0.3792 0.22120000000000006
vt 0.3765 0.19740000000000002
vt 0.446 0.18500000000000005
vt 0.446 0.18500000000000005
vt 0.3765 0.19740000000000002
vt 0.3696 0.17420000000000002
vt 0.4363 0.1511
vt 0.4363 0.1511
vt 0.3696 0.17420000000000002
vt 0.3588 0.15239999999999998
vt 0.4207 0.119
vt 0.4207 0.119
vt 0.3588 0.15239999999999998
vt 0.3441 0.13250000000000006
vt 0.3997 0.08950000000000002
vt 0.3997 0.08950000000000002
vt 0.3441 0.13250000000000006
vt 0.326 0.11519999999999997
vt 0.3735 0.06330000000000002
vt 0.3735 0.06330000000000002
vt 0.326 0.11519999999999997
vt 0.3049 0.10089999999999999
vt 0.3427 0.041200000000000014
vt 0.3427 0.041200000000000014
vt 0.3049 0.10089999999999999
vt 0.2813 0.09030000000000005
vt 0.3076 0.02410000000000001
vt 0.3076 0.02410000000000001
vt 0.2813 0.09030000000000005
vt 0.2559 0.08379999999999999
vt 0.269 0.012700000000000045
vt 0.269 0.012700000000000045
vt 0.2559 0.08379999999999999
vt 0.2294 0.08189999999999997
vt 0.2277 0.007800000000000029
vt 0.7738 0.44189999999999996
vt 0.772 0.36749999999999994
vt 0.7984 0.36430000000000007
vt 0.8149 0.43510000000000004
vt 0.8149 0.43510000000000004
vt 0.7984 0.36430000000000007
vt 0.8236 0.35660000000000003
vt 0.853 0.42189999999999994
vt 0.853 0.42189999999999994
vt 0.8236 0.35660000000000003
vt 0.8467 0.3449
vt 0.8872 0.4031
vt 0.8872 0.4031
vt 0.8467 0.3449
vt 0.8671 0.3296
vt 0.917 0.3796999999999999
vt 0.917 0.3796999999999999
vt 0.8671 0.3296
vt 0.8843 0.3114
vt 0.9418 0.35230000000000006
vt 0.9418 0.35230000000000006
vt 0.8843 0.3114
vt 0.8979 0.29089999999999994
vt 0.9614 0.3219000000000001
vt 0.9614 0.3219000000000001
vt 0.8979 0.29089999999999994
vt 0.9077 0.26859999999999995
vt 0.9753 0.2891
vt 0.9753 0.2891
vt 0.9077 0.26859999999999995
vt 0.9133 0.24519999999999997
vt 0.9834 0.2548
vt 0.9834 0.2548
vt 0.9133 0.24519999999999997
vt 0.9148 0.22120000000000006
vt 0.9855 0.2198
vt 0.9855 0.2198
vt 0.9148 0.22120000000000006
vt 0.9121 0.19740000000000002
vt 0.9817 0.18500000000000005
vt 0.9817 0.18500000000000005
vt 0.9121 0.19740000000000002
vt 0.9053 0.17420000000000002
vt 0.9719 0.1511
vt 0.9719 0.1511
vt 0.9053 0.17420000000000002
vt 0.8944 0.15239999999999998
vt 0.9564 0.119
vt 0.9564 0.119
vt 0.8944 0.15239999999999998
vt 0.8798 0.13250000000000006
vt 0.9354 0.08950000000000002
vt 0.9354 0.08950000000000002
vt 0.8798 0.13250000000000006
vt 0.8617 0.11519999999999997
vt 0.9092 0.06330000000000002
vt 0.9092 0.06330000000000002
vt 0.8617 0.11519999999999997
vt 0.8406 0.10089999999999999
vt 0.8783 0.041200000000000014
vt 0.8783 0.041200000000000014
vt 0.8406 0.10089999999999999
vt 0.8169 0.09030000000000005
vt 0.8433 0.02410000000000001
vt 0.8433 0.02410000000000001
vt 0.8169 0.09030000000000005
vt 0.7915 0.08379999999999999
vt 0.8047 0.012700000000000045
vt 0.8047 0.012700000000000045
vt 0.7915 0.08379999999999999
vt 0.7651 0.08189999999999997
vt 0.7633 0.007800000000000029
vt 0.2363 0.36749999999999994
vt 0.236 0.3541000000000001
vt 0.2598 0.35139999999999993
vt 0.2628 0.36430000000000007
vt 0.2628 0.36430000000000007
vt 0.2598 0.35139999999999993
vt 0.2826 0.3446
vt 0.2879 0.35660000000000003
vt 0.2879 0.35660000000000003
vt 0.2826 0.3446
vt 0.3036 0.3340000000000001
vt 0.311 0.3449
vt 0.311 0.3449
vt 0.3036 0.3340000000000001
vt 0.3222 0.32030000000000003
vt 0.3314 0.3296
vt 0.3314 0.3296
vt 0.3222 0.32030000000000003
vt 0.3379 0.30380000000000007
vt 0.3486 0.3114
vt 0.3486 0.3114
vt 0.3379 0.30380000000000007
vt 0.3504 0.2851
vt 0.3623 0.29089999999999994
vt 0.3623 0.29089999999999994
vt 0.3504 0.2851
vt 0.3594 0.2647999999999999
vt 0.372 0.26859999999999995
vt 0.372 0.26859999999999995
vt 0.3594 0.2647999999999999
vt 0.3646 0.24340000000000006
vt 0.3777 0.24519999999999997
vt 0.3777 0.24519999999999997
vt 0.3646 0.24340000000000006
vt 0.366 0.22150000000000003
vt 0.3792 0.22120000000000006
vt 0.3792 0.22120000000000006
vt 0.366 0.22150000000000003
vt 0.3635 0.1997
vt 0.3765 0.19740000000000002
vt 0.3765 0.19740000000000002
vt 0.3635 0.1997
vt 0.3572 0.17859999999999998
vt 0.3696 0.17420000000000002
vt 0.3696 0.17420000000000002
vt 0.3572 0.17859999999999998
vt 0.3473 0.15870000000000006
vt 0.3588 0.15239999999999998
vt 0.3588 0.15239999999999998
vt 0.3473 0.15870000000000006
vt 0.3339 0.14070000000000005
vt 0.3441 0.13250000000000006
vt 0.3441 0.13250000000000006
vt 0.3339 0.14070000000000005
vt 0.3173 0.12490000000000001
vt 0.326 0.11519999999999997
vt 0.326 0.11519999999999997
vt 0.3173 0.12490000000000001
vt 0.2981 0.11209999999999998
vt 0.3049 0.10089999999999999
vt 0.3049 0.10089999999999999
vt 0.2981 0.11209999999999998
vt 0.2766 0.10250000000000004
vt 0.2813 0.09030000000000005
vt 0.2813 0.09030000000000005
vt 0.2766 0.10250000000000004
vt 0.2536 0.0968
vt 0.2559 0.08379999999999999
vt 0.2559 0.08379999999999999
vt 0.2536 0.0968
vt 0.2298 0.09509999999999996
vt 0.2294 0.08189999999999997
vt 0.772 0.36749999999999994
vt 0.7717 0.3541000000000001
vt 0.7955 0.35139999999999993
vt 0.7984 0.36430000000000007
vt 0.7984 0.36430000000000007
vt 0.7955 0.35139999999999993
vt 0.8183 0.3446
vt 0.8236 0.35660000000000003
vt 0.8236 0.35660000000000003
vt 0.8183 0.3446
vt 0.8393 0.3340000000000001
vt 0.8467 0.3449
vt 0.8467 0.3449
vt 0.8393 0.3340000000000001
vt 0.8579 0.32030000000000003
vt 0.8671 0.3296
vt 0.8671 0.3296
vt 0.8579 0.32030000000000003
vt 0.8736 0.30380000000000007
vt 0.8843 0.3114
vt 0.8843 0.3114
vt 0.8736 0.30380000000000007
vt 0.8861 0.2851
vt 0.8979 0.29089999999999994
vt 0.8979 0.29089999999999994
vt 0.8861 0.2851
vt 0.895 0.2647999999999999
vt 0.9077 0.26859999999999995
vt 0.9077 0.26859999999999995
vt 0.895 0.2647999999999999
vt 0.9002 0.24340000000000006
vt 0.9133 0.24519999999999997
vt 0.9133 0.24519999999999997
vt 0.9002 0.24340000000000006
vt 0.9016 0.22150000000000003
vt 0.9148 0.22120000000000006
vt 0.9148 0.22120000000000006
vt 0.9016 0.22150000000000003
vt 0.8991 0.1997
vt 0.9121 0.19740000000000002
vt 0.9121 0.19740000000000002
vt 0.8991 0.1997
vt 0.8928 0.17859999999999998
vt 0.9053 0.17420000000000002
vt 0.9053 0.17420000000000002
vt 0.8928 0.17859999999999998
vt 0.8829 0.15880000000000005
vt 0.8944 0.15239999999999998
vt 0.8944 0.15239999999999998
vt 0.8829 0.15880000000000005
vt 0.8695 0.14070000000000005
vt 0.8798 0.13250000000000006
vt 0.8798 0.13250000000000006
vt 0.8695 0.14070000000000005
vt 0.853 0.12490000000000001
vt 0.8617 0.11519999999999997
vt 0.8617 0.11519999999999997
vt 0.853 0.12490000000000001
vt 0.8337 0.11209999999999998
vt 0.8406 0.10089999999999999
vt 0.8406 0.10089999999999999
vt 0.8337 0.11209999999999998
vt 0.8123 0.10250000000000004
vt 0.8169 0.09030000000000005
vt 0.8169 0.09030000000000005
vt 0.8123 0.10250000000000004
vt 0.7893 0.0968
vt 0.7915 0.08379999999999999
vt 0.7915 0.08379999999999999
vt 0.7893 0.0968
vt 0.7654 0.09509999999999996
vt 0.7651 0.08189999999999997
vt 0.236 0.3541000000000001
vt 0.2355 0.3313999999999999
vt 0.2549 0.3292999999999999
vt 0.2598 0.35139999999999993
vt 0.2598 0.35139999999999993
vt 0.2549 0.3292999999999999
vt 0.2736 0.3238
vt 0.2826 0.3446
vt 0.2826 0.3446
vt 0.2736 0.3238
vt 0.291 0.3151999999999999
vt 0.3036 0.3340000000000001
vt 0.3036 0.3340000000000001
vt 0.291 0.3151999999999999
vt 0.3064 0.30390000000000006
vt 0.3222 0.32030000000000003
vt 0.3222 0.32030000000000003
vt 0.3064 0.30390000000000006
vt 0.3195 0.2903
vt 0.3379 0.30380000000000007
vt 0.3379 0.30380000000000007
vt 0.3195 0.2903
vt 0.3299 0.2748999999999999
vt 0.3504 0.2851
vt 0.3504 0.2851
vt 0.3299 0.2748999999999999
vt 0.3374 0.258
vt 0.3594 0.2647999999999999
vt 0.3594 0.2647999999999999
vt 0.3374 0.258
vt 0.3417 0.24019999999999997
vt 0.3646 0.24340000000000006
vt 0.3646 0.24340000000000006
vt 0.3417 0.24019999999999997
vt 0.3429 0.22199999999999998
vt 0.366 0.22150000000000003
vt 0.366 0.22150000000000003
vt 0.3429 0.22199999999999998
vt 0.3408 0.20389999999999997
vt 0.3635 0.1997
vt 0.3635 0.1997
vt 0.3408 0.20389999999999997
vt 0.3355 0.18630000000000002
vt 0.3572 0.17859999999999998
vt 0.3572 0.17859999999999998
vt 0.3355 0.18630000000000002
vt 0.3272 0.16979999999999995
vt 0.3473 0.15870000000000006
vt 0.3473 0.15870000000000006
vt 0.3272 0.16979999999999995
vt 0.3161 0.15480000000000005
vt 0.3339 0.14070000000000005
vt 0.3339 0.14070000000000005
vt 0.3161 0.15480000000000005
vt 0.3023 0.14190000000000003
vt 0.3173 0.12490000000000001
vt 0.3173 0.12490000000000001
vt 0.3023 0.14190000000000003
vt 0.2864 0.13129999999999997
vt 0.2981 0.11209999999999998
vt 0.2981 0.11209999999999998
vt 0.2864 0.13129999999999997
vt 0.2687 0.12360000000000004
vt 0.2766 0.10250000000000004
vt 0.2766 0.10250000000000004
vt 0.2687 0.12360000000000004
vt 0.2498 0.119
vt 0.2536 0.0968
vt 0.2536 0.0968
vt 0.2498 0.119
vt 0.2303 0.11770000000000003
vt 0.2298 0.09509999999999996
vt 0.7717 0.3541000000000001
vt 0.7711 0.3313999999999999
vt 0.7906 0.3292999999999999
vt 0.7955 0.35139999999999993
vt 0.7955 0.35139999999999993
vt 0.7906 0.3292999999999999
vt 0.8093 0.3238
vt 0.8183 0.3446
vt 0.8183 0.3446
vt 0.8093 0.3238
vt 0.8266 0.3151999999999999
vt 0.8393 0.3340000000000001
vt 0.8393 0.3340000000000001
vt 0.8266 0.3151999999999999
vt 0.842 0.30390000000000006
vt 0.8579 0.32030000000000003
vt 0.8579 0.32030000000000003
vt 0.842 0.30390000000000006
vt 0.8551 0.2903
vt 0.8736 0.30380000000000007
vt 0.8736 0.30380000000000007
vt 0.8551 0.2903
vt 0.8655 0.2748999999999999
vt 0.8861 0.2851
vt 0.8861 0.2851
vt 0.8655 0.2748999999999999
vt 0.873 0.258
vt 0.895 0.2647999999999999
vt 0.895 0.2647999999999999
vt 0.873 0.258
vt 0.8774 0.24019999999999997
vt 0.9002 0.24340000000000006
vt 0.9002 0.24340000000000006
vt 0.8774 0.24019999999999997
vt 0.8785 0.22199999999999998
vt 0.9016 0.22150000000000003
vt 0.9016 0.22150000000000003
vt 0.8785 0.22199999999999998
vt 0.8764 0.20389999999999997
vt 0.8991 0.1997
vt 0.8991 0.1997
vt 0.8764 0.20389999999999997
vt 0.8712 0.18630000000000002
vt 0.8928 0.17859999999999998
vt 0.8928 0.17859999999999998
vt 0.8712 0.18630000000000002
vt 0.8629 0.16979999999999995
vt 0.8829 0.15880000000000005
vt 0.8829 0.15880000000000005
vt 0.8629 0.16979999999999995
vt 0.8517 0.15490000000000004
vt 0.8695 0.14070000000000005
vt 0.8695 0.14070000000000005
vt 0.8517 0.15490000000000004
vt 0.838 0.14190000000000003
vt 0.853 0.12490000000000001
vt 0.853 0.12490000000000001
vt 0.838 0.14190000000000003
vt 0.822 0.13139999999999996
vt 0.8337 0.11209999999999998
vt 0.8337 0.11209999999999998
vt 0.822 0.13139999999999996
vt 0.8043 0.12360000000000004
vt 0.8123 0.10250000000000004
vt 0.8123 0.10250000000000004
vt 0.8043 0.12360000000000004
vt 0.7854 0.119
vt 0.7893 0.0968
vt 0.7893 0.0968
vt 0.7854 0.119
vt 0.766 0.11770000000000003
vt 0.7654 0.09509999999999996
vt 0.2355 0.3313999999999999
vt 0.2342 0.28049999999999997
vt 0.2442 0.2794
vt 0.2549 0.3292999999999999
vt 0.2549 0.3292999999999999
vt 0.2442 0.2794
vt 0.2538 0.27659999999999996
vt 0.2736 0.3238
vt 0.2736 0.3238
vt 0.2538 0.27659999999999996
vt 0.2628 0.2723
vt 0.291 0.3151999999999999
vt 0.291 0.3151999999999999
vt 0.2628 0.2723
vt 0.2708 0.26649999999999996
vt 0.3064 0.30390000000000006
vt 0.3064 0.30390000000000006
vt 0.2708 0.26649999999999996
vt 0.2777 0.2594000000000001
vt 0.3195 0.2903
vt 0.3195 0.2903
vt 0.2777 0.2594000000000001
vt 0.2832 0.2513000000000001
vt 0.3299 0.2748999999999999
vt 0.3299 0.2748999999999999
vt 0.2832 0.2513000000000001
vt 0.2872 0.24239999999999995
vt 0.3374 0.258
vt 0.3374 0.258
vt 0.2872 0.24239999999999995
vt 0.2895 0.2329
vt 0.3417 0.24019999999999997
vt 0.3417 0.24019999999999997
vt 0.2895 0.2329
vt 0.2902 0.22320000000000007
vt 0.3429 0.22199999999999998
vt 0.3429 0.22199999999999998
vt 0.2902 0.22320000000000007
vt 0.2891 0.2136
vt 0.3408 0.20389999999999997
vt 0.3408 0.20389999999999997
vt 0.2891 0.2136
vt 0.2863 0.20419999999999994
vt 0.3355 0.18630000000000002
vt 0.3355 0.18630000000000002
vt 0.2863 0.20419999999999994
vt 0.2819 0.1955
vt 0.3272 0.16979999999999995
vt 0.3272 0.16979999999999995
vt 0.2819 0.1955
vt 0.276 0.1876
vt 0.3161 0.15480000000000005
vt 0.3161 0.15480000000000005
vt 0.276 0.1876
vt 0.2688 0.18079999999999996
vt 0.3023 0.14190000000000003
vt 0.3023 0.14190000000000003
vt 0.2688 0.18079999999999996
vt 0.2604 0.1754
vt 0.2864 0.13129999999999997
vt 0.2864 0.13129999999999997
vt 0.2604 0.1754
vt 0.2513 0.1714
vt 0.2687 0.12360000000000004
vt 0.2687 0.12360000000000004
vt 0.2513 0.1714
vt 0.2415 0.16910000000000003
vt 0.2498 0.119
vt 0.2498 0.119
vt 0.2415 0.16910000000000003
vt 0.2315 0.1684
vt 0.2303 0.11770000000000003
vt 0.7711 0.3313999999999999
vt 0.7699 0.28049999999999997
vt 0.7799 0.2794
vt 0.7906 0.3292999999999999
vt 0.7906 0.3292999999999999
vt 0.7799 0.2794
vt 0.7895 0.27659999999999996
vt 0.8093 0.3238
vt 0.8093 0.3238
vt 0.7895 0.27659999999999996
vt 0.7984 0.2723
vt 0.8266 0.3151999999999999
vt 0.8266 0.3151999999999999
vt 0.7984 0.2723
vt 0.8065 0.26649999999999996
vt 0.842 0.30390000000000006
vt 0.842 0.30390000000000006
vt 0.8065 0.26649999999999996
vt 0.8134 0.2594000000000001
vt 0.8551 0.2903
vt 0.8551 0.2903
vt 0.8134 0.2594000000000001
vt 0.8189 0.2513000000000001
vt 0.8655 0.2748999999999999
vt 0.8655 0.2748999999999999
vt 0.8189 0.2513000000000001
vt 0.8228 0.24239999999999995
vt 0.873 0.258
vt 0.873 0.258
vt 0.8228 0.24239999999999995
vt 0.8252 0.2329
vt 0.8774 0.24019999999999997
vt 0.8774 0.24019999999999997
vt 0.8252 0.2329
vt 0.8258 0.22320000000000007
vt 0.8785 0.22199999999999998
vt 0.8785 0.22199999999999998
vt 0.8258 0.22320000000000007
vt 0.8247 0.2136
vt 0.8764 0.20389999999999997
vt 0.8764 0.20389999999999997
vt 0.8247 0.2136
vt 0.8219 0.20419999999999994
vt 0.8712 0.18630000000000002
vt 0.8712 0.18630000000000002
vt 0.8219 0.20419999999999994
vt 0.8175 0.1955
vt 0.8629 0.16979999999999995
vt 0.8629 0.16979999999999995
vt 0.8175 0.1955
vt 0.8116 0.1876
vt 0.8517 0.15490000000000004
vt 0.8517 0.15490000000000004
vt 0.8116 0.1876
vt 0.8044 0.18079999999999996
vt 0.838 0.14190000000000003
vt 0.838 0.14190000000000003
vt 0.8044 0.18079999999999996
vt 0.7961 0.1754
vt 0.822 0.13139999999999996
vt 0.822 0.13139999999999996
vt 0.7961 0.1754
vt 0.7869 0.1714
vt 0.8043 0.12360000000000004
vt 0.8043 0.12360000000000004
vt 0.7869 0.1714
vt 0.7772 0.16910000000000003
vt 0.7854 0.119
vt 0.7854 0.119
vt 0.7772 0.16910000000000003
vt 0.7672 0.1684
vt 0.766 0.11770000000000003
vt 0.2342 0.28049999999999997
vt 0.2341 0.27360000000000007
vt 0.2428 0.27259999999999995
vt 0.2442 0.2794
vt 0.2442 0.2794
vt 0.2428 0.27259999999999995
vt 0.2511 0.2702
vt 0.2538 0.27659999999999996
vt 0.2538 0.27659999999999996
vt 0.2511 0.2702
vt 0.2589 0.26639999999999997
vt 0.2628 0.2723
vt 0.2628 0.2723
vt 0.2589 0.26639999999999997
vt 0.2659 0.2613
vt 0.2708 0.26649999999999996
vt 0.2708 0.26649999999999996
vt 0.2659 0.2613
vt 0.2719 0.2551
vt 0.2777 0.2594000000000001
vt 0.2777 0.2594000000000001
vt 0.2719 0.2551
vt 0.2767 0.248
vt 0.2832 0.2513000000000001
vt 0.2832 0.2513000000000001
vt 0.2767 0.248
vt 0.2802 0.24019999999999997
vt 0.2872 0.24239999999999995
vt 0.2872 0.24239999999999995
vt 0.2802 0.24019999999999997
vt 0.2822 0.2319
vt 0.2895 0.2329
vt 0.2895 0.2329
vt 0.2822 0.2319
vt 0.2827 0.22340000000000004
vt 0.2902 0.22320000000000007
vt 0.2902 0.22320000000000007
vt 0.2827 0.22340000000000004
vt 0.2818 0.21489999999999998
vt 0.2891 0.2136
vt 0.2891 0.2136
vt 0.2818 0.21489999999999998
vt 0.2794 0.2067
vt 0.2863 0.20419999999999994
vt 0.2863 0.20419999999999994
vt 0.2794 0.2067
vt 0.2755 0.19900000000000007
vt 0.2819 0.1955
vt 0.2819 0.1955
vt 0.2755 0.19900000000000007
vt 0.2704 0.19209999999999994
vt 0.276 0.1876
vt 0.276 0.1876
vt 0.2704 0.19209999999999994
vt 0.2641 0.18620000000000003
vt 0.2688 0.18079999999999996
vt 0.2688 0.18079999999999996
vt 0.2641 0.18620000000000003
vt 0.2568 0.1814
vt 0.2604 0.1754
vt 0.2604 0.1754
vt 0.2568 0.1814
vt 0.2489 0.17789999999999995
vt 0.2513 0.1714
vt 0.2513 0.1714
vt 0.2489 0.17789999999999995
vt 0.2404 0.17589999999999995
vt 0.2415 0.16910000000000003
vt 0.2415 0.16910000000000003
vt 0.2404 0.17589999999999995
vt 0.2317 0.1753
vt 0.2315 0.1684
vt 0.7699 0.28049999999999997
vt 0.7697 0.27360000000000007
vt 0.7784 0.27259999999999995
vt 0.7799 0.2794
vt 0.7799 0.2794
vt 0.7784 0.27259999999999995
vt 0.7868 0.2702
vt 0.7895 0.27659999999999996
vt 0.7895 0.27659999999999996
vt 0.7868 0.2702
vt 0.7946 0.26639999999999997
vt 0.7984 0.2723
vt 0.7984 0.2723
vt 0.7946 0.26639999999999997
vt 0.8016 0.2613
vt 0.8065 0.26649999999999996
vt 0.8065 0.26649999999999996
vt 0.8016 0.2613
vt 0.8076 0.2551
vt 0.8134 0.2594000000000001
vt 0.8134 0.2594000000000001
vt 0.8076 0.2551
vt 0.8123 0.248
vt 0.8189 0.2513000000000001
vt 0.8189 0.2513000000000001
vt 0.8123 0.248
vt 0.8158 0.24019999999999997
vt 0.8228 0.24239999999999995
vt 0.8228 0.24239999999999995
vt 0.8158 0.24019999999999997
vt 0.8178 0.2319
vt 0.8252 0.2329
vt 0.8252 0.2329
vt 0.8178 0.2319
vt 0.8184 0.22340000000000004
vt 0.8258 0.22320000000000007
vt 0.8258 0.22320000000000007
vt 0.8184 0.22340000000000004
vt 0.8174 0.21489999999999998
vt 0.8247 0.2136
vt 0.8247 0.2136
vt 0.8174 0.21489999999999998
vt 0.815 0.2067
vt 0.8219 0.20419999999999994
vt 0.8219 0.20419999999999994
vt 0.815 0.2067
vt 0.8111 0.19900000000000007
vt 0.8175 0.1955
vt 0.8175 0.1955
vt 0.8111 0.19900000000000007
vt 0.806 0.19209999999999994
vt 0.8116 0.1876
vt 0.8116 0.1876
vt 0.806 0.19209999999999994
vt 0.7997 0.18620000000000003
vt 0.8044 0.18079999999999996
vt 0.8044 0.18079999999999996
vt 0.7997 0.18620000000000003
vt 0.7925 0.1814
vt 0.7961 0.1754
vt 0.7961 0.1754
vt 0.7925 0.1814
vt 0.7845 0.17789999999999995
vt 0.7869 0.1714
vt 0.7869 0.1714
vt 0.7845 0.17789999999999995
vt 0.776 0.17589999999999995
vt 0.7772 0.16910000000000003
vt 0.7772 0.16910000000000003
vt 0.776 0.17589999999999995
vt 0.7673 0.1753
vt 0.7672 0.1684
vt 0.2489 0.17789999999999995
vt 0.2511 0.2702
vt 0.2428 0.27259999999999995
vt 0.2404 0.17589999999999995
vt 0.7845 0.17789999999999995
vt 0.7868 0.2702
vt 0.7784 0.27259999999999995
vt 0.776 0.17589999999999995
vt 0.2317 0.1753
vt 0.2404 0.17589999999999995
vt 0.2428 0.27259999999999995
vt 0.2341 0.27360000000000007
vt 0.2641 0.18620000000000003
vt 0.2659 0.2613
vt 0.2589 0.26639999999999997
vt 0.2568 0.1814
vt 0.2568 0.1814
vt 0.2589 0.26639999999999997
vt 0.2511 0.2702
vt 0.2489 0.17789999999999995
vt 0.2794 0.2067
vt 0.2802 0.24019999999999997
vt 0.2767 0.248
vt 0.2755 0.19900000000000007
vt 0.2704 0.19209999999999994
vt 0.2719 0.2551
vt 0.2659 0.2613
vt 0.2641 0.18620000000000003
vt 0.2719 0.2551
vt 0.2704 0.19209999999999994
vt 0.2755 0.19900000000000007
vt 0.2767 0.248
vt 0.2818 0.21489999999999998
vt 0.2827 0.22340000000000004
vt 0.2822 0.2319
vt 0.2802 0.24019999999999997
vt 0.2794 0.2067
vt 0.2818 0.21489999999999998
vt 0.2822 0.2319
vt 0.2089 0.26750000000000007
vt 0.2069 0.1825
vt 0.2147 0.17869999999999997
vt 0.2169 0.2708999999999999
vt 0.2231 0.1763
vt 0.2254 0.273
vt 0.2169 0.2708999999999999
vt 0.2147 0.17869999999999997
vt 0.1954 0.2567999999999999
vt 0.1939 0.19379999999999997
vt 0.1999 0.1876
vt 0.2017 0.26269999999999993
vt 0.2069 0.1825
vt 0.2089 0.26750000000000007
vt 0.2017 0.26269999999999993
vt 0.1999 0.1876
vt 0.1864 0.24219999999999997
vt 0.1856 0.2087
vt 0.1891 0.20089999999999997
vt 0.1903 0.2499
vt 0.1939 0.19379999999999997
vt 0.1954 0.2567999999999999
vt 0.1903 0.2499
vt 0.1891 0.20089999999999997
vt 0.184 0.23399999999999999
vt 0.1831 0.22550000000000003
vt 0.1836 0.21699999999999997
vt 0.1856 0.2087
vt 0.1864 0.24219999999999997
vt 0.184 0.23399999999999999
vt 0.1836 0.21699999999999997
vt 0.7446 0.26750000000000007
vt 0.7425 0.1825
vt 0.7503 0.17869999999999997
vt 0.7525 0.271
vt 0.7587 0.1763
vt 0.761 0.273
vt 0.7525 0.271
vt 0.7503 0.17869999999999997
vt 0.731 0.2567999999999999
vt 0.7295 0.19379999999999997
vt 0.7355 0.1876
vt 0.7373 0.26269999999999993
vt 0.7425 0.1825
vt 0.7446 0.26750000000000007
vt 0.7373 0.26269999999999993
vt 0.7355 0.1876
vt 0.7221 0.24219999999999997
vt 0.7213 0.2087
vt 0.7247 0.20089999999999997
vt 0.7259 0.2499
vt 0.7295 0.19379999999999997
vt 0.731 0.2567999999999999
vt 0.7259 0.2499
vt 0.7247 0.20089999999999997
vt 0.7196 0.23399999999999999
vt 0.7187 0.22550000000000003
vt 0.7192 0.21699999999999997
vt 0.7213 0.2087
vt 0.7221 0.24219999999999997
vt 0.7196 0.23399999999999999
vt 0.7192 0.21699999999999997
vt 0.7673 0.1753
vt 0.776 0.17589999999999995
vt 0.7784 0.27259999999999995
vt 0.7697 0.27360000000000007
vt 0.7997 0.18620000000000003
vt 0.8016 0.2613
vt 0.7946 0.26639999999999997
vt 0.7925 0.1814
vt 0.7925 0.1814
vt 0.7946 0.26639999999999997
vt 0.7868 0.2702
vt 0.7845 0.17789999999999995
vt 0.815 0.2067
vt 0.8158 0.24019999999999997
vt 0.8123 0.248
vt 0.8111 0.19900000000000007
vt 0.806 0.19209999999999994
vt 0.8076 0.2551
vt 0.8016 0.2613
vt 0.7997 0.18620000000000003
vt 0.8076 0.2551
vt 0.806 0.19209999999999994
vt 0.8111 0.19900000000000007
vt 0.8123 0.248
vt 0.8174 0.21489999999999998
vt 0.8184 0.22340000000000004
vt 0.8178 0.2319
vt 0.8158 0.24019999999999997
vt 0.815 0.2067
vt 0.8174 0.21489999999999998
vt 0.8178 0.2319
vn -0.08716376539503037 0 -0.9961939961684975
vn -0.2588164457835161 0 -0.9659265227707481
vn -0.42261939954188205 0 -0.9063072564703756
vn -0.5735866486149704 0 -0.819144893489941
vn -0.7071067811865476 0 -0.7071067811865476
vn -0.819144893489941 0 -0.5735866486149704
vn -0.9063072564703756 0 -0.42261939954188205
vn -0.9659265227707481 0 -0.2588164457835161
vn -0.9961955883897788 0 -0.08714556599588018
vn -0.9961954491153603 0 0.08714715808243895
vn -0.9659265227707481 0 0.2588164457835161
vn -0.9063105318432361 0 0.42261237543407426
vn -0.819144893489941 0 0.5735866486149704
vn -0.7071067811865476 0 0.7071067811865476
vn -0.5735866486149704 0 0.819144893489941
vn -0.42261939954188205 0 0.9063072564703756
vn -0.2588164457835161 0 0.9659265227707481
vn -0.08714556599588018 0 0.9961955883897788
vn -0.07558054300354028 0.4981172923989199 -0.8638094376264126
vn -0.22442172338847893 0.49812076966764435 -0.8375622895624295
vn -0.36645569502800307 0.49812416676652604 -0.7858641982331919
vn -0.4973626743502006 0.49811683623015846 -0.7102886649998533
vn -0.6131393512456266 0.49811672518415234 -0.6131393512456266
vn -0.7102852590141921 0.4981240742676005 -0.4973602893900841
vn -0.7858654902214723 0.4981216852396096 -0.3664562974940072
vn -0.8375599379141634 0.4981250076992431 -0.22442109327300783
vn -0.8638131314896018 0.49811325018340374 -0.07556496448655362
vn -0.8638113836940639 0.4981160933099522 0.07556620267141931
vn -0.8375633653028034 0.4981188310021742 0.22442201162914074
vn -0.7858671705580668 0.4981239127928303 0.36644966604299084
vn -0.7102886649998533 0.49811683623015846 0.4973626743502006
vn -0.6131393512456266 0.49811672518415234 0.6131393512456266
vn -0.4973602893900841 0.4981240742676005 0.7102852590141921
vn -0.3664562974940072 0.4981216852396096 0.7858654902214723
vn -0.2244210932730078 0.49812500769924306 0.8375599379141633
vn -0.0755645909263686 0.49812071223166665 0.863808861174709
vn -0.07556441853872509 -0.4981241557094226 0.8638068905430654
vn -0.2244217233884789 -0.49812076966764446 0.8375622895624294
vn -0.366455695028003 -0.4981241667665261 0.7858641982331918
vn -0.4973626743502006 -0.4981168362301585 0.7102886649998533
vn -0.6131393512456266 -0.4981167251841524 0.6131393512456266
vn -0.710285259014192 -0.4981240742676006 0.4973602893900841
vn -0.7858698462556378 -0.4981187735669499 0.3664509137201024
vn -0.8375650284176395 -0.4981158337691713 0.2244224572546212
vn -0.8638130406872828 -0.49811319782272934 0.07556634762515317
vn -0.8638068905430654 -0.4981241557094226 -0.07556441853872509
vn -0.8375622895624294 -0.49812076966764446 -0.2244217233884789
vn -0.7858641982331918 -0.4981241667665261 -0.366455695028003
vn -0.7102886649998533 -0.4981168362301585 -0.4973626743502006
vn -0.6131393512456266 -0.4981167251841524 -0.6131393512456266
vn -0.49736028939008403 -0.4981240742676005 -0.710285259014192
vn -0.36645629749400715 -0.49812168523960965 -0.7858654902214723
vn -0.224422169014549 -0.49811777244618993 -0.837563952679466
vn -0.07558040173889458 -0.4981201136274795 -0.8638078231138765
vn -0.084941780790676 0.22395462595681684 -0.9708909410374839
vn -0.2522508577998363 0.22395071833799166 -0.9413902381558589
vn -0.4118923813081965 0.2239412032091664 -0.883286478853545
vn -0.5590005058121926 0.22395421168020216 -0.7983501397083941
vn -0.689146088712178 0.2239538720929242 -0.689146088712178
vn -0.7983508909657063 0.2239502205797023 -0.5590010318385521
vn -0.8832847940082187 0.22394929363479785 -0.4118915956344992
vn -0.9413970469143306 0.22394402044619696 -0.2522313933026002
vn -0.9708891484669502 0.2239543812331505 -0.08496291258894893
vn -0.9708909410374841 0.2239546259568169 0.08494178079067602
vn -0.9413902381558586 0.2239507183379916 0.25225085779983625
vn -0.883286478853545 0.2239412032091664 0.4118923813081965
vn -0.798350139708394 0.22395421168020216 0.5590005058121926
vn -0.689146088712178 0.2239538720929242 0.689146088712178
vn -0.559001031838552 0.22395022057970224 0.7983508909657061
vn -0.4118915956344992 0.22394929363479785 0.8832847940082187
vn -0.2522313933026002 0.22394402044619696 0.9413970469143306
vn -0.0849419897746512 0.2239441909035239 0.9708933297400335
vn -0.084941992984997 -0.2239440305995398 0.9708933664345274
vn -0.252231018330365 -0.22395032578851817 0.9413956474146478
vn -0.4118914452156109 -0.2239508425287735 0.8832844714410234
vn -0.5590005058121925 -0.2239542116802022 0.7983501397083939
vn -0.689146088712178 -0.22395387209292428 0.689146088712178
vn -0.7983525308857136 -0.22394150814403782 0.5590021801017864
vn -0.8832847940082188 -0.22394929363479796 0.4118915956344993
vn -0.9413895316959402 -0.22395390118204409 0.2522506684998912
vn -0.9708909043414372 -0.22395478625959966 0.08494177758019435
vn -0.9708914251604824 -0.22394443547259918 -0.08496311182334544
vn -0.9413956474146478 -0.22395032578851817 -0.252231018330365
vn -0.8832844714410234 -0.2239508425287735 -0.4118914452156109
vn -0.7983501397083941 -0.22395421168020224 -0.5590005058121926
vn -0.689146088712178 -0.22395387209292428 -0.689146088712178
vn -0.5590021801017863 -0.22394150814403777 -0.7983525308857133
vn -0.4118915956344993 -0.22394929363479796 -0.8832847940082188
vn -0.2522506684998912 -0.22395390118204409 -0.9413895316959402
vn -0.08494177758019436 -0.22395478625959972 -0.9708909043414374
vn 0 1 0
vn 0 1 0
vn 0 1 0
vn 0 1 0
vn 0 1 0
vn 0 1 0
vn 0 1 0
vn 0 1 0
vn 0 1 0
vn 0 1 0
vn 0 1 0
vn 0 1 0
vn 0 1 0
vn 0 1 0
vn 0 1 0
vn 0 1 0
vn 0 1 0
vn 0 1 0
vn 0 -1 0
vn 0 -1 0
vn 0 -1 0
vn 0 -1 0
vn 0 -1 0
vn 0 -1 0
vn 0 -1 0
vn 0 -1 0
vn 0 -1 0
vn 0 -1 0
vn 0 -1 0
vn 0 -1 0
vn 0 -1 0
vn 0 -1 0
vn 0 -1 0
vn 0 -1 0
vn 0 -1 0
vn 0 -1 0
vn 0.08375598059436559 0.276077141464619 0.9574791630502467
vn 0.24876444084436045 0.27607931621731835 0.9283837913968398
vn 0.40620567446528066 0.27606141187267397 0.8710838346032328
vn 0.5512819711143994 0.2760696999372719 0.7873205885157376
vn 0.6796273724835852 0.27606750830569743 0.6796273724835852
vn 0.7873224896219183 0.2760616198871846 0.5512833022691765
vn 0.8710785432581426 0.27608173808333325 0.4062032069939354
vn 0.9283845482940228 0.27607658820425074 0.24876464365822498
vn 0.9574825784768514 0.2760652053066387 0.08375627936055859
vn 0.9574791630502467 0.276077141464619 -0.08375598059436559
vn 0.9283839056947784 0.2760728656915586 -0.24877117291953185
vn 0.8710883654106463 0.2760611665101771 -0.4061961250322912
vn 0.7873171467021177 0.27608432762543467 -0.5512795611560872
vn 0.6796273724835852 0.27606750830569743 -0.6796273724835852
vn 0.5512833022691765 0.2760616198871846 -0.7873224896219183
vn 0.4062032069939354 0.27608173808333325 -0.8710785432581426
vn 0.24876464365822504 0.2760765882042508 -0.9283845482940231
vn 0.08375627936055859 0.2760652053066387 -0.9574825784768514
vn 0.08375598059436559 -0.2760771414646188 -0.9574791630502468
vn 0.24876444084436042 -0.27607931621731807 -0.9283837913968398
vn 0.40620567446528066 -0.2760614118726738 -0.8710838346032329
vn 0.5512819711143994 -0.27606969993727165 -0.7873205885157376
vn 0.6796237097741789 -0.2760855415003933 -0.6796237097741789
vn 0.7873224896219184 -0.27606161988718436 -0.5512833022691765
vn 0.8710857521332519 -0.27607120533319685 -0.40619490643818135
vn 0.9283829145899578 -0.27607643788977904 -0.24877090734156654
vn 0.9574825784768513 -0.2760652053066384 -0.08375627936055857
vn 0.9574791630502469 -0.2760771414646188 0.0837559805943656
vn 0.9283837913968398 -0.27607931621731807 0.24876444084436042
vn 0.8710838346032328 -0.27606141187267375 0.4062056744652806
vn 0.7873205885157376 -0.27606969993727165 0.5512819711143994
vn 0.6796273724835853 -0.27606750830569726 0.6796273724835853
vn 0.5512833022691765 -0.27606161988718436 0.7873224896219183
vn 0.4062032069939354 -0.2760817380833331 0.8710785432581427
vn 0.24876464365822504 -0.2760765882042506 0.9283845482940231
vn 0.08375627936055857 -0.2760652053066384 0.9574825784768513
vn 0 1 0
vn 0 1 0
vn 0 1 0
vn 0 1 0
vn 0 1 0
vn 0 1 0
vn 0 1 0
vn 0 1 0
vn 0 1 0
vn 0 1 0
vn 0 1 0
vn 0 1 0
vn 0 1 0
vn 0 1 0
vn 0 1 0
vn 0 1 0
vn 0 1 0
vn 0 1 0
vn 0 -1 0
vn 0 -1 0
vn 0 -1 0
vn 0 -1 0
vn 0 -1 0
vn 0 -1 0
vn 0 -1 0
vn 0 -1 0
vn 0 -1 0
vn 0 -1 0
vn 0 -1 0
vn 0 -1 0
vn 0 -1 0
vn 0 -1 0
vn 0 -1 0
vn 0 -1 0
vn 0 -1 0
vn 0 -1 0
vn 0.057220172490741066 0.7543031916550601 0.654027940472821
vn 0.16991771670562195 0.7543053095304867 0.6341541370705273
vn 0.27749134205416004 0.7542834641134826 0.5950252186671972
vn 0.37657302670107107 0.7542933946165581 0.537805011504192
vn 0.46424443520343095 0.7542905333923361 0.46424443520343095
vn 0.5378148325659775 0.7542829589709186 0.37657990344428255
vn 0.5949997008514327 0.75430797117969 0.2774794417636839
vn 0.6341573814601434 0.7543023860923391 0.16991858601994705
vn 0.6540462205940923 0.7542872199360606 0.05722177179809105
vn 0.6540246972918003 0.7543060252072645 -0.057219888748463496
vn 0.6341541370705273 0.7543053095304866 -0.16991771670562195
vn 0.5950090443689113 0.7543115868635029 -0.2774495756757597
vn 0.5378128534400994 0.7542679740571082 -0.3766127427297225
vn 0.46424443520343095 0.7542905333923361 -0.46424443520343095
vn 0.37657990344428255 0.7542829589709186 -0.5378148325659775
vn 0.2774794417636839 0.75430797117969 -0.5949997008514327
vn 0.16991858601994705 0.754302386092339 -0.6341573814601434
vn 0.05722177179809105 0.7542872199360606 -0.6540462205940923
vn 0.057220172490740934 -0.7543031916550613 -0.6540279404728194
vn 0.16991771670562156 -0.754305309530488 -0.6341541370705258
vn 0.27749134205415943 -0.754283464113484 -0.5950252186671958
vn 0.3765730267010702 -0.7542933946165593 -0.5378050115041908
vn 0.46426311293121764 -0.7542675413557387 -0.46426311293121764
vn 0.5377748315996989 -0.754308376442023 -0.3765861172790562
vn 0.5950114108836111 -0.7543093142384741 -0.27745067916906874
vn 0.634148043316208 -0.754310800388682 -0.16991608392147758
vn 0.6540462205940908 -0.754287219936062 -0.05722177179809092
vn 0.6540279404728194 -0.7543031916550614 0.057220172490740934
vn 0.6341541370705258 -0.754305309530488 0.16991771670562156
vn 0.5950252186671958 -0.754283464113484 0.27749134205415943
vn 0.5378050115041908 -0.7542933946165594 0.3765730267010702
vn 0.46426311293121764 -0.7542675413557387 0.46426311293121764
vn 0.3765861172790562 -0.754308376442023 0.5377748315996989
vn 0.27745067916906874 -0.7543093142384741 0.5950114108836111
vn 0.16991858601994667 -0.7543023860923405 0.634157381460142
vn 0.05722177179809092 -0.754287219936062 0.6540462205940908
vn 0 1 0
vn 0 -1 0
vn 0.08716376539503037 0 -0.9961939961684975
vn 0.2588164457835161 0 -0.9659265227707481
vn 0.42261939954188205 0 -0.9063072564703756
vn 0.5735866486149704 0 -0.819144893489941
vn 0.7071067811865476 0 -0.7071067811865476
vn 0.819144893489941 0 -0.5735866486149704
vn 0.9063072564703756 0 -0.42261939954188205
vn 0.9659265227707481 0 -0.2588164457835161
vn 0.9961955883897788 0 -0.08714556599588018
vn 0.9961954491153603 0 0.08714715808243895
vn 0.9659265227707481 0 0.2588164457835161
vn 0.9063105318432361 0 0.42261237543407426
vn 0.819144893489941 0 0.5735866486149704
vn 0.7071067811865476 0 0.7071067811865476
vn 0.5735866486149704 0 0.819144893489941
vn 0.42261939954188205 0 0.9063072564703756
vn 0.2588164457835161 0 0.9659265227707481
vn 0.08714556599588018 0 0.9961955883897788
vn 0.07557328157606762 0.4981203832155067 -0.8638082906160724
vn 0.22442953223467954 0.498117486080094 -0.8375621500057
vn 0.3664620419914936 0.49812144814505815 -0.7858629617670598
vn 0.4973450691282296 0.4981247658605476 -0.7102954313876805
vn 0.6131393512456265 0.49811672518415245 -0.6131393512456266
vn 0.7102994883370577 0.49811614459186826 -0.4973479097825254
vn 0.7858614228880282 0.49812440388597473 -0.3664613243845065
vn 0.8375652878891716 0.49812036460172016 -0.22441143217799409
vn 0.8638038906441944 0.4981251977725674 -0.07559183720477537
vn 0.8638125609225034 0.4981129211689196 0.07557365517872207
vn 0.837563225776234 0.4981155473387321 0.22442982049350038
vn 0.785864609935856 0.49811828246428624 0.36646281056226493
vn 0.7102954313876805 0.4981247658605476 0.4973450691282296
vn 0.6131393512456266 0.49811672518415245 0.6131393512456265
vn 0.4973479097825254 0.49811614459186826 0.7102994883370577
vn 0.3664613243845065 0.49812440388597473 0.7858614228880282
vn 0.22441143217799409 0.49812036460172016 0.8375652878891716
vn 0.07557307621913413 0.4981244847906135 0.8638059433708841
vn 0.07557328157606763 -0.49812038321550683 0.8638082906160724
vn 0.22441068167163858 -0.498125412591353 0.8375624867926958
vn 0.3664620419914937 -0.49812144814505815 0.7858629617670596
vn 0.49734506912822957 -0.4981247658605477 0.7102954313876806
vn 0.6131393512456266 -0.49811672518415256 0.6131393512456266
vn 0.7102994883370577 -0.4981161445918684 0.4973479097825255
vn 0.7858614228880278 -0.4981244038859748 0.3664613243845065
vn 0.8375612448284451 -0.4981191173724226 0.22442928968729614
vn 0.8638105872919355 -0.4981163699617375 0.07557348250876714
vn 0.8638113242891333 -0.4981122080708609 -0.07559248772613116
vn 0.8375624867926961 -0.4981254125913531 -0.22441068167163863
vn 0.7858629617670596 -0.49812144814505815 -0.3664620419914937
vn 0.7102954313876806 -0.4981247658605477 -0.49734506912822957
vn 0.6131393512456266 -0.49811672518415256 -0.6131393512456266
vn 0.4973479097825255 -0.4981161445918684 -0.7102994883370577
vn 0.3664613243845065 -0.4981244038859748 -0.7858614228880278
vn 0.22442900142777286 -0.4981210561000283 -0.8375601690552897
vn 0.07557344982283465 -0.49811702280485615 -0.8638102136892698
vn 0.0849414313504639 0.22395479289382164 -0.9708909331021792
vn 0.252243997617503 0.2239540329353206 -0.9413912878277272
vn 0.4118756716121637 0.22394962857713915 -0.8832921345705456
vn 0.5590248021178684 0.2239409824457405 -0.7983368380566656
vn 0.689146088712178 0.2239538720929242 -0.689146088712178
vn 0.7983451472806751 0.22395437683889138 -0.5590075696339912
vn 0.883283039384252 0.22395090661022565 -0.41189448134756096
vn 0.9413920527585817 0.22395058666619921 -0.2522442025792646
vn 0.970893398232453 0.2239440239661515 -0.0849416470200997
vn 0.970890933102179 0.22395479289382159 0.08494143135046389
vn 0.9413912878277272 0.2239540329353206 0.252243997617503
vn 0.8832921345705456 0.22394962857713915 0.4118756716121637
vn 0.7983368380566656 0.2239409824457405 0.5590248021178684
vn 0.689146088712178 0.2239538720929242 0.689146088712178
vn 0.5590075696339911 0.22395437683889133 0.7983451472806748
vn 0.41189448134756096 0.22395090661022565 0.883283039384252
vn 0.2522442025792646 0.22395058666619921 0.9413920527585817
vn 0.0849416470200997 0.2239440239661515 0.970893398232453
vn 0.0849416435440684 -0.22394419753746514 0.9708933585009908
vn 0.2522446086046728 -0.2239437595067983 0.9413935680722685
vn 0.41189464421888244 -0.22394922950339294 0.8832833886520436
vn 0.5590081392084543 -0.2239500553822383 0.7983459607169024
vn 0.689146088712178 -0.22395387209292422 0.689146088712178
vn 0.7983342490402889 -0.22395473730762183 0.5590229891934252
vn 0.88329395891592 -0.22394086836246635 0.41187652229728466
vn 0.9413920527585817 -0.22395058666619927 0.25224420257926455
vn 0.9708909728353227 -0.2239546193238089 0.08494143482664232
vn 0.970890933102179 -0.22395479289382164 -0.0849414313504639
vn 0.9413935680722685 -0.2239437595067983 -0.2522446086046728
vn 0.8832833886520436 -0.22394922950339294 -0.41189464421888244
vn 0.7983459607169024 -0.2239500553822383 -0.5590081392084543
vn 0.689146088712178 -0.22395387209292422 -0.689146088712178
vn 0.5590229891934252 -0.22395473730762183 -0.7983342490402889
vn 0.41187652229728466 -0.22394086836246635 -0.88329395891592
vn 0.25224420257926455 -0.22395058666619927 -0.9413920527585817
vn 0.08494143482664232 -0.2239546193238089 -0.9708909728353227
vn 0 1 0
vn 0 1 0
vn 0 1 0
vn 0 1 0
vn 0 1 0
vn 0 1 0
vn 0 1 0
vn 0 1 0
vn 0 1 0
vn 0 1 0
vn 0 1 0
vn 0 1 0
vn 0 1 0
vn 0 1 0
vn 0 1 0
vn 0 1 0
vn 0 1 0
vn 0 1 0
vn 0 -1 0
vn 0 -1 0
vn 0 -1 0
vn 0 -1 0
vn 0 -1 0
vn 0 -1 0
vn 0 -1 0
vn 0 -1 0
vn 0 -1 0
vn 0 -1 0
vn 0 -1 0
vn 0 -1 0
vn 0 -1 0
vn 0 -1 0
vn 0 -1 0
vn 0 -1 0
vn 0 -1 0
vn 0 -1 0
vn -0.08376850328388076 0.2760649206450015 0.957481591179093
vn -0.24876735586032825 0.27607652311888303 0.928383840898176
vn -0.4061842213601529 0.2760822225544527 0.8710872428795178
vn -0.5512901342082454 0.27606142719814375 0.7873177734167947
vn -0.6796273724835853 0.2760675083056973 0.6796273724835852
vn -0.7873157816702635 0.276069892537549 0.5512887395614463
vn -0.871092786608921 0.2760609270486496 0.40618680637724447
vn -0.928383047878128 0.276079381328416 0.24876714336470757
vn -0.9574780128496189 0.2760774261263161 0.08376819022166934
vn -0.957481591179093 0.2760649206450015 -0.08376850328388076
vn -0.928383840898176 0.27607652311888303 -0.24876735586032825
vn -0.8710900486340111 0.276071444840627 -0.40618552967136234
vn -0.7873092349302624 0.276061078300138 -0.5513025028433028
vn -0.6796367234931763 0.2760859714650966 -0.6796105211366534
vn -0.5512887395614463 0.276069892537549 -0.7873157816702635
vn -0.40618680637724447 0.2760609270486496 -0.871092786608921
vn -0.24876714336470757 0.276079381328416 -0.928383047878128
vn -0.08376819022166934 0.2760774261263161 -0.9574780128496189
vn -0.0837685032838807 -0.27606492064500127 -0.957481591179093
vn -0.24876735586032828 -0.2760765231188828 -0.928383840898176
vn -0.40618422136015303 -0.2760822225544525 -0.8710872428795179
vn -0.5512901342082452 -0.2760614271981435 -0.7873177734167945
vn -0.6796405610275087 -0.2760670778914725 -0.6796143585230355
vn -0.7873036372086756 -0.2760848693660441 -0.5512985831154701
vn -0.8710927866089212 -0.27606092704864943 -0.4061868063772446
vn -0.9283848792791798 -0.2760727805288958 -0.24876763410224204
vn -0.9574780128496189 -0.27607742612631586 -0.08376819022166934
vn -0.957481591179093 -0.27606492064500127 0.0837685032838807
vn -0.928383840898176 -0.2760765231188828 0.24876735586032828
vn -0.871087242879518 -0.2760822225544525 0.4061842213601531
vn -0.7873177734167945 -0.2760614271981435 0.5512901342082452
vn -0.6796273724835852 -0.2760675083056971 0.6796273724835853
vn -0.5512887395614464 -0.2760698925375488 0.7873157816702635
vn -0.4061868063772446 -0.27606092704864943 0.8710927866089212
vn -0.24876714336470748 -0.2760793813284157 0.9283830478781279
vn -0.08376819022166934 -0.27607742612631586 0.9574780128496189
vn 0 1 0
vn 0 1 0
vn 0 1 0
vn 0 1 0
vn 0 1 0
vn 0 1 0
vn 0 1 0
vn 0 1 0
vn 0 1 0
vn 0 1 0
vn 0 1 0
vn 0 1 0
vn 0 1 0
vn 0 1 0
vn 0 1 0
vn 0 1 0
vn 0 1 0
vn 0 1 0
vn 0 -1 0
vn 0 -1 0
vn 0 -1 0
vn 0 -1 0
vn 0 -1 0
vn 0 -1 0
vn 0 -1 0
vn 0 -1 0
vn 0 -1 0
vn 0 -1 0
vn 0 -1 0
vn 0 -1 0
vn 0 -1 0
vn 0 -1 0
vn 0 -1 0
vn 0 -1 0
vn 0 -1 0
vn 0 -1 0
vn -0.05724028090421463 0.7542864182980212 0.6540455254897394
vn -0.1699219006690937 0.7543022393487969 0.6341566678561324
vn -0.2774531202486565 0.7543092002819476 0.5950104170804855
vn -0.37659014952629855 0.7542824352952332 0.5378083925385068
vn -0.4642444352034309 0.7542905333923361 0.4642444352034309
vn -0.5377975862794101 0.7542939179380326 0.37658258264786093
vn -0.595038495723275 0.7542822343656066 0.277466213308594
vn -0.6341530976694583 0.7543054563589514 0.16992094403970517
vn -0.6540254109299121 0.754303992847166 0.05723852053278797
vn -0.6540454020943116 0.7542862759906566 -0.05724356602656473
vn -0.6341493838746861 0.7543110756559881 -0.16990985867236244
vn -0.5950104170804855 0.7543092002819476 -0.2774531202486565
vn -0.5377997630370531 0.7543104049537748 -0.37654644847052005
vn -0.4642452194754088 0.7542663874500064 -0.4642828803190427
vn -0.37658258264786093 0.7542939179380326 -0.5377975862794101
vn -0.277466213308594 0.7542822343656066 -0.595038495723275
vn -0.16992094403970517 0.7543054563589514 -0.6341530976694583
vn -0.05723852053278797 0.754303992847166 -0.6540254109299121
vn -0.057240280904214444 -0.7542864182980226 -0.6540455254897378
vn -0.16992190066909327 -0.7543022393487983 -0.6341566678561309
vn -0.2774531202486558 -0.7543092002819489 -0.5950104170804841
vn -0.37659014952629766 -0.7542824352952345 -0.5378083925385055
vn -0.46422466761164266 -0.7542916875494541 -0.4642623267880531
vn -0.5378416042835615 -0.7542659462490457 -0.3765757440817403
vn -0.5950078131901771 -0.7543117008695635 -0.2774519060556439
vn -0.6341560892104191 -0.7543050337399219 -0.16991165525637833
vn -0.6540217175522783 -0.7543069696334334 -0.05724149310067708
vn -0.6540455254897378 -0.7542864182980226 0.057240280904214444
vn -0.6341566678561309 -0.7543022393487983 0.16992190066909327
vn -0.5950104170804841 -0.7543092002819489 0.2774531202486558
vn -0.5378083925385055 -0.7542824352952345 0.37659014952629766
vn -0.46426232678805307 -0.754291687549454 0.46422466761164266
vn -0.3765757440817403 -0.7542659462490457 0.5378416042835615
vn -0.2774519060556439 -0.7543117008695635 0.5950078131901771
vn -0.16992094403970479 -0.7543054563589527 0.6341530976694568
vn -0.05723852053278788 -0.7543039928471672 0.6540254109299105
vn 0 1 0
vn 0 -1 0
vn 0 1 0
vn 0 1 0
vn 0 1 0
vn 0 1 0
vn 0 1 0
vn 0 1 0
vn 0 1 0
vn 0 1 0
vn 0 1 0
vn 0 1 0
vn 0 1 0
vn 0 1 0
vn 0 1 0
vn 0 1 0
vn 0 1 0
vn 0 1 0
vn 0 -1 0
vn 0 -1 0
vn 0 -1 0
vn 0 -1 0
vn 0 -1 0
vn 0 -1 0
vn 0 -1 0
vn 0 -1 0
vn 0 -1 0
vn 0 -1 0
vn 0 -1 0
vn 0 -1 0
vn 0 -1 0
vn 0 -1 0
vn 0 -1 0
vn 0 -1 0
usemtl m_5776e437-f09d-f94b-9e7a-f110b60e20f3
f 2/1/1 3/2/1 4/3/1 5/4/1
f 3/5/2 6/6/2 7/7/2 4/8/2
f 6/9/3 8/10/3 9/11/3 7/12/3
f 8/13/4 10/14/4 11/15/4 9/16/4
f 10/17/5 12/18/5 13/19/5 11/20/5
f 12/21/6 14/22/6 15/23/6 13/24/6
f 14/25/7 16/26/7 17/27/7 15/28/7
f 16/29/8 18/30/8 19/31/8 17/32/8
f 18/33/9 20/34/9 21/35/9 19/36/9
f 20/37/10 22/38/10 23/39/10 21/40/10
f 22/41/11 24/42/11 25/43/11 23/44/11
f 24/45/12 26/46/12 27/47/12 25/48/12
f 26/49/13 28/50/13 29/51/13 27/52/13
f 28/53/14 30/54/14 31/55/14 29/56/14
f 30/57/15 32/58/15 33/59/15 31/60/15
f 32/61/16 34/62/16 35/63/16 33/64/16
f 34/65/17 36/66/17 37/67/17 35/68/17
f 36/69/18 38/70/18 39/71/18 37/72/18
f 5/73/19 4/74/19 40/75/19 41/76/19
f 4/77/20 7/78/20 42/79/20 40/80/20
f 7/81/21 9/82/21 43/83/21 42/84/21
f 9/85/22 11/86/22 44/87/22 43/88/22
f 11/89/23 13/90/23 45/91/23 44/92/23
f 13/93/24 15/94/24 46/95/24 45/96/24
f 15/97/25 17/98/25 47/99/25 46/100/25
f 17/101/26 19/102/26 1/103/26 47/104/26
f 19/105/27 21/106/27 48/107/27 1/108/27
f 21/109/28 23/110/28 49/111/28 48/112/28
f 23/113/29 25/114/29 50/115/29 49/116/29
f 25/117/30 27/118/30 51/119/30 50/120/30
f 27/121/31 29/122/31 52/123/31 51/124/31
f 29/125/32 31/126/32 53/127/32 52/128/32
f 31/129/33 33/130/33 54/131/33 53/132/33
f 33/133/34 35/134/34 55/135/34 54/136/34
f 35/137/35 37/138/35 56/139/35 55/140/35
f 37/141/36 39/142/36 57/143/36 56/144/36
f 38/145/37 36/146/37 58/147/37 59/148/37
f 36/149/38 34/150/38 60/151/38 58/152/38
f 34/153/39 32/154/39 61/155/39 60/156/39
f 32/157/40 30/158/40 62/159/40 61/160/40
f 30/161/41 28/162/41 63/163/41 62/164/41
f 28/165/42 26/166/42 64/167/42 63/168/42
f 26/169/43 24/170/43 65/171/43 64/172/43
f 24/173/44 22/174/44 66/175/44 65/176/44
f 22/177/45 20/178/45 67/179/45 66/180/45
f 20/181/46 18/182/46 68/183/46 67/184/46
f 18/185/47 16/186/47 69/187/47 68/188/47
f 16/189/48 14/190/48 70/191/48 69/192/48
f 14/193/49 12/194/49 71/195/49 70/196/49
f 12/197/50 10/198/50 72/199/50 71/200/50
f 10/201/51 8/202/51 73/203/51 72/204/51
f 8/205/52 6/206/52 74/207/52 73/208/52
f 6/209/53 3/210/53 75/211/53 74/212/53
f 3/213/54 2/214/54 76/215/54 75/216/54
f 41/217/55 40/218/55 77/219/55 78/220/55
f 40/221/56 42/222/56 79/223/56 77/224/56
f 42/225/57 43/226/57 80/227/57 79/228/57
f 43/229/58 44/230/58 81/231/58 80/232/58
f 44/233/59 45/234/59 82/235/59 81/236/59
f 45/237/60 46/238/60 83/239/60 82/240/60
f 46/241/61 47/242/61 84/243/61 83/244/61
f 47/245/62 1/246/62 85/247/62 84/248/62
f 1/249/63 48/250/63 86/251/63 85/252/63
f 48/253/64 49/254/64 87/255/64 86/256/64
f 49/257/65 50/258/65 88/259/65 87/260/65
f 50/261/66 51/262/66 89/263/66 88/264/66
f 51/265/67 52/266/67 90/267/67 89/268/67
f 52/269/68 53/270/68 91/271/68 90/272/68
f 53/273/69 54/274/69 92/275/69 91/276/69
f 54/277/70 55/278/70 93/279/70 92/280/70
f 55/281/71 56/282/71 94/283/71 93/284/71
f 56/285/72 57/286/72 95/287/72 94/288/72
f 59/289/73 58/290/73 96/291/73 97/292/73
f 58/293/74 60/294/74 98/295/74 96/296/74
f 60/297/75 61/298/75 99/299/75 98/300/75
f 61/301/76 62/302/76 100/303/76 99/304/76
f 62/305/77 63/306/77 101/307/77 100/308/77
f 63/309/78 64/310/78 102/311/78 101/312/78
f 64/313/79 65/314/79 103/315/79 102/316/79
f 65/317/80 66/318/80 104/319/80 103/320/80
f 66/321/81 67/322/81 105/323/81 104/324/81
f 67/325/82 68/326/82 106/327/82 105/328/82
f 68/329/83 69/330/83 107/331/83 106/332/83
f 69/333/84 70/334/84 108/335/84 107/336/84
f 70/337/85 71/338/85 109/339/85 108/340/85
f 71/341/86 72/342/86 110/343/86 109/344/86
f 72/345/87 73/346/87 111/347/87 110/348/87
f 73/349/88 74/350/88 112/351/88 111/352/88
f 74/353/89 75/354/89 113/355/89 112/356/89
f 75/357/90 76/358/90 114/359/90 113/360/90
f 78/361/91 77/362/91 115/363/91 116/364/91
f 77/365/92 79/366/92 117/367/92 115/368/92
f 79/369/93 80/370/93 118/371/93 117/372/93
f 80/373/94 81/374/94 119/375/94 118/376/94
f 81/377/95 82/378/95 120/379/95 119/380/95
f 82/381/96 83/382/96 121/383/96 120/384/96
f 83/385/97 84/386/97 122/387/97 121/388/97
f 84/389/98 85/390/98 123/391/98 122/392/98
f 85/393/99 86/394/99 124/395/99 123/396/99
f 86/397/100 87/398/100 125/399/100 124/400/100
f 87/401/101 88/402/101 126/403/101 125/404/101
f 88/405/102 89/406/102 127/407/102 126/408/102
f 89/409/103 90/410/103 128/411/103 127/412/103
f 90/413/104 91/414/104 129/415/104 128/416/104
f 91/417/105 92/418/105 130/419/105 129/420/105
f 92/421/106 93/422/106 131/423/106 130/424/106
f 93/425/107 94/426/107 132/427/107 131/428/107
f 94/429/108 95/430/108 133/431/108 132/432/108
f 97/433/109 96/434/109 134/435/109 135/436/109
f 96/437/110 98/438/110 136/439/110 134/440/110
f 98/441/111 99/442/111 137/443/111 136/444/111
f 99/445/112 100/446/112 138/447/112 137/448/112
f 100/449/113 101/450/113 139/451/113 138/452/113
f 101/453/114 102/454/114 140/455/114 139/456/114
f 102/457/115 103/458/115 141/459/115 140/460/115
f 103/461/116 104/462/116 142/463/116 141/464/116
f 104/465/117 105/466/117 143/467/117 142/468/117
f 105/469/118 106/470/118 144/471/118 143/472/118
f 106/473/119 107/474/119 145/475/119 144/476/119
f 107/477/120 108/478/120 146/479/120 145/480/120
f 108/481/121 109/482/121 147/483/121 146/484/121
f 109/485/122 110/486/122 148/487/122 147/488/122
f 110/489/123 111/490/123 149/491/123 148/492/123
f 111/493/124 112/494/124 150/495/124 149/496/124
f 112/497/125 113/498/125 151/499/125 150/500/125
f 113/501/126 114/502/126 152/503/126 151/504/126
f 116/505/127 115/506/127 153/507/127 154/508/127
f 115/509/128 117/510/128 155/511/128 153/512/128
f 117/513/129 118/514/129 156/515/129 155/516/129
f 118/517/130 119/518/130 157/519/130 156/520/130
f 119/521/131 120/522/131 158/523/131 157/524/131
f 120/525/132 121/526/132 159/527/132 158/528/132
f 121/529/133 122/530/133 160/531/133 159/532/133
f 122/533/134 123/534/134 161/535/134 160/536/134
f 123/537/135 124/538/135 162/539/135 161/540/135
f 124/541/136 125/542/136 163/543/136 162/544/136
f 125/545/137 126/546/137 164/547/137 163/548/137
f 126/549/138 127/550/138 165/551/138 164/552/138
f 127/553/139 128/554/139 166/555/139 165/556/139
f 128/557/140 129/558/140 167/559/140 166/560/140
f 129/561/141 130/562/141 168/563/141 167/564/141
f 130/565/142 131/566/142 169/567/142 168/568/142
f 131/569/143 132/570/143 170/571/143 169/572/143
f 132/573/144 133/574/144 171/575/144 170/576/144
f 135/577/145 134/578/145 172/579/145 173/580/145
f 134/581/146 136/582/146 174/583/146 172/584/146
f 136/585/147 137/586/147 175/587/147 174/588/147
f 137/589/148 138/590/148 176/591/148 175/592/148
f 138/593/149 139/594/149 177/595/149 176/596/149
f 139/597/150 140/598/150 178/599/150 177/600/150
f 140/601/151 141/602/151 179/603/151 178/604/151
f 141/605/152 142/606/152 180/607/152 179/608/152
f 142/609/153 143/610/153 181/611/153 180/612/153
f 143/613/154 144/614/154 182/615/154 181/616/154
f 144/617/155 145/618/155 183/619/155 182/620/155
f 145/621/156 146/622/156 184/623/156 183/624/156
f 146/625/157 147/626/157 185/627/157 184/628/157
f 147/629/158 148/630/158 186/631/158 185/632/158
f 148/633/159 149/634/159 187/635/159 186/636/159
f 149/637/160 150/638/160 188/639/160 187/640/160
f 150/641/161 151/642/161 189/643/161 188/644/161
f 151/645/162 152/646/162 190/647/162 189/648/162
f 154/649/163 153/650/163 191/651/163 192/652/163
f 153/653/164 155/654/164 193/655/164 191/656/164
f 155/657/165 156/658/165 194/659/165 193/660/165
f 156/661/166 157/662/166 195/663/166 194/664/166
f 157/665/167 158/666/167 196/667/167 195/668/167
f 158/669/168 159/670/168 197/671/168 196/672/168
f 159/673/169 160/674/169 198/675/169 197/676/169
f 160/677/170 161/678/170 199/679/170 198/680/170
f 161/681/171 162/682/171 200/683/171 199/684/171
f 162/685/172 163/686/172 201/687/172 200/688/172
f 163/689/173 164/690/173 202/691/173 201/692/173
f 164/693/174 165/694/174 203/695/174 202/696/174
f 165/697/175 166/698/175 204/699/175 203/700/175
f 166/701/176 167/702/176 205/703/176 204/704/176
f 167/705/177 168/706/177 206/707/177 205/708/177
f 168/709/178 169/710/178 207/711/178 206/712/178
f 169/713/179 170/714/179 208/715/179 207/716/179
f 170/717/180 171/718/180 209/719/180 208/720/180
f 173/721/181 172/722/181 210/723/181 211/724/181
f 172/725/182 174/726/182 212/727/182 210/728/182
f 174/729/183 175/730/183 213/731/183 212/732/183
f 175/733/184 176/734/184 214/735/184 213/736/184
f 176/737/185 177/738/185 215/739/185 214/740/185
f 177/741/186 178/742/186 216/743/186 215/744/186
f 178/745/187 179/746/187 217/747/187 216/748/187
f 179/749/188 180/750/188 218/751/188 217/752/188
f 180/753/189 181/754/189 219/755/189 218/756/189
f 181/757/190 182/758/190 220/759/190 219/760/190
f 182/761/191 183/762/191 221/763/191 220/764/191
f 183/765/192 184/766/192 222/767/192 221/768/192
f 184/769/193 185/770/193 223/771/193 222/772/193
f 185/773/194 186/774/194 224/775/194 223/776/194
f 186/777/195 187/778/195 225/779/195 224/780/195
f 187/781/196 188/782/196 226/783/196 225/784/196
f 188/785/197 189/786/197 227/787/197 226/788/197
f 189/789/198 190/790/198 228/791/198 227/792/198
f 192/793/199 191/794/199 229/795/199 230/796/199
f 191/797/200 193/798/200 231/799/200 229/800/200
f 193/801/201 194/802/201 232/803/201 231/804/201
f 194/805/202 195/806/202 233/807/202 232/808/202
f 195/809/203 196/810/203 234/811/203 233/812/203
f 196/813/204 197/814/204 235/815/204 234/816/204
f 197/817/205 198/818/205 236/819/205 235/820/205
f 198/821/206 199/822/206 237/823/206 236/824/206
f 199/825/207 200/826/207 238/827/207 237/828/207
f 200/829/208 201/830/208 239/831/208 238/832/208
f 201/833/209 202/834/209 240/835/209 239/836/209
f 202/837/210 203/838/210 241/839/210 240/840/210
f 203/841/211 204/842/211 242/843/211 241/844/211
f 204/845/212 205/846/212 243/847/212 242/848/212
f 205/849/213 206/850/213 244/851/213 243/852/213
f 206/853/214 207/854/214 245/855/214 244/856/214
f 207/857/215 208/858/215 246/859/215 245/860/215
f 208/861/216 209/862/216 247/863/216 246/864/216
f 211/865/217 210/866/217 248/867/217 249/868/217
f 210/869/218 212/870/218 250/871/218 248/872/218
f 212/873/219 213/874/219 251/875/219 250/876/219
f 213/877/220 214/878/220 252/879/220 251/880/220
f 214/881/221 215/882/221 253/883/221 252/884/221
f 215/885/222 216/886/222 254/887/222 253/888/222
f 216/889/223 217/890/223 255/891/223 254/892/223
f 217/893/224 218/894/224 256/895/224 255/896/224
f 218/897/225 219/898/225 257/899/225 256/900/225
f 219/901/226 220/902/226 258/903/226 257/904/226
f 220/905/227 221/906/227 259/907/227 258/908/227
f 221/909/228 222/910/228 260/911/228 259/912/228
f 222/913/229 223/914/229 261/915/229 260/916/229
f 223/917/230 224/918/230 262/919/230 261/920/230
f 224/921/231 225/922/231 263/923/231 262/924/231
f 225/925/232 226/926/232 264/927/232 263/928/232
f 226/929/233 227/930/233 265/931/233 264/932/233
f 227/933/234 228/934/234 266/935/234 265/936/234
f 229/937/235 246/938/235 247/939/235 230/940/235
f 248/941/236 265/942/236 266/943/236 249/944/236
f 2/945/237 5/946/237 267/947/237 268/948/237
f 268/949/238 267/950/238 269/951/238 270/952/238
f 270/953/239 269/954/239 271/955/239 272/956/239
f 272/957/240 271/958/240 273/959/240 274/960/240
f 274/961/241 273/962/241 275/963/241 276/964/241
f 276/965/242 275/966/242 277/967/242 278/968/242
f 278/969/243 277/970/243 279/971/243 280/972/243
f 280/973/244 279/974/244 281/975/244 282/976/244
f 282/977/245 281/978/245 283/979/245 284/980/245
f 284/981/246 283/982/246 285/983/246 286/984/246
f 286/985/247 285/986/247 287/987/247 288/988/247
f 288/989/248 287/990/248 289/991/248 290/992/248
f 290/993/249 289/994/249 291/995/249 292/996/249
f 292/997/250 291/998/250 293/999/250 294/1000/250
f 294/1001/251 293/1002/251 295/1003/251 296/1004/251
f 296/1005/252 295/1006/252 297/1007/252 298/1008/252
f 298/1009/253 297/1010/253 299/1011/253 300/1012/253
f 300/1013/254 299/1014/254 39/1015/254 38/1016/254
f 5/1017/255 41/1018/255 301/1019/255 267/1020/255
f 267/1021/256 301/1022/256 302/1023/256 269/1024/256
f 269/1025/257 302/1026/257 303/1027/257 271/1028/257
f 271/1029/258 303/1030/258 304/1031/258 273/1032/258
f 273/1033/259 304/1034/259 305/1035/259 275/1036/259
f 275/1037/260 305/1038/260 306/1039/260 277/1040/260
f 277/1041/261 306/1042/261 307/1043/261 279/1044/261
f 279/1045/262 307/1046/262 308/1047/262 281/1048/262
f 281/1049/263 308/1050/263 309/1051/263 283/1052/263
f 283/1053/264 309/1054/264 310/1055/264 285/1056/264
f 285/1057/265 310/1058/265 311/1059/265 287/1060/265
f 287/1061/266 311/1062/266 312/1063/266 289/1064/266
f 289/1065/267 312/1066/267 313/1067/267 291/1068/267
f 291/1069/268 313/1070/268 314/1071/268 293/1072/268
f 293/1073/269 314/1074/269 315/1075/269 295/1076/269
f 295/1077/270 315/1078/270 316/1079/270 297/1080/270
f 297/1081/271 316/1082/271 317/1083/271 299/1084/271
f 299/1085/272 317/1086/272 57/1087/272 39/1088/272
f 38/1089/273 59/1090/273 318/1091/273 300/1092/273
f 300/1093/274 318/1094/274 319/1095/274 298/1096/274
f 298/1097/275 319/1098/275 320/1099/275 296/1100/275
f 296/1101/276 320/1102/276 321/1103/276 294/1104/276
f 294/1105/277 321/1106/277 322/1107/277 292/1108/277
f 292/1109/278 322/1110/278 323/1111/278 290/1112/278
f 290/1113/279 323/1114/279 324/1115/279 288/1116/279
f 288/1117/280 324/1118/280 325/1119/280 286/1120/280
f 286/1121/281 325/1122/281 326/1123/281 284/1124/281
f 284/1125/282 326/1126/282 327/1127/282 282/1128/282
f 282/1129/283 327/1130/283 328/1131/283 280/1132/283
f 280/1133/284 328/1134/284 329/1135/284 278/1136/284
f 278/1137/285 329/1138/285 330/1139/285 276/1140/285
f 276/1141/286 330/1142/286 331/1143/286 274/1144/286
f 274/1145/287 331/1146/287 332/1147/287 272/1148/287
f 272/1149/288 332/1150/288 333/1151/288 270/1152/288
f 270/1153/289 333/1154/289 334/1155/289 268/1156/289
f 268/1157/290 334/1158/290 76/1159/290 2/1160/290
f 41/1161/291 78/1162/291 335/1163/291 301/1164/291
f 301/1165/292 335/1166/292 336/1167/292 302/1168/292
f 302/1169/293 336/1170/293 337/1171/293 303/1172/293
f 303/1173/294 337/1174/294 338/1175/294 304/1176/294
f 304/1177/295 338/1178/295 339/1179/295 305/1180/295
f 305/1181/296 339/1182/296 340/1183/296 306/1184/296
f 306/1185/297 340/1186/297 341/1187/297 307/1188/297
f 307/1189/298 341/1190/298 342/1191/298 308/1192/298
f 308/1193/299 342/1194/299 343/1195/299 309/1196/299
f 309/1197/300 343/1198/300 344/1199/300 310/1200/300
f 310/1201/301 344/1202/301 345/1203/301 311/1204/301
f 311/1205/302 345/1206/302 346/1207/302 312/1208/302
f 312/1209/303 346/1210/303 347/1211/303 313/1212/303
f 313/1213/304 347/1214/304 348/1215/304 314/1216/304
f 314/1217/305 348/1218/305 349/1219/305 315/1220/305
f 315/1221/306 349/1222/306 350/1223/306 316/1224/306
f 316/1225/307 350/1226/307 351/1227/307 317/1228/307
f 317/1229/308 351/1230/308 95/1231/308 57/1232/308
f 59/1233/309 97/1234/309 352/1235/309 318/1236/309
f 318/1237/310 352/1238/310 353/1239/310 319/1240/310
f 319/1241/311 353/1242/311 354/1243/311 320/1244/311
f 320/1245/312 354/1246/312 355/1247/312 321/1248/312
f 321/1249/313 355/1250/313 356/1251/313 322/1252/313
f 322/1253/314 356/1254/314 357/1255/314 323/1256/314
f 323/1257/315 357/1258/315 358/1259/315 324/1260/315
f 324/1261/316 358/1262/316 359/1263/316 325/1264/316
f 325/1265/317 359/1266/317 360/1267/317 326/1268/317
f 326/1269/318 360/1270/318 361/1271/318 327/1272/318
f 327/1273/319 361/1274/319 362/1275/319 328/1276/319
f 328/1277/320 362/1278/320 363/1279/320 329/1280/320
f 329/1281/321 363/1282/321 364/1283/321 330/1284/321
f 330/1285/322 364/1286/322 365/1287/322 331/1288/322
f 331/1289/323 365/1290/323 366/1291/323 332/1292/323
f 332/1293/324 366/1294/324 367/1295/324 333/1296/324
f 333/1297/325 367/1298/325 368/1299/325 334/1300/325
f 334/1301/326 368/1302/326 114/1303/326 76/1304/326
f 78/1305/327 116/1306/327 369/1307/327 335/1308/327
f 335/1309/328 369/1310/328 370/1311/328 336/1312/328
f 336/1313/329 370/1314/329 371/1315/329 337/1316/329
f 337/1317/330 371/1318/330 372/1319/330 338/1320/330
f 338/1321/331 372/1322/331 373/1323/331 339/1324/331
f 339/1325/332 373/1326/332 374/1327/332 340/1328/332
f 340/1329/333 374/1330/333 375/1331/333 341/1332/333
f 341/1333/334 375/1334/334 376/1335/334 342/1336/334
f 342/1337/335 376/1338/335 377/1339/335 343/1340/335
f 343/1341/336 377/1342/336 378/1343/336 344/1344/336
f 344/1345/337 378/1346/337 379/1347/337 345/1348/337
f 345/1349/338 379/1350/338 380/1351/338 346/1352/338
f 346/1353/339 380/1354/339 381/1355/339 347/1356/339
f 347/1357/340 381/1358/340 382/1359/340 348/1360/340
f 348/1361/341 382/1362/341 383/1363/341 349/1364/341
f 349/1365/342 383/1366/342 384/1367/342 350/1368/342
f 350/1369/343 384/1370/343 385/1371/343 351/1372/343
f 351/1373/344 385/1374/344 133/1375/344 95/1376/344
f 97/1377/345 135/1378/345 386/1379/345 352/1380/345
f 352/1381/346 386/1382/346 387/1383/346 353/1384/346
f 353/1385/347 387/1386/347 388/1387/347 354/1388/347
f 354/1389/348 388/1390/348 389/1391/348 355/1392/348
f 355/1393/349 389/1394/349 390/1395/349 356/1396/349
f 356/1397/350 390/1398/350 391/1399/350 357/1400/350
f 357/1401/351 391/1402/351 392/1403/351 358/1404/351
f 358/1405/352 392/1406/352 393/1407/352 359/1408/352
f 359/1409/353 393/1410/353 394/1411/353 360/1412/353
f 360/1413/354 394/1414/354 395/1415/354 361/1416/354
f 361/1417/355 395/1418/355 396/1419/355 362/1420/355
f 362/1421/356 396/1422/356 397/1423/356 363/1424/356
f 363/1425/357 397/1426/357 398/1427/357 364/1428/357
f 364/1429/358 398/1430/358 399/1431/358 365/1432/358
f 365/1433/359 399/1434/359 400/1435/359 366/1436/359
f 366/1437/360 400/1438/360 401/1439/360 367/1440/360
f 367/1441/361 401/1442/361 402/1443/361 368/1444/361
f 368/1445/362 402/1446/362 152/1447/362 114/1448/362
f 116/1449/363 154/1450/363 403/1451/363 369/1452/363
f 369/1453/364 403/1454/364 404/1455/364 370/1456/364
f 370/1457/365 404/1458/365 405/1459/365 371/1460/365
f 371/1461/366 405/1462/366 406/1463/366 372/1464/366
f 372/1465/367 406/1466/367 407/1467/367 373/1468/367
f 373/1469/368 407/1470/368 408/1471/368 374/1472/368
f 374/1473/369 408/1474/369 409/1475/369 375/1476/369
f 375/1477/370 409/1478/370 410/1479/370 376/1480/370
f 376/1481/371 410/1482/371 411/1483/371 377/1484/371
f 377/1485/372 411/1486/372 412/1487/372 378/1488/372
f 378/1489/373 412/1490/373 413/1491/373 379/1492/373
f 379/1493/374 413/1494/374 414/1495/374 380/1496/374
f 380/1497/375 414/1498/375 415/1499/375 381/1500/375
f 381/1501/376 415/1502/376 416/1503/376 382/1504/376
f 382/1505/377 416/1506/377 417/1507/377 383/1508/377
f 383/1509/378 417/1510/378 418/1511/378 384/1512/378
f 384/1513/379 418/1514/379 419/1515/379 385/1516/379
f 385/1517/380 419/1518/380 171/1519/380 133/1520/380
f 135/1521/381 173/1522/381 420/1523/381 386/1524/381
f 386/1525/382 420/1526/382 421/1527/382 387/1528/382
f 387/1529/383 421/1530/383 422/1531/383 388/1532/383
f 388/1533/384 422/1534/384 423/1535/384 389/1536/384
f 389/1537/385 423/1538/385 424/1539/385 390/1540/385
f 390/1541/386 424/1542/386 425/1543/386 391/1544/386
f 391/1545/387 425/1546/387 426/1547/387 392/1548/387
f 392/1549/388 426/1550/388 427/1551/388 393/1552/388
f 393/1553/389 427/1554/389 428/1555/389 394/1556/389
f 394/1557/390 428/1558/390 429/1559/390 395/1560/390
f 395/1561/391 429/1562/391 430/1563/391 396/1564/391
f 396/1565/392 430/1566/392 431/1567/392 397/1568/392
f 397/1569/393 431/1570/393 432/1571/393 398/1572/393
f 398/1573/394 432/1574/394 433/1575/394 399/1576/394
f 399/1577/395 433/1578/395 434/1579/395 400/1580/395
f 400/1581/396 434/1582/396 435/1583/396 401/1584/396
f 401/1585/397 435/1586/397 436/1587/397 402/1588/397
f 402/1589/398 436/1590/398 190/1591/398 152/1592/398
f 154/1593/399 192/1594/399 437/1595/399 403/1596/399
f 403/1597/400 437/1598/400 438/1599/400 404/1600/400
f 404/1601/401 438/1602/401 439/1603/401 405/1604/401
f 405/1605/402 439/1606/402 440/1607/402 406/1608/402
f 406/1609/403 440/1610/403 441/1611/403 407/1612/403
f 407/1613/404 441/1614/404 442/1615/404 408/1616/404
f 408/1617/405 442/1618/405 443/1619/405 409/1620/405
f 409/1621/406 443/1622/406 444/1623/406 410/1624/406
f 410/1625/407 444/1626/407 445/1627/407 411/1628/407
f 411/1629/408 445/1630/408 446/1631/408 412/1632/408
f 412/1633/409 446/1634/409 447/1635/409 413/1636/409
f 413/1637/410 447/1638/410 448/1639/410 414/1640/410
f 414/1641/411 448/1642/411 449/1643/411 415/1644/411
f 415/1645/412 449/1646/412 450/1647/412 416/1648/412
f 416/1649/413 450/1650/413 451/1651/413 417/1652/413
f 417/1653/414 451/1654/414 452/1655/414 418/1656/414
f 418/1657/415 452/1658/415 453/1659/415 419/1660/415
f 419/1661/416 453/1662/416 209/1663/416 171/1664/416
f 173/1665/417 211/1666/417 454/1667/417 420/1668/417
f 420/1669/418 454/1670/418 455/1671/418 421/1672/418
f 421/1673/419 455/1674/419 456/1675/419 422/1676/419
f 422/1677/420 456/1678/420 457/1679/420 423/1680/420
f 423/1681/421 457/1682/421 458/1683/421 424/1684/421
f 424/1685/422 458/1686/422 459/1687/422 425/1688/422
f 425/1689/423 459/1690/423 460/1691/423 426/1692/423
f 426/1693/424 460/1694/424 461/1695/424 427/1696/424
f 427/1697/425 461/1698/425 462/1699/425 428/1700/425
f 428/1701/426 462/1702/426 463/1703/426 429/1704/426
f 429/1705/427 463/1706/427 464/1707/427 430/1708/427
f 430/1709/428 464/1710/428 465/1711/428 431/1712/428
f 431/1713/429 465/1714/429 466/1715/429 432/1716/429
f 432/1717/430 466/1718/430 467/1719/430 433/1720/430
f 433/1721/431 467/1722/431 468/1723/431 434/1724/431
f 434/1725/432 468/1726/432 469/1727/432 435/1728/432
f 435/1729/433 469/1730/433 470/1731/433 436/1732/433
f 436/1733/434 470/1734/434 228/1735/434 190/1736/434
f 192/1737/435 230/1738/435 471/1739/435 437/1740/435
f 437/1741/436 471/1742/436 472/1743/436 438/1744/436
f 438/1745/437 472/1746/437 473/1747/437 439/1748/437
f 439/1749/438 473/1750/438 474/1751/438 440/1752/438
f 440/1753/439 474/1754/439 475/1755/439 441/1756/439
f 441/1757/440 475/1758/440 476/1759/440 442/1760/440
f 442/1761/441 476/1762/441 477/1763/441 443/1764/441
f 443/1765/442 477/1766/442 478/1767/442 444/1768/442
f 444/1769/443 478/1770/443 479/1771/443 445/1772/443
f 445/1773/444 479/1774/444 480/1775/444 446/1776/444
f 446/1777/445 480/1778/445 481/1779/445 447/1780/445
f 447/1781/446 481/1782/446 482/1783/446 448/1784/446
f 448/1785/447 482/1786/447 483/1787/447 449/1788/447
f 449/1789/448 483/1790/448 484/1791/448 450/1792/448
f 450/1793/449 484/1794/449 485/1795/449 451/1796/449
f 451/1797/450 485/1798/450 486/1799/450 452/1800/450
f 452/1801/451 486/1802/451 487/1803/451 453/1804/451
f 453/1805/452 487/1806/452 247/1807/452 209/1808/452
f 211/1809/453 249/1810/453 488/1811/453 454/1812/453
f 454/1813/454 488/1814/454 489/1815/454 455/1816/454
f 455/1817/455 489/1818/455 490/1819/455 456/1820/455
f 456/1821/456 490/1822/456 491/1823/456 457/1824/456
f 457/1825/457 491/1826/457 492/1827/457 458/1828/457
f 458/1829/458 492/1830/458 493/1831/458 459/1832/458
f 459/1833/459 493/1834/459 494/1835/459 460/1836/459
f 460/1837/460 494/1838/460 495/1839/460 461/1840/460
f 461/1841/461 495/1842/461 496/1843/461 462/1844/461
f 462/1845/462 496/1846/462 497/1847/462 463/1848/462
f 463/1849/463 497/1850/463 498/1851/463 464/1852/463
f 464/1853/464 498/1854/464 499/1855/464 465/1856/464
f 465/1857/465 499/1858/465 500/1859/465 466/1860/465
f 466/1861/466 500/1862/466 501/1863/466 467/1864/466
f 467/1865/467 501/1866/467 502/1867/467 468/1868/467
f 468/1869/468 502/1870/468 503/1871/468 469/1872/468
f 469/1873/469 503/1874/469 504/1875/469 470/1876/469
f 470/1877/470 504/1878/470 266/1879/470 228/1880/470
f 486/1881/471 472/1882/471 471/1883/471 487/1884/471
f 503/1885/472 489/1886/472 488/1887/472 504/1888/472
f 247/1889/473 487/1890/473 471/1891/473 230/1892/473
f 484/1893/474 474/1894/474 473/1895/474 485/1896/474
f 485/1897/475 473/1898/475 472/1899/475 486/1900/475
f 481/1901/476 477/1902/476 476/1903/476 482/1904/476
f 483/1905/477 475/1906/477 474/1907/477 484/1908/477
f 475/1909/478 483/1910/478 482/1911/478 476/1912/478
f 480/1913/479 479/1914/479 478/1915/479
f 477/1916/480 481/1917/480 480/1918/480 478/1919/480
f 232/1920/481 244/1921/481 245/1922/481 231/1923/481
f 246/1924/482 229/1925/482 231/1926/482 245/1927/482
f 234/1928/483 242/1929/483 243/1930/483 233/1931/483
f 244/1932/484 232/1933/484 233/1934/484 243/1935/484
f 236/1936/485 240/1937/485 241/1938/485 235/1939/485
f 242/1940/486 234/1941/486 235/1942/486 241/1943/486
f 237/1944/487 238/1945/487 239/1946/487
f 240/1947/488 236/1948/488 237/1949/488 239/1950/488
f 251/1951/489 263/1952/489 264/1953/489 250/1954/489
f 265/1955/490 248/1956/490 250/1957/490 264/1958/490
f 253/1959/491 261/1960/491 262/1961/491 252/1962/491
f 263/1963/492 251/1964/492 252/1965/492 262/1966/492
f 255/1967/493 259/1968/493 260/1969/493 254/1970/493
f 261/1971/494 253/1972/494 254/1973/494 260/1974/494
f 256/1975/495 257/1976/495 258/1977/495
f 259/1978/496 255/1979/496 256/1980/496 258/1981/496
f 266/1982/497 504/1983/497 488/1984/497 249/1985/497
f 501/1986/498 491/1987/498 490/1988/498 502/1989/498
f 502/1990/499 490/1991/499 489/1992/499 503/1993/499
f 498/1994/500 494/1995/500 493/1996/500 499/1997/500
f 500/1998/501 492/1999/501 491/2000/501 501/2001/501
f 492/2002/502 500/2003/502 499/2004/502 493/2005/502
f 497/2006/503 496/2007/503 495/2008/503
f 494/2009/504 498/2010/504 497/2011/504 495/2012/504