# Made in Blockbench 4.12.6
mtllib remote_bim.mtl

o LP
v 6.9576 2.994 -6.6337
v -15.1348 2.3325 4.2153
v -10.3091 2.994 3.3644
v -10.4696 2.994 1.5076
v -15.3704 2.3325 1.5076
v -14.4351 2.3325 6.8266
v -9.8305 2.994 5.1506
v -13.2926 2.3325 9.2767
v -9.0489 2.994 6.8266
v -11.742 2.3325 11.4911
v -7.9883 2.994 8.3414
v -9.8305 2.3325 13.4027
v -6.6807 2.994 9.649
v -7.616 2.3325 14.9533
v -5.1659 2.994 10.7096
v -5.1659 2.3325 16.0958
v -3.4899 2.994 11.4911
v -2.5546 2.3325 16.7955
v -1.7037 2.994 11.9697
v 0.1384 2.3325 17.0311
v 0.1384 2.994 12.1309
v -19.4965 1.4347 4.9844
v -19.7993 1.4347 1.5076
v -18.597 1.4347 8.3414
v -17.1282 1.4347 11.4911
v -15.1348 1.4347 14.338
v -12.6773 1.4347 16.7955
v -9.8305 1.4347 18.7889
v -6.6807 1.4347 20.2576
v -3.3237 1.4347 21.1571
v 0.1384 1.4347 21.46
v -23.2615 0.3279 5.6483
v -23.6225 0.3279 1.5076
v -22.1895 0.3279 9.649
v -20.4391 0.3279 13.4027
v -18.0635 0.3279 16.7955
v -15.1348 0.3279 19.7242
v -11.742 0.3279 22.0998
v -7.9883 0.3279 23.8502
v -3.9876 0.3279 24.9222
v 0.1384 0.3279 25.2832
v -26.3156 -0.9543 6.1868
v -26.7237 -0.9543 1.5076
v -25.1037 -0.9543 10.7096
v -23.1248 -0.9543 14.9533
v -20.4391 -0.9543 18.7889
v -17.1282 -0.9543 22.0998
v -13.2926 -0.9543 24.7855
v -9.049 -0.9543 26.7644
v -4.5261 -0.9543 27.9763
v 0.1384 -0.9543 28.3844
v -29.8616 -3.6687 1.5076
v -29.4058 -3.6687 6.7171
v -28.0523 -3.6687 11.7682
v -25.8423 -3.6687 16.5076
v -22.8429 -3.6687 20.7912
v -19.1452 -3.6687 24.4889
v -14.8616 -3.6687 27.4884
v -10.1222 -3.6687 29.6984
v -5.071 -3.6687 31.0518
v 0.1384 -3.6687 31.5076
v -27.8539 -3.6687 1.5076
v -27.4287 -3.6687 6.3684
v -4.7224 -3.6687 29.0747
v 0.1384 -3.6687 29.5
v -9.4355 -3.6687 27.8118
v -13.8577 -3.6687 25.7497
v -17.8547 -3.6687 22.951
v -21.305 -3.6687 19.5008
v -24.1037 -3.6687 15.5038
v -26.1658 -3.6687 11.0816
v -26.8501 -3.4187 1.5076
v -26.4428 -3.4187 6.1627
v -4.6977 -3.4187 27.9079
v 0.1384 -3.4187 28.5233
v -9.2113 -3.4187 26.6984
v -13.4464 -3.4187 24.7236
v -17.2741 -3.4187 22.0434
v -20.5783 -3.4187 18.7391
v -23.2586 -3.4187 14.9114
v -25.2334 -3.4187 10.6763
v -25.8463 -3.1687 1.5076
v -25.4515 -3.1687 6.0198
v -4.3738 -3.1687 27.0976
v 0.1384 -3.1687 27.4923
v -8.7489 -3.1687 25.9253
v -12.8539 -3.1687 24.011
v -16.5642 -3.1687 21.4131
v -19.767 -3.1687 18.2103
v -22.365 -3.1687 14.5
v -24.2792 -3.1687 10.3949
v 20.0439 -3.1687 18.2103
v 16.8411 -3.1687 21.4131
v 22.6419 -3.1687 14.5
v 24.5561 -3.1687 10.3949
v 26.1232 -3.1687 1.5076
v 25.7284 -3.1687 6.0198
v 15.4117 2.3325 4.2153
v 15.6473 2.3325 1.5076
v 10.7465 2.994 1.5076
v 10.5859 2.994 3.3644
v 14.712 2.3325 6.8266
v 10.1073 2.994 5.1506
v 13.5695 2.3325 9.2767
v 9.3258 2.994 6.8266
v 12.0189 2.3325 11.4911
v 8.2652 2.994 8.3414
v 10.1073 2.3325 13.4027
v 6.9576 2.994 9.649
v 7.8929 2.3325 14.9533
v 5.4428 2.994 10.7096
v 5.4428 2.3325 16.0958
v 3.7668 2.994 11.4911
v 2.8315 2.3325 16.7955
v 1.9806 2.994 11.9697
v 19.7733 1.4347 4.9844
v 20.0762 1.4347 1.5076
v 18.8738 1.4347 8.3414
v 17.4051 1.4347 11.4911
v 15.4117 1.4347 14.338
v 12.9542 1.4347 16.7955
v 10.1073 1.4347 18.7889
v 6.9576 1.4347 20.2576
v 3.6006 1.4347 21.1571
v 23.5384 0.3279 5.6483
v 23.8994 0.3279 1.5076
v 22.4664 0.3279 9.649
v 20.716 0.3279 13.4027
v 18.3404 0.3279 16.7955
v 15.4117 0.3279 19.7242
v 12.0189 0.3279 22.0998
v 8.2652 0.3279 23.8502
v 4.2645 0.3279 24.9222
v 26.5925 -0.9543 6.1868
v 27.0006 -0.9543 1.5076
v 25.3806 -0.9543 10.7096
v 23.4017 -0.9543 14.9533
v 20.716 -0.9543 18.7889
v 17.4051 -0.9543 22.0998
v 13.5695 -0.9543 24.7855
v 9.3258 -0.9543 26.7644
v 4.803 -0.9543 27.9763
v 29.6827 -3.6687 6.7171
v 30.1384 -3.6687 1.5076
v 28.3292 -3.6687 11.7682
v 26.1192 -3.6687 16.5076
v 23.1198 -3.6687 20.7912
v 19.4221 -3.6687 24.4889
v 15.1384 -3.6687 27.4884
v 10.3991 -3.6687 29.6984
v 5.3479 -3.6687 31.0518
v 4.6507 -3.1687 27.0976
v 27.7055 -3.6687 6.3684
v 28.1308 -3.6687 1.5076
v 4.9993 -3.6687 29.0747
v 9.7124 -3.6687 27.8118
v 14.1346 -3.6687 25.7497
v 18.1316 -3.6687 22.951
v 21.5818 -3.6687 19.5008
v 24.3805 -3.6687 15.5038
v 26.4427 -3.6687 11.0816
v 26.7197 -3.4187 6.1627
v 27.127 -3.4187 1.5076
v 4.9746 -3.4187 27.9079
v 9.4882 -3.4187 26.6984
v 13.7232 -3.4187 24.7236
v 17.551 -3.4187 22.0434
v 20.8552 -3.4187 18.7391
v 23.5355 -3.4187 14.9114
v 25.5103 -3.4187 10.6763
v 9.0257 -3.1687 25.9253
v 13.1308 -3.1687 24.011
v -15.1348 2.3325 -1.2001
v -10.3091 2.994 -0.3492
v -14.4351 2.3325 -3.8113
v -9.8305 2.994 -2.1354
v -13.2926 2.3325 -6.2614
v -9.0489 2.994 -3.8113
v -11.742 2.3325 -8.4759
v -7.9883 2.994 -5.3261
v -9.8305 2.3325 -10.3875
v -6.6807 2.994 -6.6337
v -7.616 2.3325 -11.9381
v -5.1659 2.994 -7.6944
v -5.1659 2.3325 -13.0806
v -3.4899 2.994 -8.4759
v -2.5546 2.3325 -13.7802
v -1.7037 2.994 -8.9545
v 0.1384 2.3325 -14.0159
v 0.1384 2.994 -9.1157
v -19.4965 1.4347 -1.9692
v -18.597 1.4347 -5.3261
v -17.1282 1.4347 -8.4759
v -15.1348 1.4347 -11.3228
v -12.6773 1.4347 -13.7802
v -9.8305 1.4347 -15.7736
v -6.6807 1.4347 -17.2424
v -3.3237 1.4347 -18.1419
v 0.1384 1.4347 -18.4448
v -23.2615 0.3279 -2.633
v -22.1895 0.3279 -6.6337
v -20.4391 0.3279 -10.3875
v -18.0635 0.3279 -13.7802
v -15.1348 0.3279 -16.7089
v -11.742 0.3279 -19.0846
v -7.9883 0.3279 -20.835
v -3.9876 0.3279 -21.907
v 0.1384 0.3279 -22.2679
v -26.3156 -0.9543 -3.1716
v -25.1037 -0.9543 -7.6944
v -23.1248 -0.9543 -11.9381
v -20.4391 -0.9543 -15.7736
v -17.1282 -0.9543 -19.0846
v -13.2926 -0.9543 -21.7703
v -9.049 -0.9543 -23.7491
v -4.5261 -0.9543 -24.961
v 0.1384 -0.9543 -25.3691
v -29.4058 -3.6687 -3.7018
v -28.0523 -3.6687 -8.753
v -25.8423 -3.6687 -13.4924
v -22.8429 -3.6687 -17.776
v -19.1452 -3.6687 -21.4737
v -14.8616 -3.6687 -24.4731
v -10.1222 -3.6687 -26.6832
v -5.071 -3.6687 -28.0366
v 0.1384 -3.6687 -28.4924
v -27.4287 -3.6687 -3.3532
v 0.1384 -3.6687 -26.4847
v -4.7224 -3.6687 -26.0595
v -9.4355 -3.6687 -24.7966
v -13.8577 -3.6687 -22.7345
v -17.8547 -3.6687 -19.9358
v -21.305 -3.6687 -16.4855
v -24.1037 -3.6687 -12.4886
v -26.1658 -3.6687 -8.0663
v -26.4428 -3.4187 -3.1475
v 0.1384 -3.4187 -25.5081
v -4.6977 -3.4187 -24.8926
v -9.2113 -3.4187 -23.6832
v -13.4464 -3.4187 -21.7084
v -17.2741 -3.4187 -19.0281
v -20.5783 -3.4187 -15.7239
v -23.2586 -3.4187 -11.8961
v -25.2334 -3.4187 -7.6611
v -25.4515 -3.1687 -3.0046
v -4.3738 -3.1687 -24.0823
v 0.1384 -3.1687 -24.4771
v -8.7489 -3.1687 -22.91
v -12.8539 -3.1687 -20.9958
v -16.5642 -3.1687 -18.3978
v -19.767 -3.1687 -15.195
v -22.365 -3.1687 -11.4847
v -24.2792 -3.1687 -7.3797
v 20.0439 -3.1687 -15.195
v 16.8411 -3.1687 -18.3978
v 22.6419 -3.1687 -11.4847
v 24.5561 -3.1687 -7.3797
v 25.7284 -3.1687 -3.0046
v 15.4117 2.3325 -1.2001
v 10.5859 2.994 -0.3492
v 14.712 2.3325 -3.8113
v 10.1073 2.994 -2.1354
v 13.5695 2.3325 -6.2614
v 9.3258 2.994 -3.8113
v 12.0189 2.3325 -8.4759
v 8.2652 2.994 -5.3261
v 10.1073 2.3325 -10.3875
v 7.8929 2.3325 -11.9381
v 5.4428 2.994 -7.6944
v 5.4428 2.3325 -13.0806
v 3.7668 2.994 -8.4759
v 2.8315 2.3325 -13.7802
v 1.9806 2.994 -8.9545
v 19.7733 1.4347 -1.9692
v 18.8738 1.4347 -5.3261
v 17.4051 1.4347 -8.4759
v 15.4117 1.4347 -11.3228
v 12.9542 1.4347 -13.7802
v 10.1073 1.4347 -15.7736
v 6.9576 1.4347 -17.2424
v 3.6006 1.4347 -18.1419
v 23.5384 0.3279 -2.633
v 22.4664 0.3279 -6.6337
v 20.716 0.3279 -10.3875
v 18.3404 0.3279 -13.7802
v 15.4117 0.3279 -16.7089
v 12.0189 0.3279 -19.0846
v 8.2652 0.3279 -20.835
v 4.2645 0.3279 -21.907
v 26.5925 -0.9543 -3.1716
v 25.3806 -0.9543 -7.6944
v 23.4017 -0.9543 -11.9381
v 20.716 -0.9543 -15.7736
v 17.4051 -0.9543 -19.0846
v 13.5695 -0.9543 -21.7703
v 9.3258 -0.9543 -23.7491
v 4.803 -0.9543 -24.961
v 29.6827 -3.6687 -3.7018
v 28.3292 -3.6687 -8.753
v 26.1192 -3.6687 -13.4924
v 23.1198 -3.6687 -17.776
v 19.4221 -3.6687 -21.4737
v 15.1384 -3.6687 -24.4731
v 10.3991 -3.6687 -26.6832
v 5.3479 -3.6687 -28.0366
v 4.6507 -3.1687 -24.0823
v 27.7055 -3.6687 -3.3532
v 4.9993 -3.6687 -26.0595
v 9.7124 -3.6687 -24.7966
v 14.1346 -3.6687 -22.7345
v 18.1316 -3.6687 -19.9358
v 21.5818 -3.6687 -16.4855
v 24.3805 -3.6687 -12.4886
v 26.4427 -3.6687 -8.0663
v 26.7197 -3.4187 -3.1475
v 4.9746 -3.4187 -24.8926
v 9.4882 -3.4187 -23.6832
v 13.7232 -3.4187 -21.7084
v 17.551 -3.4187 -19.0281
v 20.8552 -3.4187 -15.7239
v 23.5355 -3.4187 -11.8961
v 25.5103 -3.4187 -7.6611
v 9.0257 -3.1687 -22.91
v 13.1308 -3.1687 -20.9958
v -4.5167 -2.6648 -27.4763
v -4.5741 -0.3309 -27.144
v -4.4768 -1.0432 -28.2022
v -4.471 -3.3081 -28.2211
v -6.1395 1.2413 -19.3998
v -6.1881 2.3286 -19.2527
v -5.6295 1.8886 -21.3998
v -5.5758 0.6712 -21.5828
v -6.7629 1.7726 -17.3219
v -6.8052 2.7018 -17.2047
v -7.4306 2.0844 -15.3437
v -7.4649 2.9541 -15.2588
v -8.1349 2.3694 -13.4687
v -8.1612 3.1242 -13.4082
v -8.8674 2.5212 -11.6964
v -8.8888 3.2186 -11.6519
v -9.6287 2.7485 -10.0111
v -9.6438 3.2438 -9.9805
v -10.4168 2.8273 -8.3985
v -10.424 3.2478 -8.3855
v -11.2207 2.8768 -6.8508
v -11.2254 3.252 -6.8424
v -12.017 2.9034 -5.316
v -12.0187 3.2562 -5.3132
v -12.7926 2.8937 -3.822
v -12.79 3.2603 -3.8267
v -14.3628 2.7991 -1.0505
v -14.3523 3.2623 -1.0675
v -15.1663 3.2527 0.2047
v -15.191 2.7027 0.2399
v -18.7439 2.753 4.8535
v -17.8337 2.9159 3.7777
v -17.8881 2.1445 3.8444
v -18.8149 1.9367 4.9324
v -22.7639 1.7744 8.8234
v -21.734 2.0529 7.8839
v -21.8525 0.9187 7.9941
v -22.9071 0.4999 8.9475
v -24.9118 1.0371 10.5794
v -23.8164 1.4287 9.7046
v -23.9859 -0.0281 9.8424
v -25.136 -0.5859 10.7523
v -29.8566 -3.2786 13.9428
v -30.0212 -3.2772 14.051
v -29.6372 -2.7543 13.7989
v -2.7911 3.2603 15.1167
v -2.8014 2.9288 15.1168
v 0.1384 2.9538 15.0962
v 0.1384 3.2605 15.0962
v -4.9756 3.2623 15.1734
v -4.997 2.8161 15.1743
v -6.4844 3.2527 15.2424
v -6.527 2.7198 15.2461
v -10.9987 2.1636 15.7793
v -10.9128 2.9161 15.7653
v -12.2992 2.753 16.0157
v -12.4033 1.9484 16.0377
v -16.5716 0.9359 17.1376
v -16.4175 2.0529 17.0901
v -17.7469 1.7738 17.5145
v -17.9251 0.5237 17.576
v -19.2507 -0.0078 18.0632
v -19.0467 1.4286 17.9873
v -20.366 1.0427 18.4842
v -20.6263 -0.5819 18.5919
v -4.3698 -2.4045 -29.5381
v -4.3525 -3.3008 -29.7919
v -26.9932 -0.0946 12.0627
v -25.9787 0.5413 11.3755
v -26.2623 -1.7142 11.581
v -27.3335 -2.8182 12.2882
v -25.4935 -2.7538 20.9768
v -25.7277 -3.2782 21.0949
v -24.8065 -3.286 20.6315
v -24.592 -1.7009 20.5236
v -4.7233 0.2421 -25.9881
v -4.649 -1.669 -26.3174
v -5.0457 -0.236 -23.9911
v -5.1105 1.1983 -23.7335
v -27.3404 -0.5414 13.9694
v -24.4898 -0.5415 18.9072
v -23.4482 0.2165 18.3807
v -26.3662 0.2165 13.3267
v 5.7339 3.0931 -16.8332
v 5.1009 2.7208 -18.9444
v -4.824 2.7208 -18.9444
v -5.457 3.0931 -16.8332
v -11.1679 3.2742 14.3885
v -8.9546 3.4806 14.0848
v -15.399 3.48 2.9226
v -16.769 3.2742 4.6871
v -17.7268 3.1085 5.8164
v -12.6247 3.1083 14.6534
v -18.2722 2.1256 16.2149
v -21.9013 2.1256 9.9285
v -23.0022 1.7769 10.8468
v -19.6191 1.7769 16.7065
v -20.9875 1.3835 17.2256
v -24.1459 1.3833 11.7556
v -25.2863 0.8761 12.599
v -22.2924 0.8761 17.7846
v -29.0907 -2.5107 15.1148
v -26.3595 -2.5107 19.8454
v -25.4396 -1.4377 19.3829
v -28.2298 -1.4377 14.5502
v -23.5546 -3.3067 20.0016
v -23.6678 -0.8326 20.0607
v -28.7892 -1.7007 13.2429
v -27.9298 -0.8294 12.6814
v -27.8082 -3.3067 12.5991
v -28.9942 -3.2854 13.378
v -11.5533 3.6223 -3.1707
v -10.6699 3.6223 -2.7019
v -9.8881 3.6223 -4.2088
v -10.7757 3.6223 -4.6694
v -13.1605 3.6223 -0.3329
v -12.3083 3.6223 0.1906
v -14.0151 3.6126 1.0008
v -12.845 3.6124 1.0274
v -6.5982 3.6126 13.8473
v -6.037 3.6223 12.8194
v -5.0158 3.6223 13.774
v -5.0454 3.6223 12.7744
v -2.8304 3.6223 13.7169
v -2.8509 3.6223 12.717
v 0.1384 3.6223 13.6964
v 0.1384 3.6223 12.717
v -9.9827 3.6223 -6.1986
v -9.0952 3.6223 -5.7377
v -8.5666 3.6223 -6.7565
v -9.1739 3.6223 -7.7564
v -4.6029 2.6137 7.8101
v -6.2495 2.6137 5.8477
v -7.1397 3.4351 6.3616
v -5.2636 3.4351 8.5975
v -2.9562 1.5389 5.8477
v -4.031 1.5389 4.5668
v -1.3577 1.9035 3.9427
v 0.1384 2.0879 2.1596
v -1.8773 1.9035 3.3234
v -2.1538 1.9035 2.5638
v -7.1257 2.6137 3.4405
v -8.1379 3.4351 3.619
v -7.1257 2.6137 0.8788
v -8.1379 3.4351 0.7003
v -4.6029 1.5389 2.9956
v -4.6029 1.5389 1.3236
v -2.1538 1.9035 1.7554
v -1.8773 1.9035 0.9958
v -6.2495 2.6137 -1.5285
v -7.1397 3.4351 -2.0424
v -2.7359 3.4351 10.0568
v -2.3844 2.6137 9.091
v -1.5082 1.5389 6.6837
v -0.6576 1.9035 4.3469
v 0.1384 1.9035 4.4872
v 0.1384 1.5389 6.9741
v 0.1384 2.6137 9.5358
v 0.1384 1.9035 -0.168
v -0.6576 1.9035 -0.0276
v 0.1384 1.5389 -2.6548
v 0.1384 2.6137 -5.2166
v -2.3844 2.6137 -4.7717
v -1.5082 1.5389 -2.3645
v 0.1384 3.4368 -6.2621
v -2.7359 3.4351 -5.7376
v -1.3577 1.9035 0.3766
v -4.6029 2.6137 -3.4909
v -4.031 1.5389 -0.2476
v -2.9562 1.5389 -1.5285
v -5.2636 3.4351 -4.2783
v 0.1384 3.4342 10.5628
v -16.5039 3.114 2.0629
v -16.5447 2.447 2.1185
v -8.8312 2.4664 15.4791
v -8.7627 3.1146 15.4716
v -20.7056 2.3149 6.9007
v -19.7062 2.5494 5.888
v -19.7986 1.6457 5.9836
v -20.8117 1.2849 7.0046
v -15.0529 2.3149 16.6911
v -15.196 1.3017 16.7311
v -13.8046 1.6627 16.3642
v -13.6762 2.5493 16.3321
v -19.7672 2.6687 7.9413
v -15.485 2.6687 15.3581
v -14.0624 2.9035 14.9853
v -18.7329 2.9036 6.8957
v -16.8919 2.4064 15.7713
v -20.8282 2.4064 8.9534
v -21.5735 0.5473 18.9926
v -21.898 -1.6988 19.1464
v -23.0243 -2.7957 19.7361
v -22.6473 -0.0943 19.5437
v -4.3142 -3.2997 -30.3667
v -29.9126 -3.6316 15.655
v -27.2379 -3.6316 20.2879
v -25.903 -3.2768 21.1831
v -26.921 -3.6341 20.1168
v -29.6061 -3.6342 15.466
v -29.0906 -3.6387 15.1146
v -26.3596 -3.6384 19.8456
v -28.2296 -3.645 14.5506
v -25.4396 -3.6459 19.3826
v -2.863 -3.6591 -30.8286
v 3.1399 -3.6591 -30.8286
v 3.2324 -3.6611 -29.7954
v -2.9556 -3.6611 -29.7954
v -3.0655 -0.7626 -28.314
v -3.1683 0.0017 -27.1781
v 3.4452 0.0017 -27.1781
v 3.3423 -0.7626 -28.314
v -2.9552 -2.1561 -29.7956
v 3.2321 -2.1561 -29.7956
v -4.2509 2.2794 -21.1635
v 4.5278 2.2794 -21.1635
v -6.1351 3.3433 -14.826
v 6.412 3.3433 -14.826
v -7.6003 3.6009 -11.1073
v 7.8772 3.6009 -11.1073
v 7.1279 3.5102 -12.9187
v -6.851 3.5102 -12.9187
v -2.8631 -3.6583 -31.1886
v 3.14 -3.6583 -31.1886
v -2.8204 3.6223 10.577
v -5.3867 3.6223 9.0758
v -5.3616 3.6223 10.4705
v -2.8616 3.6223 11.4247
v -3.3214 0.6071 -25.9416
v 3.5983 0.6071 -25.9416
v -3.9931 -3.6607 -29.7677
v -3.923 -3.6588 -30.8284
v -3.0706 -3.6634 -28.4484
v -4.0918 -3.667 -28.4484
v -27.4057 -3.6511 13.9672
v -28.8 -3.6445 13.681
v -27.8449 -3.6625 13.0535
v -29.6611 -3.6386 14.2451
v -30.1831 -3.6341 14.5882
v -29.8588 -2.5106 13.9444
v -30.6817 -3.6315 14.4851
v -28.9956 -1.438 13.3782
v -28.1102 -0.5404 12.8
v -27.1448 0.2166 12.1632
v -26.0988 0.871 11.4589
v -25.0006 1.3797 10.6468
v -23.8882 1.7767 9.7628
v -22.8238 2.1257 8.8753
v -21.7836 2.4064 7.9301
v -20.7498 2.6695 6.944
v -19.7442 2.9052 5.9276
v -18.7748 3.1101 4.8881
v -17.8572 3.2741 3.8064
v -16.5204 3.473 2.0846
v -15.1734 3.6126 0.2145
v -14.3529 3.6223 -1.0666
v -12.7898 3.6203 -3.8272
v -12.0184 3.6162 -5.3141
v -11.2253 3.612 -6.8433
v -10.424 3.6078 -8.3864
v -8.3764 3.6223 -9.3879
v -9.6433 3.6038 -9.9834
v -8.8852 3.5785 -11.6627
v -8.1535 3.4835 -13.4314
v -7.454 3.3122 -15.2946
v -6.7913 3.058 -17.2557
v -6.173 2.6825 -19.3169
v -5.6132 2.2387 -21.4834
v -3.7174 1.5823 -23.5924
v -5.0925 1.5384 -23.852
v -4.7073 0.57 -26.1363
v -4.5605 -0.0185 -27.324
v -4.4604 -0.7646 -28.4325
v -4.3515 -2.1558 -29.7977
v -4.26 -3.658 -31.1884
v -4.9766 3.6223 15.1735
v -2.791 3.6203 15.1167
v -6.4963 3.6126 15.2436
v -8.7898 3.4736 15.475
v -10.9494 3.2742 15.7713
v -12.3446 3.11 16.0251
v -13.7295 2.9051 16.3452
v -15.1126 2.6695 16.7077
v -16.4824 2.4064 17.1101
v -17.8215 2.1252 17.5403
v -19.1321 1.7769 18.019
v -20.4693 1.3855 18.5261
v -21.7077 0.876 19.0567
v -22.8098 0.2164 19.6266
v -23.8591 -0.5424 20.1571
v -24.8122 -1.4378 20.6344
v -25.7306 -2.5104 21.0962
v -26.6082 -3.6314 21.5383
v -25.8919 -3.6382 20.7746
v -26.4486 -3.6339 21.0549
v -24.972 -3.6453 20.3116
v -24.5399 -3.6521 18.968
v -23.9669 -3.6626 19.8057
v 0.1384 3.6205 15.0963
v 3.3474 -3.6634 -28.4484
v 4.7936 -2.6648 -27.4763
v 4.7479 -3.3081 -28.2211
v 4.7536 -1.0432 -28.2022
v 4.851 -0.3309 -27.144
v 6.4164 1.2413 -19.3998
v 5.8527 0.6712 -21.5828
v 5.9064 1.8886 -21.3998
v 6.465 2.3286 -19.2527
v 7.0398 1.7726 -17.3219
v 7.0821 2.7018 -17.2047
v 7.7075 2.0844 -15.3437
v 7.7418 2.9541 -15.2588
v 8.438 3.1242 -13.4082
v 8.4118 2.3694 -13.4687
v 9.1443 2.5212 -11.6964
v 9.1657 3.2186 -11.6519
v 9.9207 3.2438 -9.9805
v 9.9056 2.7485 -10.0111
v 10.7009 3.2478 -8.3855
v 10.6937 2.8273 -8.3985
v 11.4976 2.8768 -6.8508
v 11.5023 3.252 -6.8424
v 12.2939 2.9034 -5.316
v 12.2956 3.2562 -5.3132
v 13.0669 3.2603 -3.8267
v 13.0695 2.8937 -3.822
v 14.6292 3.2623 -1.0675
v 14.6397 2.7991 -1.0505
v 15.4432 3.2527 0.2047
v 15.4679 2.7027 0.2399
v 19.0208 2.753 4.8535
v 19.0918 1.9367 4.9324
v 18.165 2.1445 3.8444
v 18.1106 2.9159 3.7777
v 23.0408 1.7744 8.8234
v 23.184 0.4999 8.9475
v 22.1294 0.9187 7.9941
v 22.0109 2.0529 7.8839
v 25.1887 1.0371 10.5794
v 25.4129 -0.5859 10.7523
v 24.2628 -0.0281 9.8424
v 24.0933 1.4287 9.7046
v 30.1335 -3.2786 13.9428
v 29.9141 -2.7543 13.7989
v 30.298 -3.2772 14.051
v 3.068 3.2603 15.1167
v 3.0783 2.9288 15.1168
v 5.2739 2.8161 15.1743
v 5.2525 3.2623 15.1734
v 6.8039 2.7198 15.2461
v 6.7613 3.2527 15.2424
v 11.2756 2.1636 15.7793
v 12.6802 1.9484 16.0377
v 12.5761 2.753 16.0157
v 11.1897 2.9161 15.7653
v 16.8485 0.9359 17.1376
v 18.202 0.5237 17.576
v 18.0238 1.7738 17.5145
v 16.6944 2.0529 17.0901
v 19.5276 -0.0078 18.0632
v 20.9032 -0.5819 18.5919
v 20.6429 1.0427 18.4842
v 19.3236 1.4286 17.9873
v 4.6467 -2.4045 -29.5381
v 4.6294 -3.3008 -29.7919
v 27.2701 -0.0946 12.0627
v 27.6104 -2.8182 12.2882
v 26.5392 -1.7142 11.581
v 26.2556 0.5413 11.3755
v 25.7704 -2.7538 20.9768
v 24.8689 -1.7009 20.5236
v 25.0834 -3.286 20.6315
v 26.0046 -3.2782 21.0949
v 5.0002 0.2421 -25.9881
v 5.3874 1.1983 -23.7335
v 5.3226 -0.236 -23.9911
v 4.9259 -1.669 -26.3174
v 27.6173 -0.5414 13.9694
v 26.6431 0.2165 13.3267
v 23.7251 0.2165 18.3807
v 24.7667 -0.5415 18.9072
v 11.4448 3.2742 14.3885
v 17.0459 3.2742 4.6871
v 15.6758 3.48 2.9226
v 9.2315 3.4806 14.0848
v 12.9015 3.1083 14.6534
v 18.0037 3.1085 5.8164
v 18.5491 2.1256 16.2149
v 19.896 1.7769 16.7065
v 23.2791 1.7769 10.8468
v 22.1782 2.1256 9.9285
v 21.2643 1.3835 17.2256
v 22.5692 0.8761 17.7846
v 25.5632 0.8761 12.599
v 24.4228 1.3833 11.7556
v 29.3676 -2.5107 15.1148
v 28.5067 -1.4377 14.5502
v 25.7165 -1.4377 19.3829
v 26.6364 -2.5107 19.8454
v 23.8315 -3.3067 20.0016
v 23.9447 -0.8326 20.0607
v 29.0661 -1.7007 13.2429
v 29.2711 -3.2854 13.378
v 28.0851 -3.3067 12.5991
v 28.2067 -0.8294 12.6814
v 11.8302 3.6223 -3.1707
v 11.0526 3.6223 -4.6694
v 10.165 3.6223 -4.2088
v 10.9468 3.6223 -2.7019
v 12.5852 3.6223 0.1906
v 13.4374 3.6223 -0.3329
v 13.1219 3.6124 1.0274
v 14.292 3.6126 1.0008
v 6.8751 3.6126 13.8473
v 6.3139 3.6223 12.8194
v 5.2927 3.6223 13.774
v 5.3223 3.6223 12.7744
v 3.1278 3.6223 12.717
v 3.1073 3.6223 13.7169
v 10.2596 3.6223 -6.1986
v 9.4508 3.6223 -7.7564
v 8.8435 3.6223 -6.7565
v 9.3721 3.6223 -5.7377
v 4.8798 2.6137 7.8101
v 5.5405 3.4351 8.5975
v 7.4166 3.4351 6.3616
v 6.5264 2.6137 5.8477
v 4.3079 1.5389 4.5668
v 3.2331 1.5389 5.8477
v 2.1542 1.9035 3.3234
v 1.6346 1.9035 3.9427
v 2.4307 1.9035 2.5638
v 8.4148 3.4351 3.619
v 7.4026 2.6137 3.4405
v 8.4148 3.4351 0.7003
v 7.4026 2.6137 0.8788
v 4.8798 1.5389 1.3236
v 4.8798 1.5389 2.9956
v 2.4307 1.9035 1.7554
v 2.1542 1.9035 0.9958
v 6.5264 2.6137 -1.5285
v 7.4166 3.4351 -2.0424
v 3.0128 3.4351 10.0568
v 2.6613 2.6137 9.091
v 1.7851 1.5389 6.6837
v 0.9345 1.9035 4.3469
v 0.9345 1.9035 -0.0276
v 2.6613 2.6137 -4.7717
v 1.7851 1.5389 -2.3645
v 3.0128 3.4351 -5.7376
v 1.6346 1.9035 0.3766
v 4.3079 1.5389 -0.2476
v 4.8798 2.6137 -3.4909
v 3.2331 1.5389 -1.5285
v 5.5405 3.4351 -4.2783
v 0.1384 3.6223 -6.6067
v 3.3684 3.6223 -6.7565
v 0.1384 3.6223 -7.7564
v -3.0916 3.6223 -6.7565
v 16.8216 2.447 2.1185
v 16.7808 3.114 2.0629
v 9.0396 3.1146 15.4716
v 9.1081 2.4664 15.4791
v 20.9825 2.3149 6.9007
v 21.0886 1.2849 7.0046
v 20.0755 1.6457 5.9836
v 19.9831 2.5494 5.888
v 15.3298 2.3149 16.6911
v 13.9531 2.5493 16.3321
v 14.0815 1.6627 16.3642
v 15.4729 1.3017 16.7311
v 20.0441 2.6687 7.9413
v 19.0098 2.9036 6.8957
v 14.3393 2.9035 14.9853
v 15.7619 2.6687 15.3581
v 17.1688 2.4064 15.7713
v 21.1051 2.4064 8.9534
v 22.1749 -1.6988 19.1464
v 21.8504 0.5473 18.9926
v 23.3012 -2.7957 19.7361
v 22.9242 -0.0943 19.5437
v 4.5911 -3.2997 -30.3667
v 30.1895 -3.6316 15.655
v 27.5148 -3.6316 20.2879
v 26.1799 -3.2768 21.1831
v 27.1978 -3.6341 20.1168
v 26.6364 -3.6384 19.8456
v 29.3674 -3.6387 15.1146
v 29.883 -3.6342 15.466
v 25.7164 -3.6459 19.3826
v 28.5064 -3.645 14.5506
v 3.9943 1.5823 -23.5924
v 8.6533 3.6223 -9.3879
v 4.1999 -3.6588 -30.8284
v 4.27 -3.6607 -29.7677
v 4.3687 -3.667 -28.4484
v 27.6826 -3.6511 13.9672
v 28.1218 -3.6625 13.0535
v 29.0769 -3.6445 13.681
v 29.938 -3.6386 14.2451
v 30.46 -3.6341 14.5882
v 30.9586 -3.6315 14.4851
v 30.1357 -2.5106 13.9444
v 29.2725 -1.438 13.3782
v 28.3871 -0.5404 12.8
v 27.4217 0.2166 12.1632
v 26.3757 0.871 11.4589
v 25.2775 1.3797 10.6468
v 24.165 1.7767 9.7628
v 23.1006 2.1257 8.8753
v 22.0605 2.4064 7.9301
v 21.0267 2.6695 6.944
v 20.0211 2.9052 5.9276
v 19.0517 3.1101 4.8881
v 18.1341 3.2741 3.8064
v 16.7973 3.473 2.0846
v 15.4503 3.6126 0.2145
v 14.6297 3.6223 -1.0666
v 13.0667 3.6203 -3.8272
v 12.2953 3.6162 -5.3141
v 11.5022 3.612 -6.8433
v 10.7009 3.6078 -8.3864
v 9.9201 3.6038 -9.9834
v 9.1621 3.5785 -11.6627
v 8.4304 3.4835 -13.4314
v 7.7309 3.3122 -15.2946
v 7.0682 3.058 -17.2557
v 6.4499 2.6825 -19.3169
v 5.8901 2.2387 -21.4834
v 5.3694 1.5384 -23.852
v 4.9842 0.57 -26.1363
v 4.8374 -0.0185 -27.324
v 4.7373 -0.7646 -28.4325
v 4.6284 -2.1558 -29.7977
v 4.5369 -3.658 -31.1884
v 3.0679 3.6203 15.1167
v 5.2535 3.6223 15.1735
v 6.7732 3.6126 15.2436
v 9.0667 3.4736 15.475
v 11.2263 3.2742 15.7713
v 12.6215 3.11 16.0251
v 14.0064 2.9051 16.3452
v 15.3895 2.6695 16.7077
v 16.7593 2.4064 17.1101
v 18.0984 2.1252 17.5403
v 19.409 1.7769 18.019
v 20.7461 1.3855 18.5261
v 21.9846 0.876 19.0567
v 23.0867 0.2164 19.6266
v 24.1359 -0.5424 20.1571
v 25.0891 -1.4378 20.6344
v 26.0075 -2.5104 21.0962
v 26.8851 -3.6314 21.5383
v 26.7255 -3.6339 21.0549
v 26.1688 -3.6382 20.7746
v 25.2489 -3.6453 20.3116
v 24.2438 -3.6626 19.8057
v 24.8168 -3.6521 18.968
v -1.3381 1.6718 6.2164
v -2.6365 1.6718 5.4667
v 0.1384 1.6718 6.4767
v 1.615 1.6718 6.2164
v 2.9134 1.6718 5.4667
v 3.8772 1.6718 4.3182
v 4.39 1.6718 2.9093
v 4.39 1.6718 1.41
v 3.8772 1.6718 0.0011
v 2.9134 1.6718 -1.1475
v 1.615 1.6718 -1.8971
v 0.1384 1.6718 -2.1575
v -1.3381 1.6718 -1.8971
v -2.6365 1.6718 -1.1475
v -3.6003 1.6718 0.0011
v -4.1131 1.6718 1.41
v -4.1131 1.6718 2.9093
v -3.6003 1.6718 4.3182
v 5.9907 3.6223 -4.4411
v 7.3384 3.6223 -4.346
v 5.1384 3.6223 -5.8631
v 3.3928 3.6223 -5.9473
v 7.9156 3.6223 -2.2079
v 8.8384 3.6223 -2.3713
v 8.9435 3.6223 0.6241
v 9.9384 3.6223 0.495
v 8.1384 3.6223 7.1595
v 9.9384 3.6192 2.8254
v 8.9042 3.6218 3.5076
v 7.559 3.6223 6.7727
v 5.6636 3.6223 9.0758
v 5.6384 3.6223 10.5068
v 3.0973 3.6223 10.577
v 3.1384 3.6223 11.5579
v 0.1384 3.6216 11.0972
v 0.1384 3.6218 11.91
v -7.2821 3.6223 6.7727
v -7.8616 3.6223 7.1595
v -8.6273 3.6218 3.5076
v -9.6616 3.6193 2.869
v -8.6666 3.6223 0.6241
v -9.6616 3.6223 0.5022
v -7.6387 3.6223 -2.2079
v -8.5616 3.6223 -2.3595
v -5.7138 3.6223 -4.4411
v -7.0616 3.6223 -4.3702
v -3.1159 3.6223 -5.9473
v -4.8616 3.6223 -5.8862
v -4.3522 -3.6608 -29.793
v -4.4797 -3.6687 -28.0883
v -4.5361 -2.9381 -27.2427
v -4.6737 -1.9617 -26.1072
v -5.0706 -0.5618 -23.836
v -5.597 0.3268 -21.4784
v -6.1604 0.892 -19.3153
v -6.7818 1.419 -17.255
v -7.4465 1.7281 -15.2942
v -8.1481 2.0114 -13.4313
v -8.881 2.163 -11.6628
v -9.6405 2.3894 -9.9836
v -10.4222 2.4675 -8.3867
v -11.224 2.5169 -6.8437
v -12.0176 2.5434 -5.3144
v -12.7894 2.5337 -3.8275
v -14.3541 2.4395 -1.0647
v -15.1733 2.3439 0.2144
v -16.5179 2.0898 2.0831
v -17.8562 1.7881 3.8052
v -18.7738 1.5819 4.8865
v -19.7435 1.2945 5.9263
v -20.7488 0.9359 6.9427
v -21.7827 0.5715 7.9292
v -22.8206 0.1583 8.8726
v -23.887 -0.3648 9.762
v -24.9913 -0.9021 10.6427
v -26.0736 -1.9909 11.4487
v -27.1379 -3.091 12.1584
v -27.6987 -3.6687 12.5267
v -28.9975 -3.6453 13.38
v -29.8586 -3.6386 13.9441
v -25.7301 -3.6382 21.0961
v -24.8102 -3.646 20.6332
v -23.4374 -3.6687 19.9423
v -22.815 -3.0684 19.6291
v -21.6895 -1.9755 19.048
v -20.4574 -0.8972 18.5228
v -19.1301 -0.344 18.0183
v -17.8177 0.1818 17.5389
v -16.4812 0.5885 17.1097
v -15.1109 0.9527 16.7075
v -13.728 1.3113 16.3452
v -12.3427 1.5937 16.0251
v -10.9479 1.8073 15.7711
v -8.7873 2.1091 15.4736
v -6.4962 2.361 15.2436
v -4.9765 2.4566 15.1735
v -2.7906 2.5689 15.1165
v 0.1384 2.5937 15.0961
v 3.0675 2.5689 15.1165
v 5.2534 2.4566 15.1735
v 6.7731 2.361 15.2436
v 9.0642 2.1091 15.4736
v 11.2247 1.8073 15.7711
v 12.6196 1.5937 16.0251
v 14.0049 1.3113 16.3452
v 15.3878 0.9527 16.7075
v 16.7581 0.5885 17.1097
v 18.0946 0.1818 17.5389
v 19.4069 -0.344 18.0183
v 20.7343 -0.8972 18.5228
v 21.9664 -1.9755 19.048
v 23.0919 -3.0684 19.6291
v 23.7143 -3.6687 19.9423
v 25.0871 -3.646 20.6332
v 26.007 -3.6382 21.0961
v 4.813 -2.9381 -27.2427
v 4.7566 -3.6687 -28.0883
v 4.6291 -3.6608 -29.793
v 30.1355 -3.6386 13.9441
v 29.2744 -3.6453 13.38
v 27.9755 -3.6687 12.5267
v 27.4148 -3.091 12.1584
v 26.3505 -1.9909 11.4487
v 25.2682 -0.9021 10.6427
v 24.1639 -0.3648 9.762
v 23.0975 0.1583 8.8726
v 22.0596 0.5715 7.9292
v 21.0257 0.9359 6.9427
v 20.0204 1.2945 5.9263
v 19.0507 1.5819 4.8865
v 18.1331 1.7881 3.8052
v 16.7948 2.0898 2.0831
v 15.4502 2.3439 0.2144
v 14.631 2.4395 -1.0647
v 13.0663 2.5337 -3.8275
v 12.2945 2.5434 -5.3144
v 11.5009 2.5169 -6.8437
v 10.699 2.4675 -8.3867
v 9.9174 2.3894 -9.9836
v 9.1579 2.163 -11.6628
v 8.425 2.0114 -13.4313
v 7.7234 1.7281 -15.2942
v 7.0587 1.419 -17.255
v 6.4373 0.892 -19.3153
v 5.8739 0.3268 -21.4784
v 5.3475 -0.5618 -23.836
v 4.9506 -1.9617 -26.1072
v -27.0869 -3.6543 13.7995
v -24.2347 -3.6552 18.7765
v 3.3474 -3.6644 -28.0884
v -3.0705 -3.6644 -28.0884
v 24.5116 -3.6552 18.7765
v 27.3638 -3.6543 13.7995
vt 0.214350392607868 0.4050768560844894
vt 0.2090173144035533 0.4669792953972258
vt 0.19775859375 0.4650792205233292
vt 0.19775859375 0.4021767418032788
vt 0.23034962722081218 0.41387720286885243
vt 0.21988099222715735 0.47287952790037835
vt 0.2090173144035533 0.4669792953972258
vt 0.214350392607868 0.4050768560844894
vt 0.24536125475888323 0.42807776245271123
vt 0.22995458439086294 0.48257991015132407
vt 0.21988099222715735 0.47287952790037835
vt 0.23034962722081218 0.41387720286885243
vt 0.258990232392132 0.4474785269546029
vt 0.23913933018718275 0.4955804224464062
vt 0.22995458439086294 0.48257991015132407
vt 0.24536125475888323 0.42807776245271123
vt 0.27064399587563454 0.4713794687894074
vt 0.2470401867861675 0.5117810608448928
vt 0.23913933018718275 0.4955804224464062
vt 0.258990232392132 0.4474785269546029
vt 0.28022378450190355 0.4989805564312737
vt 0.2534596327728426 0.5304817977616646
vt 0.2470401867861675 0.5117810608448928
vt 0.27064399587563454 0.4713794687894074
vt 0.2871370340260152 0.529581762295082
vt 0.2582001467322335 0.5510826095523329
vt 0.2534596327728426 0.5304817977616646
vt 0.28022378450190355 0.4989805564312737
vt 0.2914825051554568 0.5621830469735183
vt 0.26106420724936547 0.5730834765132409
vt 0.2582001467322335 0.5510826095523329
vt 0.2871370340260152 0.529581762295082
vt 0.29286515506027916 0.595884375
vt 0.2620518143242386 0.595884375
vt 0.26106420724936547 0.5730834765132409
vt 0.2914825051554568 0.5621830469735183
vt 0.2192884279822335 0.3486746335119799
vt 0.214350392607868 0.4050768560844894
vt 0.19775859375 0.4021767418032788
vt 0.19775859375 0.3448744837641867
vt 0.2400281765545685 0.3599750788146281
vt 0.23034962722081218 0.41387720286885243
vt 0.214350392607868 0.4050768560844894
vt 0.2192884279822335 0.3486746335119799
vt 0.2594840359295685 0.37847580784993695
vt 0.24536125475888323 0.42807776245271123
vt 0.23034962722081218 0.41387720286885243
vt 0.2400281765545685 0.3599750788146281
vt 0.27706344186230963 0.40357679697351834
vt 0.258990232392132 0.4474785269546029
vt 0.24536125475888323 0.42807776245271123
vt 0.2594840359295685 0.37847580784993695
vt 0.29227259081535534 0.43447801465952085
vt 0.27064399587563454 0.4713794687894074
vt 0.258990232392132 0.4474785269546029
vt 0.27706344186230963 0.40357679697351834
vt 0.3045189185437817 0.4703794293820933
vt 0.28022378450190355 0.4989805564312737
vt 0.27064399587563454 0.4713794687894074
vt 0.29227259081535534 0.43447801465952085
vt 0.31360490363261423 0.5099809899117277
vt 0.2871370340260152 0.529581762295082
vt 0.28022378450190355 0.4989805564312737
vt 0.3045189185437817 0.4703794293820933
vt 0.31913550325190354 0.5522826568411098
vt 0.2914825051554568 0.5621830469735183
vt 0.2871370340260152 0.529581762295082
vt 0.31360490363261423 0.5099809899117277
vt 0.32101195669416244 0.595884375
vt 0.29286515506027916 0.595884375
vt 0.2914825051554568 0.5621830469735183
vt 0.31913550325190354 0.5522826568411098
vt 0.22353513840418782 0.29897267496847424
vt 0.2192884279822335 0.3486746335119799
vt 0.19775859375 0.3448744837641867
vt 0.19775859375 0.2943724936948299
vt 0.24842283669098983 0.31257321090794465
vt 0.2400281765545685 0.3599750788146281
vt 0.2192884279822335 0.3486746335119799
vt 0.22353513840418782 0.29897267496847424
vt 0.27182912436548223 0.3347740857503153
vt 0.2594840359295685 0.37847580784993695
vt 0.2400281765545685 0.3599750788146281
vt 0.24842283669098983 0.31257321090794465
vt 0.2929639157677665 0.36497527585119804
vt 0.27706344186230963 0.40357679697351834
vt 0.2594840359295685 0.37847580784993695
vt 0.27182912436548223 0.3347740857503153
vt 0.31113588594543146 0.4020767378625473
vt 0.29227259081535534 0.43447801465952085
vt 0.27706344186230963 0.40357679697351834
vt 0.2929639157677665 0.36497527585119804
vt 0.3259499920685279 0.44517843631778076
vt 0.3045189185437817 0.4703794293820933
vt 0.29227259081535534 0.43447801465952085
vt 0.31113588594543146 0.4020767378625473
vt 0.336813669892132 0.4927803121059269
vt 0.31360490363261423 0.5099809899117277
vt 0.3045189185437817 0.4703794293820933
vt 0.3259499920685279 0.44517843631778076
vt 0.343529398001269 0.5434823100567465
vt 0.31913550325190354 0.5522826568411098
vt 0.31360490363261423 0.5099809899117277
vt 0.336813669892132 0.4927803121059269
vt 0.34580089427347716 0.595884375
vt 0.32101195669416244 0.595884375
vt 0.31913550325190354 0.5522826568411098
vt 0.343529398001269 0.5434823100567465
vt 0.2271892845812183 0.25717102774274914
vt 0.22353513840418782 0.29897267496847424
vt 0.19775859375 0.2943724936948299
vt 0.19775859375 0.2519708228247164
vt 0.2556323683375634 0.2727716424968475
vt 0.24842283669098983 0.31257321090794465
vt 0.22353513840418782 0.29897267496847424
vt 0.2271892845812183 0.25717102774274914
vt 0.28219899865164977 0.29807263950189167
vt 0.27182912436548223 0.3347740857503153
vt 0.24842283669098983 0.31257321090794465
vt 0.2556323683375634 0.2727716424968475
vt 0.3062966112785533 0.3324739951134932
vt 0.2929639157677665 0.36497527585119804
vt 0.27182912436548223 0.3347740857503153
vt 0.28219899865164977 0.29807263950189167
vt 0.3271351205583756 0.37487566598360667
vt 0.31113588594543146 0.4020767378625473
vt 0.2929639157677665 0.36497527585119804
vt 0.3062966112785533 0.3324739951134932
vt 0.3440232015387056 0.42387759694199245
vt 0.3259499920685279 0.44517843631778076
vt 0.31113588594543146 0.4020767378625473
vt 0.3271351205583756 0.37487566598360667
vt 0.3564670506821066 0.4782797406998739
vt 0.336813669892132 0.4927803121059269
vt 0.3259499920685279 0.44517843631778076
vt 0.3440232015387056 0.42387759694199245
vt 0.3640716251586294 0.5361820223833544
vt 0.343529398001269 0.5434823100567465
vt 0.336813669892132 0.4927803121059269
vt 0.3564670506821066 0.4782797406998739
vt 0.36663940355329944 0.595884375
vt 0.34580089427347716 0.595884375
vt 0.343529398001269 0.5434823100567465
vt 0.3640716251586294 0.5361820223833544
vt 0.19775859375 0.2519708228247164
vt 0.19775859375 0.1993687500000001
vt 0.23153475571065987 0.20536898644388413
vt 0.2271892845812183 0.25717102774274914
vt 0.2271892845812183 0.25717102774274914
vt 0.23153475571065987 0.20536898644388413
vt 0.2643233105964467 0.2232696918348046
vt 0.2556323683375634 0.2727716424968475
vt 0.2556323683375634 0.2727716424968475
vt 0.2643233105964467 0.2232696918348046
vt 0.295037890625 0.2524708425283734
vt 0.28219899865164977 0.29807263950189167
vt 0.28219899865164977 0.29807263950189167
vt 0.295037890625 0.2524708425283734
vt 0.32288841013642133 0.29207240305800775
vt 0.3062966112785533 0.3324739951134932
vt 0.3062966112785533 0.3324739951134932
vt 0.32288841013642133 0.29207240305800775
vt 0.34678850134835026 0.34097433007566214
vt 0.3271351205583756 0.37487566598360667
vt 0.3271351205583756 0.37487566598360667
vt 0.34678850134835026 0.34097433007566214
vt 0.36624436072335026 0.3975765605296343
vt 0.3440232015387056 0.42387759694199245
vt 0.3440232015387056 0.42387759694199245
vt 0.36624436072335026 0.3975765605296343
vt 0.38066342401649744 0.4601790274274906
vt 0.3564670506821066 0.4782797406998739
vt 0.3564670506821066 0.4782797406998739
vt 0.38066342401649744 0.4601790274274906
vt 0.38935436627538067 0.5269816598360657
vt 0.3640716251586294 0.5361820223833544
vt 0.3640716251586294 0.5361820223833544
vt 0.38935436627538067 0.5269816598360657
vt 0.3923171875 0.595884375
vt 0.36663940355329944 0.595884375
vt 0.9944692504679701 0.5632250440140845
vt 0.9971765625 0.6254109375000001
vt 0.9851440645798668 0.6254109375000001
vt 0.982537023363838 0.5673773612261807
vt 0.81638828125 0.26742187500000014
vt 0.8477730466583471 0.27285943325393547
vt 0.8456673595223239 0.2963892307891467
vt 0.81638828125 0.29144599601284193
vt 0.8477730466583471 0.27285943325393547
vt 0.8781551039066833 0.28897437862468933
vt 0.8740440004506378 0.31141666450911365
vt 0.8456673595223239 0.2963892307891467
vt 0.8781551039066833 0.28897437862468933
vt 0.9067322864669994 0.3152723876346315
vt 0.900716037506933 0.3360339736951119
vt 0.8740440004506378 0.31141666450911365
vt 0.9067322864669994 0.3152723876346315
vt 0.9326021569952856 0.35096254271955263
vt 0.9247810333471991 0.36935137608740687
vt 0.900716037506933 0.3360339736951119
vt 0.9326021569952856 0.35096254271955263
vt 0.9548622781475318 0.3951550616197185
vt 0.9456373630754298 0.41057795412178966
vt 0.9247810333471991 0.36935137608740687
vt 0.9548622781475318 0.3951550616197185
vt 0.9729110250277315 0.4462681092067109
vt 0.9624828601636162 0.4582307373653688
vt 0.9456373630754298 0.41057795412178966
vt 0.9729110250277315 0.4462681092067109
vt 0.986247043555879 0.5028187150476389
vt 0.9749164413477537 0.511024484776305
vt 0.9624828601636162 0.4582307373653688
vt 0.986247043555879 0.5028187150476389
vt 0.9944692504679701 0.5632250440140845
vt 0.982537023363838 0.5673773612261807
vt 0.9749164413477537 0.511024484776305
vt 0.9851440645798668 0.6254109375000001
vt 0.9789272739877981 0.6254109375000001
vt 0.9764205035877704 0.5698489786143331
vt 0.982537023363838 0.5673773612261807
vt 0.8456673595223239 0.2963892307891467
vt 0.8454668178903216 0.31062574694490475
vt 0.81638828125 0.3034086241714997
vt 0.81638828125 0.29144599601284193
vt 0.8740440004506378 0.31141666450911365
vt 0.8726402090266223 0.325059992491715
vt 0.8454668178903216 0.31062574694490475
vt 0.8456673595223239 0.2963892307891467
vt 0.900716037506933 0.3360339736951119
vt 0.8982092671069051 0.34858979002692636
vt 0.8726402090266223 0.325059992491715
vt 0.8740440004506378 0.31141666450911365
vt 0.9247810333471991 0.36935137608740687
vt 0.9212715547871603 0.38052308668185597
vt 0.8982092671069051 0.34858979002692636
vt 0.900716037506933 0.3360339736951119
vt 0.9456373630754298 0.41057795412178966
vt 0.9411251763553798 0.4198712355012427
vt 0.9212715547871603 0.38052308668185597
vt 0.9247810333471991 0.36935137608740687
vt 0.9624828601636162 0.4582307373653688
vt 0.9572687777315585 0.46554672483429993
vt 0.9411251763553798 0.4198712355012427
vt 0.9456373630754298 0.41057795412178966
vt 0.9749164413477537 0.511024484776305
vt 0.9692010048356905 0.516066584248136
vt 0.9572687777315585 0.46554672483429993
vt 0.9624828601636162 0.4582307373653688
vt 0.982537023363838 0.5673773612261807
vt 0.9764205035877704 0.5698489786143331
vt 0.9692010048356905 0.516066584248136
vt 0.9749164413477537 0.511024484776305
vt 0.9727104833957293 0.6254109375000001
vt 0.9703039838117027 0.5716285431338028
vt 0.9764205035877704 0.5698489786143331
vt 0.9789272739877981 0.6254109375000001
vt 0.8435616723863005 0.3207099458885668
vt 0.81638828125 0.3160633051988402
vt 0.81638828125 0.3034086241714997
vt 0.8454668178903216 0.31062574694490475
vt 0.8698326261785911 0.33464986795774654
vt 0.8435616723863005 0.3207099458885668
vt 0.8454668178903216 0.31062574694490475
vt 0.8726402090266223 0.325059992491715
vt 0.8944992469148642 0.3573887479287491
vt 0.8698326261785911 0.33464986795774654
vt 0.8726402090266223 0.325059992491715
vt 0.8982092671069051 0.34858979002692636
vt 0.9168596388831115 0.38833339762841756
vt 0.8944992469148642 0.3573887479287491
vt 0.8982092671069051 0.34858979002692636
vt 0.9212715547871603 0.38052308668185597
vt 0.9361116355553245 0.4263963054059653
vt 0.9168596388831115 0.38833339762841756
vt 0.9212715547871603 0.38052308668185597
vt 0.9411251763553798 0.4198712355012427
vt 0.9517538828514974 0.4705888243061309
vt 0.9361116355553245 0.4263963054059653
vt 0.9411251763553798 0.4198712355012427
vt 0.9572687777315585 0.46554672483429993
vt 0.9632850266916251 0.5195268485915493
vt 0.9517538828514974 0.4705888243061309
vt 0.9572687777315585 0.46554672483429993
vt 0.9692010048356905 0.516066584248136
vt 0.9703039838117027 0.5716285431338028
vt 0.9632850266916251 0.5195268485915493
vt 0.9692010048356905 0.516066584248136
vt 0.9764205035877704 0.5698489786143331
vt 0.9168596388831115 0.38833339762841756
vt 0.9361116355553245 0.4263963054059653
vt 0.6966649269446755 0.4263963054059653
vt 0.7159169236168885 0.38833339762841756
vt 0.9361116355553245 0.4263963054059653
vt 0.9517538828514974 0.4705888243061309
vt 0.6810226796485024 0.4705888243061309
vt 0.6966649269446755 0.4263963054059653
vt 0.9517538828514974 0.4705888243061309
vt 0.9632850266916251 0.5195268485915493
vt 0.669591806624376 0.5195268485915493
vt 0.6810226796485024 0.4705888243061309
vt 0.9703039838117027 0.5716285431338028
vt 0.9727104833957293 0.6254109375000001
vt 0.6601663499202718 0.6254109375000001
vt 0.6624725786882972 0.5716285431338028
vt 0.214350392607868 0.7865918899747794
vt 0.19775859375 0.7894920042559899
vt 0.19775859375 0.7266895294766709
vt 0.2090173144035533 0.7246894506620429
vt 0.23034962722081218 0.7777915431904161
vt 0.214350392607868 0.7865918899747794
vt 0.2090173144035533 0.7246894506620429
vt 0.21988099222715735 0.7187892181588904
vt 0.24536125475888323 0.7635909836065573
vt 0.23034962722081218 0.7777915431904161
vt 0.21988099222715735 0.7187892181588904
vt 0.22995458439086294 0.7090888359079446
vt 0.258990232392132 0.7441902191046659
vt 0.24536125475888323 0.7635909836065573
vt 0.22995458439086294 0.7090888359079446
vt 0.23913933018718275 0.6960883236128625
vt 0.27064399587563454 0.7202892772698613
vt 0.258990232392132 0.7441902191046659
vt 0.23913933018718275 0.6960883236128625
vt 0.2470401867861675 0.6798876852143758
vt 0.28022378450190355 0.692688189627995
vt 0.27064399587563454 0.7202892772698613
vt 0.2470401867861675 0.6798876852143758
vt 0.2534596327728426 0.6612869522383356
vt 0.2871370340260152 0.6620869837641867
vt 0.28022378450190355 0.692688189627995
vt 0.2534596327728426 0.6612869522383356
vt 0.2582001467322335 0.6405861365069356
vt 0.2914825051554568 0.6294856990857502
vt 0.2871370340260152 0.6620869837641867
vt 0.2582001467322335 0.6405861365069356
vt 0.26106420724936547 0.6185852695460277
vt 0.29286515506027916 0.595884375
vt 0.2914825051554568 0.6294856990857502
vt 0.26106420724936547 0.6185852695460277
vt 0.2620518143242386 0.595884375
vt 0.2192884279822335 0.8429941125472887
vt 0.19775859375 0.8468942662358134
vt 0.19775859375 0.7894920042559899
vt 0.214350392607868 0.7865918899747794
vt 0.2400281765545685 0.8316936672446407
vt 0.2192884279822335 0.8429941125472887
vt 0.214350392607868 0.7865918899747794
vt 0.23034962722081218 0.7777915431904161
vt 0.2594840359295685 0.8131929382093316
vt 0.2400281765545685 0.8316936672446407
vt 0.23034962722081218 0.7777915431904161
vt 0.24536125475888323 0.7635909836065573
vt 0.27706344186230963 0.7880919490857503
vt 0.2594840359295685 0.8131929382093316
vt 0.24536125475888323 0.7635909836065573
vt 0.258990232392132 0.7441902191046659
vt 0.29227259081535534 0.7571907313997478
vt 0.27706344186230963 0.7880919490857503
vt 0.258990232392132 0.7441902191046659
vt 0.27064399587563454 0.7202892772698613
vt 0.3045189185437817 0.7213893206179067
vt 0.29227259081535534 0.7571907313997478
vt 0.27064399587563454 0.7202892772698613
vt 0.28022378450190355 0.692688189627995
vt 0.31360490363261423 0.681687756147541
vt 0.3045189185437817 0.7213893206179067
vt 0.28022378450190355 0.692688189627995
vt 0.2871370340260152 0.6620869837641867
vt 0.31913550325190354 0.6393860892181589
vt 0.31360490363261423 0.681687756147541
vt 0.2871370340260152 0.6620869837641867
vt 0.2914825051554568 0.6294856990857502
vt 0.32101195669416244 0.595884375
vt 0.31913550325190354 0.6393860892181589
vt 0.2914825051554568 0.6294856990857502
vt 0.29286515506027916 0.595884375
vt 0.22353513840418782 0.8926960710907944
vt 0.19775859375 0.8972962523644389
vt 0.19775859375 0.8468942662358134
vt 0.2192884279822335 0.8429941125472887
vt 0.24842283669098983 0.8790955351513241
vt 0.22353513840418782 0.8926960710907944
vt 0.2192884279822335 0.8429941125472887
vt 0.2400281765545685 0.8316936672446407
vt 0.27182912436548223 0.8568946603089533
vt 0.24842283669098983 0.8790955351513241
vt 0.2400281765545685 0.8316936672446407
vt 0.2594840359295685 0.8131929382093316
vt 0.2929639157677665 0.8266934702080706
vt 0.27182912436548223 0.8568946603089533
vt 0.2594840359295685 0.8131929382093316
vt 0.27706344186230963 0.7880919490857503
vt 0.31113588594543146 0.7895920081967214
vt 0.2929639157677665 0.8266934702080706
vt 0.27706344186230963 0.7880919490857503
vt 0.29227259081535534 0.7571907313997478
vt 0.3259499920685279 0.7465903136822194
vt 0.31113588594543146 0.7895920081967214
vt 0.29227259081535534 0.7571907313997478
vt 0.3045189185437817 0.7213893206179067
vt 0.336813669892132 0.6988884339533418
vt 0.3259499920685279 0.7465903136822194
vt 0.3045189185437817 0.7213893206179067
vt 0.31360490363261423 0.681687756147541
vt 0.343529398001269 0.6481864360025221
vt 0.336813669892132 0.6988884339533418
vt 0.31360490363261423 0.681687756147541
vt 0.31913550325190354 0.6393860892181589
vt 0.34580089427347716 0.595884375
vt 0.343529398001269 0.6481864360025221
vt 0.31913550325190354 0.6393860892181589
vt 0.32101195669416244 0.595884375
vt 0.2271892845812183 0.9344977183165195
vt 0.19775859375 0.9396979232345524
vt 0.19775859375 0.8972962523644389
vt 0.22353513840418782 0.8926960710907944
vt 0.2556323683375634 0.9189971075031526
vt 0.2271892845812183 0.9344977183165195
vt 0.22353513840418782 0.8926960710907944
vt 0.24842283669098983 0.8790955351513241
vt 0.28219899865164977 0.893596106557377
vt 0.2556323683375634 0.9189971075031526
vt 0.24842283669098983 0.8790955351513241
vt 0.27182912436548223 0.8568946603089533
vt 0.3062966112785533 0.8591947509457756
vt 0.28219899865164977 0.893596106557377
vt 0.27182912436548223 0.8568946603089533
vt 0.2929639157677665 0.8266934702080706
vt 0.3271351205583756 0.8168930840163935
vt 0.3062966112785533 0.8591947509457756
vt 0.2929639157677665 0.8266934702080706
vt 0.31113588594543146 0.7895920081967214
vt 0.3440232015387056 0.7677911491172762
vt 0.3271351205583756 0.8168930840163935
vt 0.31113588594543146 0.7895920081967214
vt 0.3259499920685279 0.7465903136822194
vt 0.3564670506821066 0.7134890093001262
vt 0.3440232015387056 0.7677911491172762
vt 0.3259499920685279 0.7465903136822194
vt 0.336813669892132 0.6988884339533418
vt 0.3640716251586294 0.6555867276166456
vt 0.3564670506821066 0.7134890093001262
vt 0.336813669892132 0.6988884339533418
vt 0.343529398001269 0.6481864360025221
vt 0.36663940355329944 0.595884375
vt 0.3640716251586294 0.6555867276166456
vt 0.343529398001269 0.6481864360025221
vt 0.34580089427347716 0.595884375
vt 0.19775859375 0.9396979232345524
vt 0.2271892845812183 0.9344977183165195
vt 0.23153475571065987 0.9862997596153845
vt 0.19775859375 0.9924
vt 0.2271892845812183 0.9344977183165195
vt 0.2556323683375634 0.9189971075031526
vt 0.2643233105964467 0.968399054224464
vt 0.23153475571065987 0.9862997596153845
vt 0.2556323683375634 0.9189971075031526
vt 0.28219899865164977 0.893596106557377
vt 0.295037890625 0.9391979035308953
vt 0.2643233105964467 0.968399054224464
vt 0.28219899865164977 0.893596106557377
vt 0.3062966112785533 0.8591947509457756
vt 0.32288841013642133 0.899596343001261
vt 0.295037890625 0.9391979035308953
vt 0.3062966112785533 0.8591947509457756
vt 0.3271351205583756 0.8168930840163935
vt 0.3468872620558376 0.8506944159836066
vt 0.32288841013642133 0.899596343001261
vt 0.3271351205583756 0.8168930840163935
vt 0.3440232015387056 0.7677911491172762
vt 0.36624436072335026 0.7940921855296343
vt 0.3468872620558376 0.8506944159836066
vt 0.3440232015387056 0.7677911491172762
vt 0.3564670506821066 0.7134890093001262
vt 0.38066342401649744 0.731489718631778
vt 0.36624436072335026 0.7940921855296343
vt 0.3564670506821066 0.7134890093001262
vt 0.3640716251586294 0.6555867276166456
vt 0.38935436627538067 0.664687086223203
vt 0.38066342401649744 0.731489718631778
vt 0.3640716251586294 0.6555867276166456
vt 0.36663940355329944 0.595884375
vt 0.3923171875 0.595884375
vt 0.38935436627538067 0.664687086223203
vt 0.7893151609297006 0.3207099458885668
vt 0.81638828125 0.3160633051988402
vt 0.8435616723863005 0.3207099458885668
vt 0.638407582848031 0.5632250440140845
vt 0.650239539136162 0.5673773612261807
vt 0.6477327687361343 0.6254109375000001
vt 0.6356 0.6254109375000001
vt 0.81638828125 0.26742187500000014
vt 0.81638828125 0.29144599601284193
vt 0.7871092029776761 0.2963892307891467
vt 0.7850035158416527 0.27285943325393547
vt 0.7850035158416527 0.27285943325393547
vt 0.7871092029776761 0.2963892307891467
vt 0.7587325620493621 0.31141666450911365
vt 0.7546214585933166 0.28897437862468933
vt 0.7546214585933166 0.28897437862468933
vt 0.7587325620493621 0.31141666450911365
vt 0.7320605249930671 0.3360339736951119
vt 0.7260442760330006 0.3152723876346315
vt 0.7260442760330006 0.3152723876346315
vt 0.7320605249930671 0.3360339736951119
vt 0.7079955291528008 0.36935137608740687
vt 0.7002746763207154 0.35096254271955263
vt 0.7002746763207154 0.35096254271955263
vt 0.7079955291528008 0.36935137608740687
vt 0.6871391994245702 0.41057795412178966
vt 0.677914284352468 0.3951550616197185
vt 0.677914284352468 0.3951550616197185
vt 0.6871391994245702 0.41057795412178966
vt 0.6702937023363839 0.4582307373653688
vt 0.6598655374722685 0.4462681092067109
vt 0.6598655374722685 0.4462681092067109
vt 0.6702937023363839 0.4582307373653688
vt 0.6578601211522463 0.511024484776305
vt 0.6465295189441209 0.5028187150476389
vt 0.6465295189441209 0.5028187150476389
vt 0.6578601211522463 0.511024484776305
vt 0.650239539136162 0.5673773612261807
vt 0.638407582848031 0.5632250440140845
vt 0.6477327687361343 0.6254109375000001
vt 0.650239539136162 0.5673773612261807
vt 0.6563560589122296 0.5698489786143331
vt 0.653949559328203 0.6254109375000001
vt 0.7871092029776761 0.2963892307891467
vt 0.81638828125 0.29144599601284193
vt 0.81638828125 0.3034086241714997
vt 0.7873097446096784 0.31062574694490475
vt 0.7587325620493621 0.31141666450911365
vt 0.7871092029776761 0.2963892307891467
vt 0.7873097446096784 0.31062574694490475
vt 0.7601363534733777 0.325059992491715
vt 0.7320605249930671 0.3360339736951119
vt 0.7587325620493621 0.31141666450911365
vt 0.7601363534733777 0.325059992491715
vt 0.734667566209096 0.34858979002692636
vt 0.7079955291528008 0.36935137608740687
vt 0.7320605249930671 0.3360339736951119
vt 0.734667566209096 0.34858979002692636
vt 0.7116052785288408 0.38052308668185597
vt 0.6871391994245702 0.41057795412178966
vt 0.7079955291528008 0.36935137608740687
vt 0.7116052785288408 0.38052308668185597
vt 0.6916513861446201 0.4198712355012427
vt 0.6702937023363839 0.4582307373653688
vt 0.6871391994245702 0.41057795412178966
vt 0.6916513861446201 0.4198712355012427
vt 0.6755077847684415 0.46554672483429993
vt 0.6578601211522463 0.511024484776305
vt 0.6702937023363839 0.4582307373653688
vt 0.6755077847684415 0.46554672483429993
vt 0.6636758284803106 0.516066584248136
vt 0.650239539136162 0.5673773612261807
vt 0.6578601211522463 0.511024484776305
vt 0.6636758284803106 0.516066584248136
vt 0.6563560589122296 0.5698489786143331
vt 0.6601663499202718 0.6254109375000001
vt 0.653949559328203 0.6254109375000001
vt 0.6563560589122296 0.5698489786143331
vt 0.6624725786882972 0.5716285431338028
vt 0.7893151609297006 0.3207099458885668
vt 0.7873097446096784 0.31062574694490475
vt 0.81638828125 0.3034086241714997
vt 0.81638828125 0.3160633051988402
vt 0.7629439363214087 0.33464986795774654
vt 0.7601363534733777 0.325059992491715
vt 0.7873097446096784 0.31062574694490475
vt 0.7893151609297006 0.3207099458885668
vt 0.7382773155851359 0.3573887479287491
vt 0.734667566209096 0.34858979002692636
vt 0.7601363534733777 0.325059992491715
vt 0.7629439363214087 0.33464986795774654
vt 0.7159169236168885 0.38833339762841756
vt 0.7116052785288408 0.38052308668185597
vt 0.734667566209096 0.34858979002692636
vt 0.7382773155851359 0.3573887479287491
vt 0.6966649269446755 0.4263963054059653
vt 0.6916513861446201 0.4198712355012427
vt 0.7116052785288408 0.38052308668185597
vt 0.7159169236168885 0.38833339762841756
vt 0.6810226796485024 0.4705888243061309
vt 0.6755077847684415 0.46554672483429993
vt 0.6916513861446201 0.4198712355012427
vt 0.6966649269446755 0.4263963054059653
vt 0.669591806624376 0.5195268485915493
vt 0.6636758284803106 0.516066584248136
vt 0.6755077847684415 0.46554672483429993
vt 0.6810226796485024 0.4705888243061309
vt 0.6624725786882972 0.5716285431338028
vt 0.6563560589122296 0.5698489786143331
vt 0.6636758284803106 0.516066584248136
vt 0.669591806624376 0.5195268485915493
vt 0.8698326261785911 0.33464986795774654
vt 0.7629439363214087 0.33464986795774654
vt 0.7893151609297006 0.3207099458885668
vt 0.8435616723863005 0.3207099458885668
vt 0.8944992469148642 0.3573887479287491
vt 0.7382773155851359 0.3573887479287491
vt 0.7629439363214087 0.33464986795774654
vt 0.8698326261785911 0.33464986795774654
vt 0.9168596388831115 0.38833339762841756
vt 0.7159169236168885 0.38833339762841756
vt 0.7382773155851359 0.3573887479287491
vt 0.8944992469148642 0.3573887479287491
vt 0.9703039838117027 0.5716285431338028
vt 0.6624725786882972 0.5716285431338028
vt 0.669591806624376 0.5195268485915493
vt 0.9632850266916251 0.5195268485915493
vt 0.18116679489213197 0.4050768560844894
vt 0.19775859375 0.4021767418032788
vt 0.19775859375 0.4650792205233292
vt 0.18659863380393402 0.4669792953972258
vt 0.1651675602791878 0.41387720286885243
vt 0.18116679489213197 0.4050768560844894
vt 0.18659863380393402 0.4669792953972258
vt 0.17573495598032995 0.47287952790037835
vt 0.15015593274111674 0.42807776245271123
vt 0.1651675602791878 0.41387720286885243
vt 0.17573495598032995 0.47287952790037835
vt 0.16566136381662436 0.48257991015132407
vt 0.13662571581535532 0.4474785269546029
vt 0.15015593274111674 0.42807776245271123
vt 0.16566136381662436 0.48257991015132407
vt 0.15647661802030458 0.4955804224464062
vt 0.12487319162436548 0.4713794687894074
vt 0.13662571581535532 0.4474785269546029
vt 0.15647661802030458 0.4955804224464062
vt 0.14857576142131979 0.5117810608448928
vt 0.11539216370558375 0.4989805564312737
vt 0.12487319162436548 0.4713794687894074
vt 0.14857576142131979 0.5117810608448928
vt 0.14215631543464466 0.5304817977616646
vt 0.10838015347398477 0.529581762295082
vt 0.11539216370558375 0.4989805564312737
vt 0.14215631543464466 0.5304817977616646
vt 0.1374158014752538 0.5510826095523329
vt 0.10413344305203044 0.5621830469735183
vt 0.10838015347398477 0.529581762295082
vt 0.1374158014752538 0.5510826095523329
vt 0.1345517409581218 0.5730834765132409
vt 0.10265203243972082 0.595884375
vt 0.10413344305203044 0.5621830469735183
vt 0.1345517409581218 0.5730834765132409
vt 0.13356413388324873 0.595884375
vt 0.1763275202252538 0.3486746335119799
vt 0.19775859375 0.3448744837641867
vt 0.19775859375 0.4021767418032788
vt 0.18116679489213197 0.4050768560844894
vt 0.1555877716529188 0.3599750788146281
vt 0.1763275202252538 0.3486746335119799
vt 0.18116679489213197 0.4050768560844894
vt 0.1651675602791878 0.41387720286885243
vt 0.1361319122779188 0.37847580784993695
vt 0.1555877716529188 0.3599750788146281
vt 0.1651675602791878 0.41387720286885243
vt 0.15015593274111674 0.42807776245271123
vt 0.11855250634517765 0.40357679697351834
vt 0.1361319122779188 0.37847580784993695
vt 0.15015593274111674 0.42807776245271123
vt 0.13662571581535532 0.4474785269546029
vt 0.10334335739213198 0.43447801465952085
vt 0.11855250634517765 0.40357679697351834
vt 0.13662571581535532 0.4474785269546029
vt 0.12487319162436548 0.4713794687894074
vt 0.09109702966370559 0.4703794293820933
vt 0.10334335739213198 0.43447801465952085
vt 0.12487319162436548 0.4713794687894074
vt 0.11539216370558375 0.4989805564312737
vt 0.0820110445748731 0.5099809899117277
vt 0.09109702966370559 0.4703794293820933
vt 0.11539216370558375 0.4989805564312737
vt 0.10838015347398477 0.529581762295082
vt 0.07638168424809644 0.5522826568411098
vt 0.0820110445748731 0.5099809899117277
vt 0.10838015347398477 0.529581762295082
vt 0.10413344305203044 0.5621830469735183
vt 0.07460399151332486 0.595884375
vt 0.07638168424809644 0.5522826568411098
vt 0.10413344305203044 0.5621830469735183
vt 0.10265203243972082 0.595884375
vt 0.1719820490958122 0.29897267496847424
vt 0.19775859375 0.2943724936948299
vt 0.19775859375 0.3448744837641867
vt 0.1763275202252538 0.3486746335119799
vt 0.14709435080901015 0.31257321090794465
vt 0.1719820490958122 0.29897267496847424
vt 0.1763275202252538 0.3486746335119799
vt 0.1555877716529188 0.3599750788146281
vt 0.12378682384200507 0.3347740857503153
vt 0.14709435080901015 0.31257321090794465
vt 0.1555877716529188 0.3599750788146281
vt 0.1361319122779188 0.37847580784993695
vt 0.10265203243972082 0.36497527585119804
vt 0.12378682384200507 0.3347740857503153
vt 0.1361319122779188 0.37847580784993695
vt 0.11855250634517765 0.40357679697351834
vt 0.08438130155456852 0.4020767378625473
vt 0.10265203243972082 0.36497527585119804
vt 0.11855250634517765 0.40357679697351834
vt 0.10334335739213198 0.43447801465952085
vt 0.06966595613895939 0.44517843631778076
vt 0.08438130155456852 0.4020767378625473
vt 0.10334335739213198 0.43447801465952085
vt 0.09109702966370559 0.4703794293820933
vt 0.05870351760786802 0.4927803121059269
vt 0.06966595613895939 0.44517843631778076
vt 0.09109702966370559 0.4703794293820933
vt 0.0820110445748731 0.5099809899117277
vt 0.05208655020621827 0.5434823100567465
vt 0.05870351760786802 0.4927803121059269
vt 0.0820110445748731 0.5099809899117277
vt 0.07638168424809644 0.5522826568411098
vt 0.04981505393401015 0.595884375
vt 0.05208655020621827 0.5434823100567465
vt 0.07638168424809644 0.5522826568411098
vt 0.07460399151332486 0.595884375
vt 0.16842666362626904 0.25717102774274914
vt 0.19775859375 0.2519708228247164
vt 0.19775859375 0.2943724936948299
vt 0.1719820490958122 0.29897267496847424
vt 0.13998357986992385 0.2727716424968475
vt 0.16842666362626904 0.25717102774274914
vt 0.1719820490958122 0.29897267496847424
vt 0.14709435080901015 0.31257321090794465
vt 0.11331818884835025 0.29807263950189167
vt 0.13998357986992385 0.2727716424968475
vt 0.14709435080901015 0.31257321090794465
vt 0.12378682384200507 0.3347740857503153
vt 0.0892205762214467 0.3324739951134932
vt 0.11331818884835025 0.29807263950189167
vt 0.12378682384200507 0.3347740857503153
vt 0.10265203243972082 0.36497527585119804
vt 0.06848082764911168 0.37487566598360667
vt 0.0892205762214467 0.3324739951134932
vt 0.10265203243972082 0.36497527585119804
vt 0.08438130155456852 0.4020767378625473
vt 0.051592746668781726 0.42387759694199245
vt 0.06848082764911168 0.37487566598360667
vt 0.08438130155456852 0.4020767378625473
vt 0.06966595613895939 0.44517843631778076
vt 0.03914889752538071 0.4782797406998739
vt 0.051592746668781726 0.42387759694199245
vt 0.06966595613895939 0.44517843631778076
vt 0.05870351760786802 0.4927803121059269
vt 0.03154432304885786 0.5361820223833544
vt 0.03914889752538071 0.4782797406998739
vt 0.05870351760786802 0.4927803121059269
vt 0.05208655020621827 0.5434823100567465
vt 0.028976544654187815 0.595884375
vt 0.03154432304885786 0.5361820223833544
vt 0.05208655020621827 0.5434823100567465
vt 0.04981505393401015 0.595884375
vt 0.19775859375 0.2519708228247164
vt 0.16842666362626904 0.25717102774274914
vt 0.1639824317893401 0.20536898644388413
vt 0.19775859375 0.1993687500000001
vt 0.16842666362626904 0.25717102774274914
vt 0.13998357986992385 0.2727716424968475
vt 0.1312926376110406 0.2232696918348046
vt 0.1639824317893401 0.20536898644388413
vt 0.13998357986992385 0.2727716424968475
vt 0.11331818884835025 0.29807263950189167
vt 0.100479296875 0.2524708425283734
vt 0.1312926376110406 0.2232696918348046
vt 0.11331818884835025 0.29807263950189167
vt 0.0892205762214467 0.3324739951134932
vt 0.07272753807106598 0.29207240305800775
vt 0.100479296875 0.2524708425283734
vt 0.0892205762214467 0.3324739951134932
vt 0.06848082764911168 0.37487566598360667
vt 0.04872868615164974 0.34097433007566214
vt 0.07272753807106598 0.29207240305800775
vt 0.06848082764911168 0.37487566598360667
vt 0.051592746668781726 0.42387759694199245
vt 0.029272826776649746 0.3975765605296343
vt 0.04872868615164974 0.34097433007566214
vt 0.051592746668781726 0.42387759694199245
vt 0.03914889752538071 0.4782797406998739
vt 0.014952524190989847 0.4601790274274906
vt 0.029272826776649746 0.3975765605296343
vt 0.03914889752538071 0.4782797406998739
vt 0.03154432304885786 0.5361820223833544
vt 0.006162821224619289 0.5269816598360657
vt 0.014952524190989847 0.4601790274274906
vt 0.03154432304885786 0.5361820223833544
vt 0.028976544654187815 0.595884375
vt 0.0032 0.595884375
vt 0.006162821224619289 0.5269816598360657
vt 0.9944692504679701 0.6876956956814416
vt 0.982537023363838 0.6835433784693455
vt 0.9851440645798668 0.6254109375000001
vt 0.9971765625 0.6254109375000001
vt 0.81638828125 0.9834
vt 0.81638828125 0.9594747436826844
vt 0.8456673595223239 0.9544326442108534
vt 0.8477730466583471 0.9780613064415907
vt 0.8477730466583471 0.9780613064415907
vt 0.8456673595223239 0.9544326442108534
vt 0.8740440004506378 0.9394052104908865
vt 0.8781551039066833 0.9619463610708368
vt 0.8781551039066833 0.9619463610708368
vt 0.8740440004506378 0.9394052104908865
vt 0.900716037506933 0.9148867660004143
vt 0.9067322864669994 0.9356483520608948
vt 0.9067322864669994 0.9356483520608948
vt 0.900716037506933 0.9148867660004143
vt 0.9247810333471991 0.8814704989125932
vt 0.9326021569952856 0.8998593322804475
vt 0.9326021569952856 0.8998593322804475
vt 0.9247810333471991 0.8814704989125932
vt 0.9456373630754298 0.8403427855737365
vt 0.9548622781475318 0.8557656780758078
vt 0.9548622781475318 0.8557656780758078
vt 0.9456373630754298 0.8403427855737365
vt 0.9624828601636162 0.7925911376346313
vt 0.9729110250277315 0.8046526304888153
vt 0.9729110250277315 0.8046526304888153
vt 0.9624828601636162 0.7925911376346313
vt 0.9749164413477537 0.7397973902236952
vt 0.986247043555879 0.7480031599523613
vt 0.986247043555879 0.7480031599523613
vt 0.9749164413477537 0.7397973902236952
vt 0.982537023363838 0.6835433784693455
vt 0.9944692504679701 0.6876956956814416
vt 0.9851440645798668 0.6254109375000001
vt 0.982537023363838 0.6835433784693455
vt 0.9764205035877704 0.6809728963856669
vt 0.9789272739877981 0.6254109375000001
vt 0.8456673595223239 0.9544326442108534
vt 0.81638828125 0.9594747436826844
vt 0.81638828125 0.9475121155240266
vt 0.8454668178903216 0.9401961280550952
vt 0.8740440004506378 0.9394052104908865
vt 0.8456673595223239 0.9544326442108534
vt 0.8454668178903216 0.9401961280550952
vt 0.8726402090266223 0.9258607472038112
vt 0.900716037506933 0.9148867660004143
vt 0.8740440004506378 0.9394052104908865
vt 0.8726402090266223 0.9258607472038112
vt 0.8982092671069051 0.9023309496685998
vt 0.9247810333471991 0.8814704989125932
vt 0.900716037506933 0.9148867660004143
vt 0.8982092671069051 0.9023309496685998
vt 0.9212715547871603 0.8703976530136702
vt 0.9456373630754298 0.8403427855737365
vt 0.9247810333471991 0.8814704989125932
vt 0.9212715547871603 0.8703976530136702
vt 0.9411251763553798 0.8310495041942834
vt 0.9624828601636162 0.7925911376346313
vt 0.9456373630754298 0.8403427855737365
vt 0.9411251763553798 0.8310495041942834
vt 0.9572687777315585 0.7853740148612263
vt 0.9749164413477537 0.7397973902236952
vt 0.9624828601636162 0.7925911376346313
vt 0.9572687777315585 0.7853740148612263
vt 0.9692010048356905 0.7348541554473902
vt 0.982537023363838 0.6835433784693455
vt 0.9749164413477537 0.7397973902236952
vt 0.9692010048356905 0.7348541554473902
vt 0.9764205035877704 0.6809728963856669
vt 0.9727104833957293 0.6254109375000001
vt 0.9789272739877981 0.6254109375000001
vt 0.9764205035877704 0.6809728963856669
vt 0.9703039838117027 0.6791933318661973
vt 0.8435616723863005 0.9301119291114333
vt 0.8454668178903216 0.9401961280550952
vt 0.81638828125 0.9475121155240266
vt 0.81638828125 0.934857434496686
vt 0.8698326261785911 0.9162708717377797
vt 0.8726402090266223 0.9258607472038112
vt 0.8454668178903216 0.9401961280550952
vt 0.8435616723863005 0.9301119291114333
vt 0.8944992469148642 0.893433127071251
vt 0.8982092671069051 0.9023309496685998
vt 0.8726402090266223 0.9258607472038112
vt 0.8698326261785911 0.9162708717377797
vt 0.9168596388831115 0.8625873420671086
vt 0.9212715547871603 0.8703976530136702
vt 0.8982092671069051 0.9023309496685998
vt 0.8944992469148642 0.893433127071251
vt 0.9361116355553245 0.8244255695940348
vt 0.9411251763553798 0.8310495041942834
vt 0.9212715547871603 0.8703976530136702
vt 0.9168596388831115 0.8625873420671086
vt 0.9517538828514974 0.7802330506938692
vt 0.9572687777315585 0.7853740148612263
vt 0.9411251763553798 0.8310495041942834
vt 0.9361116355553245 0.8244255695940348
vt 0.9632850266916251 0.7313938911039768
vt 0.9692010048356905 0.7348541554473902
vt 0.9572687777315585 0.7853740148612263
vt 0.9517538828514974 0.7802330506938692
vt 0.9703039838117027 0.6791933318661973
vt 0.9764205035877704 0.6809728963856669
vt 0.9692010048356905 0.7348541554473902
vt 0.9632850266916251 0.7313938911039768
vt 0.6966649269446755 0.8244255695940348
vt 0.9361116355553245 0.8244255695940348
vt 0.9168596388831115 0.8625873420671086
vt 0.7159169236168885 0.8625873420671086
vt 0.6810226796485024 0.7802330506938692
vt 0.9517538828514974 0.7802330506938692
vt 0.9361116355553245 0.8244255695940348
vt 0.6966649269446755 0.8244255695940348
vt 0.669591806624376 0.7313938911039768
vt 0.9632850266916251 0.7313938911039768
vt 0.9517538828514974 0.7802330506938692
vt 0.6810226796485024 0.7802330506938692
vt 0.6601663499202718 0.6254109375000001
vt 0.9727104833957293 0.6254109375000001
vt 0.9703039838117027 0.6791933318661973
vt 0.6624725786882972 0.6791933318661973
vt 0.18116679489213197 0.7865918899747794
vt 0.18659863380393402 0.7246894506620429
vt 0.19775859375 0.7266895294766709
vt 0.19775859375 0.7894920042559899
vt 0.1651675602791878 0.7777915431904161
vt 0.17573495598032995 0.7187892181588904
vt 0.18659863380393402 0.7246894506620429
vt 0.18116679489213197 0.7865918899747794
vt 0.15015593274111674 0.7635909836065573
vt 0.16566136381662436 0.7090888359079446
vt 0.17573495598032995 0.7187892181588904
vt 0.1651675602791878 0.7777915431904161
vt 0.13662571581535532 0.7441902191046659
vt 0.15647661802030458 0.6960883236128625
vt 0.16566136381662436 0.7090888359079446
vt 0.15015593274111674 0.7635909836065573
vt 0.12487319162436548 0.7202892772698613
vt 0.14857576142131979 0.6798876852143758
vt 0.15647661802030458 0.6960883236128625
vt 0.13662571581535532 0.7441902191046659
vt 0.11539216370558375 0.692688189627995
vt 0.14215631543464466 0.6612869522383356
vt 0.14857576142131979 0.6798876852143758
vt 0.12487319162436548 0.7202892772698613
vt 0.10838015347398477 0.6620869837641867
vt 0.1374158014752538 0.6405861365069356
vt 0.14215631543464466 0.6612869522383356
vt 0.11539216370558375 0.692688189627995
vt 0.10413344305203044 0.6294856990857502
vt 0.1345517409581218 0.6185852695460277
vt 0.1374158014752538 0.6405861365069356
vt 0.10838015347398477 0.6620869837641867
vt 0.10265203243972082 0.595884375
vt 0.13356413388324873 0.595884375
vt 0.1345517409581218 0.6185852695460277
vt 0.10413344305203044 0.6294856990857502
vt 0.1763275202252538 0.8429941125472887
vt 0.18116679489213197 0.7865918899747794
vt 0.19775859375 0.7894920042559899
vt 0.19775859375 0.8468942662358134
vt 0.1555877716529188 0.8316936672446407
vt 0.1651675602791878 0.7777915431904161
vt 0.18116679489213197 0.7865918899747794
vt 0.1763275202252538 0.8429941125472887
vt 0.1361319122779188 0.8131929382093316
vt 0.15015593274111674 0.7635909836065573
vt 0.1651675602791878 0.7777915431904161
vt 0.1555877716529188 0.8316936672446407
vt 0.11855250634517765 0.7880919490857503
vt 0.13662571581535532 0.7441902191046659
vt 0.15015593274111674 0.7635909836065573
vt 0.1361319122779188 0.8131929382093316
vt 0.10334335739213198 0.7571907313997478
vt 0.12487319162436548 0.7202892772698613
vt 0.13662571581535532 0.7441902191046659
vt 0.11855250634517765 0.7880919490857503
vt 0.09109702966370559 0.7213893206179067
vt 0.11539216370558375 0.692688189627995
vt 0.12487319162436548 0.7202892772698613
vt 0.10334335739213198 0.7571907313997478
vt 0.0820110445748731 0.681687756147541
vt 0.10838015347398477 0.6620869837641867
vt 0.11539216370558375 0.692688189627995
vt 0.09109702966370559 0.7213893206179067
vt 0.07638168424809644 0.6393860892181589
vt 0.10413344305203044 0.6294856990857502
vt 0.10838015347398477 0.6620869837641867
vt 0.0820110445748731 0.681687756147541
vt 0.07460399151332486 0.595884375
vt 0.10265203243972082 0.595884375
vt 0.10413344305203044 0.6294856990857502
vt 0.07638168424809644 0.6393860892181589
vt 0.1719820490958122 0.8926960710907944
vt 0.1763275202252538 0.8429941125472887
vt 0.19775859375 0.8468942662358134
vt 0.19775859375 0.8972962523644389
vt 0.14709435080901015 0.8790955351513241
vt 0.1555877716529188 0.8316936672446407
vt 0.1763275202252538 0.8429941125472887
vt 0.1719820490958122 0.8926960710907944
vt 0.12378682384200507 0.8568946603089533
vt 0.1361319122779188 0.8131929382093316
vt 0.1555877716529188 0.8316936672446407
vt 0.14709435080901015 0.8790955351513241
vt 0.10265203243972082 0.8266934702080706
vt 0.11855250634517765 0.7880919490857503
vt 0.1361319122779188 0.8131929382093316
vt 0.12378682384200507 0.8568946603089533
vt 0.08438130155456852 0.7895920081967214
vt 0.10334335739213198 0.7571907313997478
vt 0.11855250634517765 0.7880919490857503
vt 0.10265203243972082 0.8266934702080706
vt 0.06966595613895939 0.7465903136822194
vt 0.09109702966370559 0.7213893206179067
vt 0.10334335739213198 0.7571907313997478
vt 0.08438130155456852 0.7895920081967214
vt 0.05870351760786802 0.6988884339533418
vt 0.0820110445748731 0.681687756147541
vt 0.09109702966370559 0.7213893206179067
vt 0.06966595613895939 0.7465903136822194
vt 0.05208655020621827 0.6481864360025221
vt 0.07638168424809644 0.6393860892181589
vt 0.0820110445748731 0.681687756147541
vt 0.05870351760786802 0.6988884339533418
vt 0.04981505393401015 0.595884375
vt 0.07460399151332486 0.595884375
vt 0.07638168424809644 0.6393860892181589
vt 0.05208655020621827 0.6481864360025221
vt 0.16842666362626904 0.9344977183165195
vt 0.1719820490958122 0.8926960710907944
vt 0.19775859375 0.8972962523644389
vt 0.19775859375 0.9396979232345524
vt 0.13998357986992385 0.9189971075031526
vt 0.14709435080901015 0.8790955351513241
vt 0.1719820490958122 0.8926960710907944
vt 0.16842666362626904 0.9344977183165195
vt 0.11331818884835025 0.893596106557377
vt 0.12378682384200507 0.8568946603089533
vt 0.14709435080901015 0.8790955351513241
vt 0.13998357986992385 0.9189971075031526
vt 0.0892205762214467 0.8591947509457756
vt 0.10265203243972082 0.8266934702080706
vt 0.12378682384200507 0.8568946603089533
vt 0.11331818884835025 0.893596106557377
vt 0.06848082764911168 0.8168930840163935
vt 0.08438130155456852 0.7895920081967214
vt 0.10265203243972082 0.8266934702080706
vt 0.0892205762214467 0.8591947509457756
vt 0.051592746668781726 0.7677911491172762
vt 0.06966595613895939 0.7465903136822194
vt 0.08438130155456852 0.7895920081967214
vt 0.06848082764911168 0.8168930840163935
vt 0.03914889752538071 0.7134890093001262
vt 0.05870351760786802 0.6988884339533418
vt 0.06966595613895939 0.7465903136822194
vt 0.051592746668781726 0.7677911491172762
vt 0.03154432304885786 0.6555867276166456
vt 0.05208655020621827 0.6481864360025221
vt 0.05870351760786802 0.6988884339533418
vt 0.03914889752538071 0.7134890093001262
vt 0.028976544654187815 0.595884375
vt 0.04981505393401015 0.595884375
vt 0.05208655020621827 0.6481864360025221
vt 0.03154432304885786 0.6555867276166456
vt 0.19775859375 0.9396979232345524
vt 0.19775859375 0.9924
vt 0.1639824317893401 0.9862997596153845
vt 0.16842666362626904 0.9344977183165195
vt 0.16842666362626904 0.9344977183165195
vt 0.1639824317893401 0.9862997596153845
vt 0.1312926376110406 0.9684990581651955
vt 0.13998357986992385 0.9189971075031526
vt 0.13998357986992385 0.9189971075031526
vt 0.1312926376110406 0.9684990581651955
vt 0.100479296875 0.9391979035308953
vt 0.11331818884835025 0.893596106557377
vt 0.11331818884835025 0.893596106557377
vt 0.100479296875 0.9391979035308953
vt 0.07272753807106598 0.899596343001261
vt 0.0892205762214467 0.8591947509457756
vt 0.0892205762214467 0.8591947509457756
vt 0.07272753807106598 0.899596343001261
vt 0.04872868615164974 0.8506944159836066
vt 0.06848082764911168 0.8168930840163935
vt 0.06848082764911168 0.8168930840163935
vt 0.04872868615164974 0.8506944159836066
vt 0.029272826776649746 0.7940921855296343
vt 0.051592746668781726 0.7677911491172762
vt 0.051592746668781726 0.7677911491172762
vt 0.029272826776649746 0.7940921855296343
vt 0.014952524190989847 0.731489718631778
vt 0.03914889752538071 0.7134890093001262
vt 0.03914889752538071 0.7134890093001262
vt 0.014952524190989847 0.731489718631778
vt 0.006162821224619289 0.664687086223203
vt 0.03154432304885786 0.6555867276166456
vt 0.03154432304885786 0.6555867276166456
vt 0.006162821224619289 0.664687086223203
vt 0.0032 0.595884375
vt 0.028976544654187815 0.595884375
vt 0.7893151609297006 0.9301119291114333
vt 0.8435616723863005 0.9301119291114333
vt 0.81638828125 0.934857434496686
vt 0.638407582848031 0.6876956956814416
vt 0.6356 0.6254109375000001
vt 0.6477327687361343 0.6254109375000001
vt 0.650239539136162 0.6835433784693455
vt 0.81638828125 0.9834
vt 0.7850035158416527 0.9780613064415907
vt 0.7871092029776761 0.9544326442108534
vt 0.81638828125 0.9594747436826844
vt 0.7850035158416527 0.9780613064415907
vt 0.7546214585933166 0.9619463610708368
vt 0.7587325620493621 0.9394052104908865
vt 0.7871092029776761 0.9544326442108534
vt 0.7546214585933166 0.9619463610708368
vt 0.7260442760330006 0.9356483520608948
vt 0.7320605249930671 0.9148867660004143
vt 0.7587325620493621 0.9394052104908865
vt 0.7260442760330006 0.9356483520608948
vt 0.7002746763207154 0.8998593322804475
vt 0.7079955291528008 0.8814704989125932
vt 0.7320605249930671 0.9148867660004143
vt 0.7002746763207154 0.8998593322804475
vt 0.677914284352468 0.8557656780758078
vt 0.6872394702405713 0.8403427855737365
vt 0.7079955291528008 0.8814704989125932
vt 0.677914284352468 0.8557656780758078
vt 0.6598655374722685 0.8046526304888153
vt 0.6702937023363839 0.7925911376346313
vt 0.6872394702405713 0.8403427855737365
vt 0.6598655374722685 0.8046526304888153
vt 0.6465295189441209 0.7480031599523613
vt 0.6578601211522463 0.7397973902236952
vt 0.6702937023363839 0.7925911376346313
vt 0.6465295189441209 0.7480031599523613
vt 0.638407582848031 0.6876956956814416
vt 0.650239539136162 0.6835433784693455
vt 0.6578601211522463 0.7397973902236952
vt 0.6477327687361343 0.6254109375000001
vt 0.653949559328203 0.6254109375000001
vt 0.6563560589122296 0.6809728963856669
vt 0.650239539136162 0.6835433784693455
vt 0.7871092029776761 0.9544326442108534
vt 0.7873097446096784 0.9401961280550952
vt 0.81638828125 0.9475121155240266
vt 0.81638828125 0.9594747436826844
vt 0.7587325620493621 0.9394052104908865
vt 0.7601363534733777 0.9258607472038112
vt 0.7873097446096784 0.9401961280550952
vt 0.7871092029776761 0.9544326442108534
vt 0.7320605249930671 0.9148867660004143
vt 0.734667566209096 0.9023309496685998
vt 0.7601363534733777 0.9258607472038112
vt 0.7587325620493621 0.9394052104908865
vt 0.7079955291528008 0.8814704989125932
vt 0.7116052785288408 0.8703976530136702
vt 0.734667566209096 0.9023309496685998
vt 0.7320605249930671 0.9148867660004143
vt 0.6872394702405713 0.8403427855737365
vt 0.6916513861446201 0.8310495041942834
vt 0.7116052785288408 0.8703976530136702
vt 0.7079955291528008 0.8814704989125932
vt 0.6702937023363839 0.7925911376346313
vt 0.6755077847684415 0.7853740148612263
vt 0.6916513861446201 0.8310495041942834
vt 0.6872394702405713 0.8403427855737365
vt 0.6578601211522463 0.7397973902236952
vt 0.6636758284803106 0.7348541554473902
vt 0.6755077847684415 0.7853740148612263
vt 0.6702937023363839 0.7925911376346313
vt 0.650239539136162 0.6835433784693455
vt 0.6563560589122296 0.6809728963856669
vt 0.6636758284803106 0.7348541554473902
vt 0.6578601211522463 0.7397973902236952
vt 0.6601663499202718 0.6254109375000001
vt 0.6624725786882972 0.6791933318661973
vt 0.6563560589122296 0.6809728963856669
vt 0.653949559328203 0.6254109375000001
vt 0.7893151609297006 0.9301119291114333
vt 0.81638828125 0.934857434496686
vt 0.81638828125 0.9475121155240266
vt 0.7873097446096784 0.9401961280550952
vt 0.7629439363214087 0.9162708717377797
vt 0.7893151609297006 0.9301119291114333
vt 0.7873097446096784 0.9401961280550952
vt 0.7601363534733777 0.9258607472038112
vt 0.7382773155851359 0.893433127071251
vt 0.7629439363214087 0.9162708717377797
vt 0.7601363534733777 0.9258607472038112
vt 0.734667566209096 0.9023309496685998
vt 0.7159169236168885 0.8625873420671086
vt 0.7382773155851359 0.893433127071251
vt 0.734667566209096 0.9023309496685998
vt 0.7116052785288408 0.8703976530136702
vt 0.6966649269446755 0.8244255695940348
vt 0.7159169236168885 0.8625873420671086
vt 0.7116052785288408 0.8703976530136702
vt 0.6916513861446201 0.8310495041942834
vt 0.6810226796485024 0.7802330506938692
vt 0.6966649269446755 0.8244255695940348
vt 0.6916513861446201 0.8310495041942834
vt 0.6755077847684415 0.7853740148612263
vt 0.669591806624376 0.7313938911039768
vt 0.6810226796485024 0.7802330506938692
vt 0.6755077847684415 0.7853740148612263
vt 0.6636758284803106 0.7348541554473902
vt 0.6624725786882972 0.6791933318661973
vt 0.669591806624376 0.7313938911039768
vt 0.6636758284803106 0.7348541554473902
vt 0.6563560589122296 0.6809728963856669
vt 0.7893151609297006 0.9301119291114333
vt 0.7629439363214087 0.9162708717377797
vt 0.8698326261785911 0.9162708717377797
vt 0.8435616723863005 0.9301119291114333
vt 0.7629439363214087 0.9162708717377797
vt 0.7382773155851359 0.893433127071251
vt 0.8944992469148642 0.893433127071251
vt 0.8698326261785911 0.9162708717377797
vt 0.7382773155851359 0.893433127071251
vt 0.7159169236168885 0.8625873420671086
vt 0.9168596388831115 0.8625873420671086
vt 0.8944992469148642 0.893433127071251
vt 0.669591806624376 0.7313938911039768
vt 0.6624725786882972 0.6791933318661973
vt 0.9703039838117027 0.6791933318661973
vt 0.9632850266916251 0.7313938911039768
vt 0.476680072181881 0.8842089321116309
vt 0.48985566433264177 0.8560539113333675
vt 0.49086917142116193 0.8766403781389794
vt 0.4773895271438452 0.9013643211163076
vt 0.4681666126383126 0.7307186575462588
vt 0.475666565093361 0.7202235960375154
vt 0.4804300484094053 0.7560480848413992
vt 0.4723219917012449 0.7684605133565475
vt 0.4642139349930844 0.6945914265834692
vt 0.4707003803596127 0.685912818028162
vt 0.475666565093361 0.7202235960375154
vt 0.4681666126383126 0.7307186575462588
vt 0.4591463995504841 0.6612897891038025
vt 0.4653287927904564 0.6537212351311511
vt 0.4707003803596127 0.685912818028162
vt 0.4642139349930844 0.6945914265834692
vt 0.4591463995504841 0.6612897891038025
vt 0.45418021481673587 0.6295018624186663
vt 0.4595518023858921 0.6231442770816391
vt 0.4653287927904564 0.6537212351311511
vt 0.44850457512102354 0.5998331308458724
vt 0.4535721105636238 0.594181943879626
vt 0.4595518023858921 0.6231442770816391
vt 0.45418021481673587 0.6295018624186663
vt 0.4535721105636238 0.594181943879626
vt 0.44850457512102354 0.5998331308458724
vt 0.4437410918049793 0.5707698835908908
vt 0.4472883666147994 0.5667333214721433
vt 0.4437410918049793 0.5707698835908908
vt 0.43766004927385904 0.5438258314482515
vt 0.4407005705394192 0.5404956677002847
vt 0.4472883666147994 0.5667333214721433
vt 0.43137630532503457 0.5179918338882676
vt 0.4340114237551867 0.5150653263521757
vt 0.4407005705394192 0.5404956677002847
vt 0.43766004927385904 0.5438258314482515
vt 0.4248898599585062 0.4926624065931273
vt 0.42742362767980635 0.48983681311000404
vt 0.4340114237551867 0.5150653263521757
vt 0.43137630532503457 0.5179918338882676
vt 0.4248898599585062 0.4926624065931273
vt 0.41830206388312585 0.4682412057747053
vt 0.42093718231327804 0.4653146982386135
vt 0.42742362767980635 0.48983681311000404
vt 0.40472106889695714 0.4234353662566086
vt 0.4080656422890733 0.4198024603497358
vt 0.42093718231327804 0.4653146982386135
vt 0.41830206388312585 0.4682412057747053
vt 0.401477846213693 0.3986105092263116
vt 0.4080656422890733 0.4198024603497358
vt 0.40472106889695714 0.4234353662566086
vt 0.39752516856846465 0.4027479853980277
vt 0.3718834392289073 0.3218149149171412
vt 0.3794847423928078 0.3395757882396301
vt 0.37380910269709544 0.3454288033118138
vt 0.365903747406639 0.32797067214823117
vt 0.3381336531811895 0.256523522646401
vt 0.34674846343360993 0.2719633727506101
vt 0.3383363545988935 0.28074289535888575
vt 0.32850533584024894 0.26600944362545753
vt 0.3200932270055326 0.2268547910736073
vt 0.329214790802213 0.24179007091297278
vt 0.31806621282849246 0.25208330431577897
vt 0.3073230376901799 0.2365425401586012
vt 0.26810031336445367 0.16509539065677115
vt 0.26769491052904565 0.16146248474989822
vt 0.2727624459716459 0.1664072733453641
vt 0.5064771805843707 0.14289429900366002
vt 0.5063758298755187 0.13744494014335085
vt 0.5307 0.13815133851413175
vt 0.5307 0.14319704116256593
vt 0.5063758298755187 0.13744494014335085
vt 0.5064771805843707 0.14289429900366002
vt 0.4883354036998618 0.14218790063287912
vt 0.4882340529910097 0.13492208881913392
vt 0.4882340529910097 0.13492208881913392
vt 0.4883354036998618 0.14218790063287912
vt 0.47576791580221295 0.14127967415616094
vt 0.475666565093361 0.1325001515478852
vt 0.43867355636237904 0.1201886370857056
vt 0.43897760848893497 0.13260106560085405
vt 0.42742362767980635 0.1283626753761692
vt 0.42711957555325036 0.11494110633133381
vt 0.39245763312586446 0.09122630388369268
vt 0.39296438667012445 0.1098954036828994
vt 0.3817144579875518 0.10273050592212285
vt 0.3810050030255878 0.08184129695760489
vt 0.3695523729253112 0.07094257923698666
vt 0.37066723072268326 0.09485920979056506
vt 0.3594173020401107 0.08688699960603896
vt 0.3571875864453665 0.060043861516368424
vt 0.49066647000345787 0.9077219064533348
vt 0.48681514306708173 0.9206389052333268
vt 0.4773895271438452 0.9013643211163076
vt 0.49086917142116193 0.8766403781389794
vt 0.3018500994121715 0.20031439514284266
vt 0.3110730139177041 0.21282773771095975
vt 0.29323528915975106 0.2247355959612648
vt 0.28016104771784234 0.2124240814990851
vt 0.3092487011583679 0.03703545743950787
vt 0.3063095306016598 0.029567817519825068
vt 0.3149243408540803 0.02472394297732805
vt 0.31958647346127245 0.048943315689812805
vt 0.4882340529910097 0.8354674445277555
vt 0.4769841243084372 0.8580721923927412
vt 0.47576791580221295 0.8118535561330827
vt 0.4847881288900415 0.7957073076580929
vt 0.2999244359439833 0.16509539065677115
vt 0.32262699472683265 0.08385957801697841
vt 0.33266071490318116 0.0939509833138471
vt 0.30945140257607195 0.17720507701301347
vt 0.5769159232365146 0.6769314673139488
vt 0.5716456863762105 0.7119486436940832
vt 0.48975431362378985 0.7119486436940832
vt 0.48458542747233757 0.6769314673139488
vt 0.43674789289419086 0.1613615706969298
vt 0.4550923711964039 0.1664072733453641
vt 0.40208595046680495 0.3502726778543108
vt 0.39073467107538035 0.3211085165463603
vt 0.39073467107538035 0.3211085165463603
vt 0.3827279650760719 0.30243941674715347
vt 0.4245858078319503 0.1568204383133387
vt 0.43674789289419086 0.1613615706969298
vt 0.3772550267980638 0.1305827845414803
vt 0.3478633212309821 0.23472608720516475
vt 0.33874175743430146 0.21958897925986176
vt 0.365903747406639 0.12240874625101672
vt 0.3543497665975104 0.11373013769570961
vt 0.329214790802213 0.20455278536752752
vt 0.3193837720435685 0.19022298984597397
vt 0.3430998379149378 0.1045469588755592
vt 0.3430998379149378 0.1045469588755592
vt 0.3193837720435685 0.19022298984597397
vt 0.30945140257607195 0.17720507701301347
vt 0.33266071490318116 0.0939509833138471
vt 0.2797556448824343 0.140674189838349
vt 0.3018500994121715 0.06226397068167955
vt 0.31259327455048413 0.07356634461417233
vt 0.29019476789419085 0.15328844645943485
vt 0.3268837244986169 0.019779154381862507
vt 0.32911344009336096 0.05953929125152502
vt 0.31958647346127245 0.048943315689812805
vt 0.3149243408540803 0.02472394297732805
vt 0.2833029196922545 0.17791147538379426
vt 0.292728535615491 0.188608364998475
vt 0.27448540802213006 0.2054610118442456
vt 0.27043137966804986 0.18225077966144776
vt 0.4337073716286307 0.451590387034872
vt 0.4408019212482711 0.443920919009252
vt 0.4473897173236515 0.46914943225142347
vt 0.440193816995159 0.47651615811813763
vt 0.4337073716286307 0.451590387034872
vt 0.4204304287690179 0.4044635242984954
vt 0.4273222769709544 0.39588582979615705
vt 0.4408019212482711 0.443920919009252
vt 0.4204304287690179 0.4044635242984954
vt 0.4134372298582295 0.382060604539447
vt 0.42286284578146616 0.3815560342746036
vt 0.4273222769709544 0.39588582979615705
vt 0.4746530580048409 0.17024200735817407
vt 0.47911248919432925 0.1870946542039449
vt 0.42286284578146616 0.3815560342746036
vt 0.4134372298582295 0.382060604539447
vt 0.4878286501556016 0.17104931978192361
vt 0.4875245980290456 0.1873973963628507
vt 0.47911248919432925 0.1870946542039449
vt 0.4746530580048409 0.17024200735817407
vt 0.4878286501556016 0.17104931978192361
vt 0.5060717777489627 0.1717557181527044
vt 0.5057677256224067 0.18800288068066284
vt 0.4875245980290456 0.1873973963628507
vt 0.5307 0.17205846031161054
vt 0.5307 0.18780105257472557
vt 0.5057677256224067 0.18800288068066284
vt 0.5060717777489627 0.1717557181527044
vt 0.4468829637793915 0.5018455854132777
vt 0.45418021481673587 0.4944788595465638
vt 0.4586396460062241 0.5113315063923345
vt 0.45377481198132774 0.527578668920293
vt 0.440193816995159 0.47651615811813763
vt 0.4473897173236515 0.46914943225142347
vt 0.45418021481673587 0.4944788595465638
vt 0.4468829637793915 0.5018455854132777
vt 0.49178132780082995 0.27044966195607967
vt 0.4782003328146612 0.30264124485309085
vt 0.46938282114453667 0.29254983955622205
vt 0.4851935317254496 0.254908897798902
vt 0.49178132780082995 0.27044966195607967
vt 0.5060717777489627 0.3044576978065271
vt 0.4974569674965422 0.32464050840026437
vt 0.4782003328146612 0.30264124485309085
vt 0.5187406163554634 0.33442917153822704
vt 0.5307 0.3629878485283653
vt 0.5145852372925313 0.34431874872915846
vt 0.5145852372925313 0.34431874872915846
vt 0.5307 0.3629878485283653
vt 0.5123555216977871 0.3565293491383693
vt 0.47100443248616874 0.34209863956384723
vt 0.46097071230982023 0.3386675617629118
vt 0.46938282114453667 0.29254983955622205
vt 0.4782003328146612 0.30264124485309085
vt 0.47100443248616874 0.34209863956384723
vt 0.47100443248616874 0.38407888559882064
vt 0.46086936160096825 0.38771179150569346
vt 0.46097071230982023 0.3386675617629118
vt 0.47100443248616874 0.34209863956384723
vt 0.4928961855982019 0.3497681075894674
vt 0.4928961855982019 0.37640941757320057
vt 0.47100443248616874 0.38407888559882064
vt 0.5123555216977871 0.3565293491383693
vt 0.5307 0.3629878485283653
vt 0.5123555216977871 0.36944634791836106
vt 0.5123555216977871 0.36944634791836106
vt 0.5307 0.3629878485283653
vt 0.5145852372925313 0.38165694832757224
vt 0.46086936160096825 0.38771179150569346
vt 0.47100443248616874 0.38407888559882064
vt 0.47809898210580914 0.42353628030957724
vt 0.4692814704356847 0.4338295137123832
vt 0.49178132780082995 0.27044966195607967
vt 0.4851935317254496 0.254908897798902
vt 0.5064771805843707 0.23018495482157364
vt 0.509923104685339 0.24935862488562432
vt 0.5176257585580912 0.29083430065575433
vt 0.5060717777489627 0.3044576978065271
vt 0.49178132780082995 0.27044966195607967
vt 0.509923104685339 0.24935862488562432
vt 0.5307 0.3629878485283653
vt 0.5187406163554634 0.33442917153822704
vt 0.5243149053423237 0.32797067214823117
vt 0.5307 0.3629878485283653
vt 0.5243149053423237 0.32797067214823117
vt 0.5307 0.3256496489299512
vt 0.5307 0.28599042611325765
vt 0.5176257585580912 0.29083430065575433
vt 0.509923104685339 0.24935862488562432
vt 0.5307 0.24148732875406664
vt 0.5307 0.3629878485283653
vt 0.5307 0.40022513407381044
vt 0.5243149053423237 0.3980050249084993
vt 0.5307 0.4397834428375357
vt 0.5307 0.48408471209078907
vt 0.509923104685339 0.47631433001220025
vt 0.5176257585580912 0.43483865424207
vt 0.509923104685339 0.47631433001220025
vt 0.5307 0.48408471209078907
vt 0.5307 0.5044693507904638
vt 0.5064771805843707 0.4952861719703132
vt 0.5307 0.3629878485283653
vt 0.5243149053423237 0.3980050249084993
vt 0.5187406163554634 0.39154652551850355
vt 0.5307 0.3629878485283653
vt 0.5187406163554634 0.39154652551850355
vt 0.5145852372925313 0.38165694832757224
vt 0.4916799770919779 0.45562694915361934
vt 0.47809898210580914 0.42353628030957724
vt 0.49735561678769025 0.40143610270943497
vt 0.5059704270401106 0.421618913303172
vt 0.4692814704356847 0.4338295137123832
vt 0.47809898210580914 0.42353628030957724
vt 0.4916799770919779 0.45562694915361934
vt 0.48509218101659757 0.47126862736376585
vt 0.48509218101659757 0.47126862736376585
vt 0.4916799770919779 0.45562694915361934
vt 0.509923104685339 0.47631433001220025
vt 0.5064771805843707 0.4952861719703132
vt 0.4916799770919779 0.45562694915361934
vt 0.5059704270401106 0.421618913303172
vt 0.5176257585580912 0.43483865424207
vt 0.509923104685339 0.47631433001220025
vt 0.509923104685339 0.24935862488562432
vt 0.5064771805843707 0.23018495482157364
vt 0.5307 0.22110269005439198
vt 0.5307 0.24148732875406664
vt 0.47809898210580914 0.42353628030957724
vt 0.47100443248616874 0.38407888559882064
vt 0.4928961855982019 0.37640941757320057
vt 0.49735561678769025 0.40143610270943497
vt 0.47100443248616874 0.34209863956384723
vt 0.4782003328146612 0.30264124485309085
vt 0.4974569674965422 0.32464050840026437
vt 0.4928961855982019 0.3497681075894674
vt 0.37380910269709544 0.3454288033118138
vt 0.3794847423928078 0.3395757882396301
vt 0.3905319696576765 0.3678317230708621
vt 0.3856671356327802 0.37277651166632797
vt 0.43897760848893497 0.13260106560085405
vt 0.43867355636237904 0.1201886370857056
vt 0.456612631829184 0.12694987863460772
vt 0.45691668395574003 0.13764676824928823
vt 0.4746530580048409 0.17024200735817407
vt 0.4134372298582295 0.382060604539447
vt 0.40208595046680495 0.3502726778543108
vt 0.4550923711964039 0.1664072733453641
vt 0.35546462439488247 0.2881096212255999
vt 0.3638767332295988 0.3047604399654331
vt 0.3570862357365145 0.3116225955673039
vt 0.3477619705221301 0.2960818314101261
vt 0.40441701677040115 0.11675755928477027
vt 0.4039102632261411 0.09980399838603082
vt 0.4154642440352697 0.10817986478243191
vt 0.4159709975795297 0.12291331651586024
vt 0.36570104598893505 0.2673213263140505
vt 0.40066704054287683 0.14491258006303387
vt 0.4125250734785616 0.15116925134709236
vt 0.37431585624135544 0.28457762937169584
vt 0.31806621282849246 0.25208330431577897
vt 0.329214790802213 0.24179007091297278
vt 0.3381336531811895 0.256523522646401
vt 0.32850533584024894 0.26600944362545753
vt 0.37066723072268326 0.09485920979056506
vt 0.3695523729253112 0.07094257923698666
vt 0.3810050030255878 0.08184129695760489
vt 0.3817144579875518 0.10273050592212285
vt 0.3888090076071922 0.13794951040819448
vt 0.3567821836099585 0.25067050757421727
vt 0.3478633212309821 0.23472608720516475
vt 0.3772550267980638 0.1305827845414803
vt 0.3110730139177041 0.21282773771095975
vt 0.3200932270055326 0.2268547910736073
vt 0.3073230376901799 0.2365425401586012
vt 0.29323528915975106 0.2247355959612648
vt 0.3571875864453665 0.060043861516368424
vt 0.3594173020401107 0.08688699960603896
vt 0.3488768283195022 0.07871296131557526
vt 0.3450255013831258 0.0421820741409108
vt 0.365903747406639 0.12240874625101672
vt 0.33874175743430146 0.21958897925986176
vt 0.329214790802213 0.20455278536752752
vt 0.3543497665975104 0.11373013769570961
vt 0.29019476789419085 0.15328844645943485
vt 0.31259327455048413 0.07356634461417233
vt 0.32262699472683265 0.08385957801697841
vt 0.2999244359439833 0.16509539065677115
vt 0.33306611773858924 0.026237653771858493
vt 0.3389444588520055 0.06922704033651883
vt 0.32911344009336096 0.05953929125152502
vt 0.3268837244986169 0.019779154381862507
vt 0.292728535615491 0.188608364998475
vt 0.3018500994121715 0.20031439514284266
vt 0.28016104771784234 0.2124240814990851
vt 0.27448540802213006 0.2054610118442456
vt 0.47576791580221295 0.8118535561330827
vt 0.4723219917012449 0.7684605133565475
vt 0.4804300484094053 0.7560480848413992
vt 0.4847881288900415 0.7957073076580929
vt 0.4769841243084372 0.8580721923927412
vt 0.4882340529910097 0.8354674445277555
vt 0.48985566433264177 0.8560539113333675
vt 0.476680072181881 0.8842089321116309
vt 0.49066647000345787 0.9077219064533348
vt 0.4904637685857538 0.9276019748881662
vt 0.48681514306708173 0.9206389052333268
vt 0.3718834392289073 0.3218149149171412
vt 0.365903747406639 0.32797067214823117
vt 0.3570862357365145 0.3116225955673039
vt 0.3638767332295988 0.3047604399654331
vt 0.4159709975795297 0.12291331651586024
vt 0.4154642440352697 0.10817986478243191
vt 0.42711957555325036 0.11494110633133381
vt 0.42742362767980635 0.1283626753761692
vt 0.37431585624135544 0.28457762937169584
vt 0.4125250734785616 0.15116925134709236
vt 0.4245858078319503 0.1568204383133387
vt 0.3827279650760719 0.30243941674715347
vt 0.3383363545988935 0.28074289535888575
vt 0.34674846343360993 0.2719633727506101
vt 0.35546462439488247 0.2881096212255999
vt 0.3477619705221301 0.2960818314101261
vt 0.39245763312586446 0.09122630388369268
vt 0.4039102632261411 0.09980399838603082
vt 0.40441701677040115 0.11675755928477027
vt 0.39296438667012445 0.1098954036828994
vt 0.3567821836099585 0.25067050757421727
vt 0.3888090076071922 0.13794951040819448
vt 0.40066704054287683 0.14491258006303387
vt 0.36570104598893505 0.2673213263140505
vt 0.2692151711618258 0.12826176132320055
vt 0.2910055735650069 0.05065885459028063
vt 0.3018500994121715 0.06226397068167955
vt 0.2797556448824343 0.140674189838349
vt 0.3092487011583679 0.03703545743950787
vt 0.30448521784232363 0.030879700208418015
vt 0.3063095306016598 0.029567817519825068
vt 0.2727624459716459 0.1664072733453641
vt 0.2833029196922545 0.17791147538379426
vt 0.27043137966804986 0.18225077966144776
vt 0.26810031336445367 0.16509539065677115
vt 0.28837045513485476 0.04773234705418872
vt 0.2665800527316736 0.1252343397341399
vt 0.26191792012448134 0.120693207350549
vt 0.2840123746542186 0.0421820741409108
vt 0.2840123746542186 0.0421820741409108
vt 0.26191792012448134 0.120693207350549
vt 0.25431661696058094 0.11302373932492893
vt 0.2768164743257262 0.03309980937372903
vt 0.5058690763312585 0.9476838714289348
vt 0.5555309236687413 0.9476838714289348
vt 0.5562403786307055 0.9645365182747054
vt 0.5051596213692946 0.9645365182747054
vt 0.5044501664073306 0.8753284954503866
vt 0.5036393607365146 0.8531274037972756
vt 0.5577606392634855 0.8531274037972756
vt 0.5569498335926695 0.8753284954503866
vt 0.5052609720781466 0.908630132930053
vt 0.5044501664073306 0.8753284954503866
vt 0.5569498335926695 0.8753284954503866
vt 0.5562403786307055 0.908630132930053
vt 0.494517796939834 0.7487822730276537
vt 0.48975431362378985 0.7119486436940832
vt 0.5716456863762105 0.7119486436940832
vt 0.5668822030601659 0.7487822730276537
vt 0.48458542747233757 0.6769314673139488
vt 0.4790111384854773 0.6438316579402198
vt 0.5824902122233748 0.6438316579402198
vt 0.5769159232365146 0.6769314673139488
vt 0.46684905342323657 0.5826777418411957
vt 0.5945509465767634 0.5826777418411957
vt 0.5883685533367912 0.6124473874669583
vt 0.4730314466632089 0.6124473874669583
vt 0.5057677256224067 0.9419317704097196
vt 0.5052609720781466 0.908630132930053
vt 0.5562403786307055 0.908630132930053
vt 0.5556322743775932 0.9419317704097196
vt 0.5058690763312585 0.22191000247814152
vt 0.4843827260546334 0.2474412578792191
vt 0.48468677818118955 0.22503833812017082
vt 0.5055650242047025 0.20869026153924353
vt 0.5023218015214386 0.8310272261971332
vt 0.5591795491874136 0.8310272261971332
vt 0.5577606392634855 0.8531274037972756
vt 0.5036393607365146 0.8531274037972756
vt 0.4790111384854773 0.6438316579402198
vt 0.4730314466632089 0.6124473874669583
vt 0.5883685533367912 0.6124473874669583
vt 0.5824902122233748 0.6438316579402198
vt 0.3389444588520055 0.06922704033651883
vt 0.33306611773858924 0.026237653771858493
vt 0.3450255013831258 0.0421820741409108
vt 0.3488768283195022 0.07871296131557526
vt 0.5058690763312585 0.9476838714289348
vt 0.5051596213692946 0.9645365182747054
vt 0.49654481111687415 0.9649401744865802
vt 0.49695021395228217 0.9475829573759661
vt 0.5051596213692946 0.9645365182747054
vt 0.5042474649896268 0.9867376099278165
vt 0.4957340054460581 0.9867376099278165
vt 0.49654481111687415 0.9649401744865802
vt 0.2466139630878285 0.10626249777602692
vt 0.25431661696058094 0.11302373932492893
vt 0.25036393931535267 0.1283626753761692
vt 0.24195183048063623 0.11998680897976832
vt 0.25431661696058094 0.11302373932492893
vt 0.26191792012448134 0.120693207350549
vt 0.2579652424792531 0.13603214340178937
vt 0.25036393931535267 0.1283626753761692
vt 0.26191792012448134 0.120693207350549
vt 0.2665800527316736 0.1252343397341399
vt 0.26242467366874134 0.1408760179442864
vt 0.2579652424792531 0.13603214340178937
vt 0.2692151711618258 0.12826176132320055
vt 0.2797556448824343 0.140674189838349
vt 0.274080005186722 0.16085700043208617
vt 0.26343818075726144 0.149352798393656
vt 0.2797556448824343 0.140674189838349
vt 0.29019476789419085 0.15328844645943485
vt 0.2845191281984786 0.17286577273535997
vt 0.274080005186722 0.16085700043208617
vt 0.29019476789419085 0.15328844645943485
vt 0.2999244359439833 0.16509539065677115
vt 0.2940460948305671 0.1840672326148841
vt 0.2845191281984786 0.17286577273535997
vt 0.2999244359439833 0.16509539065677115
vt 0.30945140257607195 0.17720507701301347
vt 0.30337036004495166 0.1958741768122204
vt 0.2940460948305671 0.1840672326148841
vt 0.30945140257607195 0.17720507701301347
vt 0.3193837720435685 0.19022298984597397
vt 0.3126946252593361 0.20848843343330625
vt 0.30337036004495166 0.1958741768122204
vt 0.3193837720435685 0.19022298984597397
vt 0.329214790802213 0.20455278536752752
vt 0.3220188904737206 0.22251548679595357
vt 0.3126946252593361 0.20848843343330625
vt 0.329214790802213 0.20455278536752752
vt 0.33874175743430146 0.21958897925986176
vt 0.33124180497925304 0.23734985258235053
vt 0.3220188904737206 0.22251548679595357
vt 0.33874175743430146 0.21958897925986176
vt 0.3478633212309821 0.23472608720516475
vt 0.34016066735822964 0.25208330431577897
vt 0.33124180497925304 0.23734985258235053
vt 0.3478633212309821 0.23472608720516475
vt 0.3567821836099585 0.25067050757421727
vt 0.3488768283195022 0.2676240684729565
vt 0.34016066735822964 0.25208330431577897
vt 0.3567821836099585 0.25067050757421727
vt 0.36570104598893505 0.2673213263140505
vt 0.3575929892807746 0.28387123100091494
vt 0.3488768283195022 0.2676240684729565
vt 0.36570104598893505 0.2673213263140505
vt 0.37431585624135544 0.28457762937169584
vt 0.36600509811549103 0.30072387784668564
vt 0.3575929892807746 0.28387123100091494
vt 0.37431585624135544 0.28457762937169584
vt 0.3827279650760719 0.30243941674715347
vt 0.3741131548236515 0.3178792668513625
vt 0.36600509811549103 0.30072387784668564
vt 0.3827279650760719 0.30243941674715347
vt 0.39073467107538035 0.3211085165463603
vt 0.38181580869640386 0.33574105422682
vt 0.3741131548236515 0.3178792668513625
vt 0.39073467107538035 0.3211085165463603
vt 0.40208595046680495 0.3502726778543108
vt 0.3928630359612725 0.3641988171639895
vt 0.38181580869640386 0.33574105422682
vt 0.40208595046680495 0.3502726778543108
vt 0.4134372298582295 0.382060604539447
vt 0.4039102632261411 0.39517943142537626
vt 0.3928630359612725 0.3641988171639895
vt 0.4134372298582295 0.382060604539447
vt 0.4204304287690179 0.4044635242984954
vt 0.4105994100103735 0.41667412470770626
vt 0.4039102632261411 0.39517943142537626
vt 0.4204304287690179 0.4044635242984954
vt 0.4337073716286307 0.451590387034872
vt 0.4235723007434302 0.4623881907025216
vt 0.4105994100103735 0.41667412470770626
vt 0.4337073716286307 0.451590387034872
vt 0.440193816995159 0.47651615811813763
vt 0.42995739540110656 0.48711213367984973
vt 0.4235723007434302 0.4623881907025216
vt 0.440193816995159 0.47651615811813763
vt 0.4468829637793915 0.5018455854132777
vt 0.4366465421853389 0.5123406469220213
vt 0.42995739540110656 0.48711213367984973
vt 0.4468829637793915 0.5018455854132777
vt 0.45377481198132774 0.527578668920293
vt 0.4434370396784232 0.5378719023230989
vt 0.4366465421853389 0.5123406469220213
vt 0.45377481198132774 0.527578668920293
vt 0.4604639587655601 0.5544218070099636
vt 0.4499234850449516 0.5641095560949574
vt 0.4434370396784232 0.5378719023230989
vt 0.4604639587655601 0.5544218070099636
vt 0.46684905342323657 0.5826777418411957
vt 0.45630857970262806 0.5917600066083775
vt 0.4499234850449516 0.5641095560949574
vt 0.46684905342323657 0.5826777418411957
vt 0.4730314466632089 0.6124473874669583
vt 0.4622882715248964 0.6209241679163279
vt 0.45630857970262806 0.5917600066083775
vt 0.4730314466632089 0.6124473874669583
vt 0.4790111384854773 0.6438316579402198
vt 0.46806526192946063 0.6516020400188086
vt 0.4622882715248964 0.6209241679163279
vt 0.4790111384854773 0.6438316579402198
vt 0.48458542747233757 0.6769314673139488
vt 0.47353820020746884 0.683995451021757
vt 0.46806526192946063 0.6516020400188086
vt 0.48458542747233757 0.6769314673139488
vt 0.48975431362378985 0.7119486436940832
vt 0.47860573565006914 0.7183062290311104
vt 0.47353820020746884 0.683995451021757
vt 0.48975431362378985 0.7119486436940832
vt 0.494517796939834 0.7487822730276537
vt 0.4832678682572614 0.7543325459409316
vt 0.47860573565006914 0.7183062290311104
vt 0.494517796939834 0.7487822730276537
vt 0.49897722812932244 0.7897533785329404
vt 0.4876259487378977 0.7943954249695
vt 0.4832678682572614 0.7543325459409316
vt 0.49897722812932244 0.7897533785329404
vt 0.5023218015214386 0.8310272261971332
vt 0.49107187283886583 0.8344583039980685
vt 0.4876259487378977 0.7943954249695
vt 0.5023218015214386 0.8310272261971332
vt 0.5036393607365146 0.8531274037972756
vt 0.49249078276279395 0.8554484270155553
vt 0.49107187283886583 0.8344583039980685
vt 0.5036393607365146 0.8531274037972756
vt 0.5044501664073306 0.8753284954503866
vt 0.49340293914246197 0.8765394640860109
vt 0.49249078276279395 0.8554484270155553
vt 0.5044501664073306 0.8753284954503866
vt 0.5052609720781466 0.908630132930053
vt 0.493706991269018 0.908024648612241
vt 0.49340293914246197 0.8765394640860109
vt 0.5052609720781466 0.908630132930053
vt 0.5057677256224067 0.9419317704097196
vt 0.49380834197787005 0.9415281141978449
vt 0.493706991269018 0.908024648612241
vt 0.5060717777489627 0.1717557181527044
vt 0.4878286501556016 0.17104931978192361
vt 0.4882340529910097 0.1481418297580317
vt 0.5063758298755187 0.1488482281288126
vt 0.4878286501556016 0.17104931978192361
vt 0.4746530580048409 0.17024200735817407
vt 0.47556521438450905 0.14723360328131352
vt 0.4882340529910097 0.1481418297580317
vt 0.4746530580048409 0.17024200735817407
vt 0.4550923711964039 0.1664072733453641
vt 0.456511281120332 0.14349978332147206
vt 0.47556521438450905 0.14723360328131352
vt 0.4550923711964039 0.1664072733453641
vt 0.43674789289419086 0.1613615706969298
vt 0.438572205653527 0.13855499472600652
vt 0.456511281120332 0.14349978332147206
vt 0.43674789289419086 0.1613615706969298
vt 0.4245858078319503 0.1568204383133387
vt 0.4268155234266944 0.13421569044835302
vt 0.438572205653527 0.13855499472600652
vt 0.4245858078319503 0.1568204383133387
vt 0.4125250734785616 0.15116925134709236
vt 0.41526154261756576 0.12876633158804396
vt 0.4268155234266944 0.13421569044835302
vt 0.4125250734785616 0.15116925134709236
vt 0.40066704054287683 0.14491258006303387
vt 0.40360621109958505 0.122610574356954
vt 0.41526154261756576 0.12876633158804396
vt 0.40066704054287683 0.14491258006303387
vt 0.3888090076071922 0.13794951040819448
vt 0.3921535809993085 0.11574841875508335
vt 0.40360621109958505 0.122610574356954
vt 0.3888090076071922 0.13794951040819448
vt 0.3772550267980638 0.1305827845414803
vt 0.38090365231673584 0.10858352099430668
vt 0.3921535809993085 0.11574841875508335
vt 0.3772550267980638 0.1305827845414803
vt 0.365903747406639 0.12240874625101672
vt 0.36985642505186717 0.10061131080978047
vt 0.38090365231673584 0.10858352099430668
vt 0.365903747406639 0.12240874625101672
vt 0.3543497665975104 0.11373013769570961
vt 0.35850514566044267 0.09243727251931677
vt 0.36985642505186717 0.10061131080978047
vt 0.3543497665975104 0.11373013769570961
vt 0.3430998379149378 0.1045469588755592
vt 0.3477619705221301 0.08385957801697841
vt 0.35850514566044267 0.09243727251931677
vt 0.3430998379149378 0.1045469588755592
vt 0.33266071490318116 0.0939509833138471
vt 0.33772825034578147 0.0739700008260471
vt 0.3477619705221301 0.08385957801697841
vt 0.33266071490318116 0.0939509833138471
vt 0.32262699472683265 0.08385957801697841
vt 0.32779588087828493 0.06408042363511579
vt 0.33772825034578147 0.0739700008260471
vt 0.32262699472683265 0.08385957801697841
vt 0.31259327455048413 0.07356634461417233
vt 0.31806621282849246 0.053686276179341186
vt 0.32779588087828493 0.06408042363511579
vt 0.31259327455048413 0.07356634461417233
vt 0.3018500994121715 0.06226397068167955
vt 0.30752573910788383 0.0421820741409108
vt 0.31806621282849246 0.053686276179341186
vt 0.3018500994121715 0.06226397068167955
vt 0.2910055735650069 0.05065885459028063
vt 0.2971879668049793 0.02987055967873098
vt 0.30752573910788383 0.0421820741409108
vt 0.28837045513485476 0.04773234705418872
vt 0.2840123746542186 0.0421820741409108
vt 0.2885731565525588 0.02744862240748258
vt 0.29293123703319496 0.03259523910888562
vt 0.2840123746542186 0.0421820741409108
vt 0.2768164743257262 0.03309980937372903
vt 0.2813772562240664 0.018568185746238197
vt 0.2885731565525588 0.02744862240748258
vt 0.2768164743257262 0.03309980937372903
vt 0.27002597683264173 0.023815716500609985
vt 0.2734719009336099 0.008678608555307
vt 0.2813772562240664 0.018568185746238197
vt 0.5307 0.17205846031161054
vt 0.5060717777489627 0.1717557181527044
vt 0.5063758298755187 0.1488482281288126
vt 0.5307 0.14905005623474987
vt 0.45691668395574003 0.13764676824928823
vt 0.456612631829184 0.12694987863460772
vt 0.475666565093361 0.1325001515478852
vt 0.47576791580221295 0.14127967415616094
vt 0.401477846213693 0.3986105092263116
vt 0.39752516856846465 0.4027479853980277
vt 0.3856671356327802 0.37277651166632797
vt 0.3905319696576765 0.3678317230708621
vt 0.2466139630878285 0.10626249777602692
vt 0.27002597683264173 0.023815716500609985
vt 0.2768164743257262 0.03309980937372903
vt 0.25431661696058094 0.11302373932492893
vt 0.5042474649896268 0.9867376099278165
vt 0.5051596213692946 0.9645365182747054
vt 0.5562403786307055 0.9645365182747054
vt 0.5571525350103733 0.9867376099278165
vt 0.584719927818119 0.8842089321116309
vt 0.5841118235650069 0.9013643211163076
vt 0.5706321792876903 0.8766403781389794
vt 0.5715443356673582 0.8560539113333675
vt 0.5932333873616875 0.7307186575462588
vt 0.5890780082987553 0.7684605133565475
vt 0.5809699515905948 0.7560480848413992
vt 0.585733434906639 0.7202235960375154
vt 0.5971860650069156 0.6945914265834692
vt 0.5932333873616875 0.7307186575462588
vt 0.585733434906639 0.7202235960375154
vt 0.5906996196403873 0.685912818028162
vt 0.6022536004495158 0.6612897891038025
vt 0.5971860650069156 0.6945914265834692
vt 0.5906996196403873 0.685912818028162
vt 0.5961725579183956 0.6537212351311511
vt 0.6022536004495158 0.6612897891038025
vt 0.5961725579183956 0.6537212351311511
vt 0.6018481976141079 0.6231442770816391
vt 0.6072197851832644 0.6295018624186663
vt 0.6128954248789764 0.5998331308458724
vt 0.6072197851832644 0.6295018624186663
vt 0.6018481976141079 0.6231442770816391
vt 0.6079292401452283 0.594181943879626
vt 0.6079292401452283 0.594181943879626
vt 0.6142129840940527 0.5667333214721433
vt 0.6177602589038729 0.5707698835908908
vt 0.6128954248789764 0.5998331308458724
vt 0.6177602589038729 0.5707698835908908
vt 0.6142129840940527 0.5667333214721433
vt 0.6206994294605812 0.5404956677002847
vt 0.6237399507261412 0.5438258314482515
vt 0.6301250453838175 0.5179918338882676
vt 0.6237399507261412 0.5438258314482515
vt 0.6206994294605812 0.5404956677002847
vt 0.6273885762448133 0.5150653263521757
vt 0.6366114907503457 0.4926624065931273
vt 0.6301250453838175 0.5179918338882676
vt 0.6273885762448133 0.5150653263521757
vt 0.6340777230290457 0.48983681311000404
vt 0.6366114907503457 0.4926624065931273
vt 0.6340777230290457 0.48983681311000404
vt 0.640462817686722 0.4653146982386135
vt 0.6430979361168743 0.4682412057747053
vt 0.6430979361168743 0.4682412057747053
vt 0.640462817686722 0.4653146982386135
vt 0.6533343577109267 0.4198024603497358
vt 0.656678931103043 0.4234353662566086
vt 0.659922153786307 0.3986105092263116
vt 0.6639761821403873 0.4027479853980277
vt 0.656678931103043 0.4234353662566086
vt 0.6533343577109267 0.4198024603497358
vt 0.6895165607710927 0.3218149149171412
vt 0.6955976033022131 0.32797067214823117
vt 0.6875908973029046 0.3454288033118138
vt 0.6819152576071923 0.3395757882396301
vt 0.7233676975276625 0.256523522646401
vt 0.732996014868603 0.26600944362545753
vt 0.7231649961099585 0.28074289535888575
vt 0.7146515365663904 0.2719633727506101
vt 0.7413067729944676 0.2268547910736073
vt 0.7541783130186721 0.2365425401586012
vt 0.7433337871715076 0.2519823902628101
vt 0.7321852091977872 0.24179007091297278
vt 0.7934010373443983 0.16509539065677115
vt 0.7886375540283539 0.1664072733453641
vt 0.7937050894709541 0.16146248474989822
vt 0.5550241701244814 0.14289429900366002
vt 0.5307 0.14319704116256593
vt 0.5307 0.13815133851413175
vt 0.5550241701244814 0.13744494014335085
vt 0.5550241701244814 0.13744494014335085
vt 0.5731659470089903 0.13492208881913392
vt 0.5730645963001384 0.14218790063287912
vt 0.5550241701244814 0.14289429900366002
vt 0.5731659470089903 0.13492208881913392
vt 0.5858347856154911 0.1325001515478852
vt 0.5856320841977871 0.14127967415616094
vt 0.5730645963001384 0.14218790063287912
vt 0.6227264436376211 0.1201886370857056
vt 0.6343817751556018 0.11494110633133381
vt 0.6339763723201937 0.1283626753761692
vt 0.622422391511065 0.13260106560085405
vt 0.6690437175829876 0.09122630388369268
vt 0.6804963476832644 0.08184129695760489
vt 0.6796855420124481 0.10273050592212285
vt 0.6685369640387276 0.1098954036828994
vt 0.6919489777835408 0.07094257923698666
vt 0.7042124135546335 0.060043861516368424
vt 0.7019826979598894 0.08688699960603896
vt 0.6907327692773166 0.09485920979056506
vt 0.5707335299965424 0.9077219064533348
vt 0.5706321792876903 0.8766403781389794
vt 0.5841118235650069 0.9013643211163076
vt 0.5745848569329184 0.9206389052333268
vt 0.7595499005878283 0.20031439514284266
vt 0.7812389522821577 0.2124240814990851
vt 0.768164710840249 0.2247355959612648
vt 0.750428336791148 0.21282773771095975
vt 0.7521512988416319 0.03703545743950787
vt 0.7419148772475794 0.048943315689812805
vt 0.7465770098547715 0.02472394297732805
vt 0.7551918201071921 0.029567817519825068
vt 0.5732672977178424 0.8354674445277555
vt 0.5767132218188105 0.7957073076580929
vt 0.5856320841977871 0.8118535561330827
vt 0.5845172264004147 0.8580721923927412
vt 0.7615769147648683 0.16509539065677115
vt 0.751948597423928 0.17720507701301347
vt 0.7287392850968188 0.0939509833138471
vt 0.7387730052731674 0.08385957801697841
vt 0.624753457814661 0.1613615706969298
vt 0.6706653289246196 0.3211085165463603
vt 0.6593140495331951 0.3502726778543108
vt 0.606307628803596 0.1664072733453641
vt 0.6706653289246196 0.3211085165463603
vt 0.624753457814661 0.1613615706969298
vt 0.6369155428769018 0.1568204383133387
vt 0.678672034923928 0.30243941674715347
vt 0.6841449732019365 0.1305827845414803
vt 0.695496252593361 0.12240874625101672
vt 0.7227595932745505 0.21958897925986176
vt 0.713536678769018 0.23472608720516475
vt 0.7070502334024897 0.11373013769570961
vt 0.7183001620850622 0.1045469588755592
vt 0.7420162279564313 0.19022298984597397
vt 0.7321852091977872 0.20455278536752752
vt 0.7183001620850622 0.1045469588755592
vt 0.7287392850968188 0.0939509833138471
vt 0.751948597423928 0.17720507701301347
vt 0.7420162279564313 0.19022298984597397
vt 0.7816443551175656 0.140674189838349
vt 0.7712052321058092 0.15328844645943485
vt 0.7488067254495157 0.07356634461417233
vt 0.7596512512966807 0.06226397068167955
vt 0.7346176262102351 0.019779154381862507
vt 0.7465770098547715 0.02472394297732805
vt 0.7419148772475794 0.048943315689812805
vt 0.732286559906639 0.05953929125152502
vt 0.7781984310165977 0.17791147538379426
vt 0.791069971040802 0.18225077966144776
vt 0.7870159426867218 0.2054610118442456
vt 0.768671464384509 0.188608364998475
vt 0.6277939790802214 0.451590387034872
vt 0.621206183004841 0.47651615811813763
vt 0.6140102826763486 0.46914943225142347
vt 0.6205980787517289 0.443920919009252
vt 0.6277939790802214 0.451590387034872
vt 0.6205980787517289 0.443920919009252
vt 0.6341790737378976 0.39588582979615705
vt 0.6410709219398341 0.4044635242984954
vt 0.6410709219398341 0.4044635242984954
vt 0.6341790737378976 0.39588582979615705
vt 0.638537154218534 0.3815560342746036
vt 0.6480641208506224 0.382060604539447
vt 0.5868482927040108 0.17024200735817407
vt 0.6480641208506224 0.382060604539447
vt 0.638537154218534 0.3815560342746036
vt 0.5822875108056709 0.1870946542039449
vt 0.5735713498443984 0.17104931978192361
vt 0.5868482927040108 0.17024200735817407
vt 0.5822875108056709 0.1870946542039449
vt 0.5739767526798066 0.1873973963628507
vt 0.5735713498443984 0.17104931978192361
vt 0.5739767526798066 0.1873973963628507
vt 0.5556322743775932 0.18800288068066284
vt 0.5554295729598894 0.1717557181527044
vt 0.5307 0.17205846031161054
vt 0.5554295729598894 0.1717557181527044
vt 0.5556322743775932 0.18800288068066284
vt 0.5307 0.18780105257472557
vt 0.6145170362206085 0.5018455854132777
vt 0.6077265387275244 0.527578668920293
vt 0.6027603539937759 0.5113315063923345
vt 0.6073211358921161 0.4944788595465638
vt 0.621206183004841 0.47651615811813763
vt 0.6145170362206085 0.5018455854132777
vt 0.6073211358921161 0.4944788595465638
vt 0.6140102826763486 0.46914943225142347
vt 0.5697200229080222 0.27044966195607967
vt 0.5762064682745507 0.254908897798902
vt 0.5920171788554633 0.29254983955622205
vt 0.5833010178941909 0.30264124485309085
vt 0.5640443832123099 0.32464050840026437
vt 0.5553282222510374 0.3044576978065271
vt 0.5697200229080222 0.27044966195607967
vt 0.5833010178941909 0.30264124485309085
vt 0.546916113416321 0.34431874872915846
vt 0.5307 0.3629878485283653
vt 0.5426593836445366 0.33442917153822704
vt 0.549044478302213 0.3565293491383693
vt 0.5307 0.3629878485283653
vt 0.546916113416321 0.34431874872915846
vt 0.5920171788554633 0.29254983955622205
vt 0.6005306383990319 0.3386675617629118
vt 0.5904969182226835 0.34209863956384723
vt 0.5833010178941909 0.30264124485309085
vt 0.5904969182226835 0.34209863956384723
vt 0.6005306383990319 0.3386675617629118
vt 0.6005306383990319 0.38771179150569346
vt 0.5904969182226835 0.38407888559882064
vt 0.568503814401798 0.37640941757320057
vt 0.568503814401798 0.3497681075894674
vt 0.5904969182226835 0.34209863956384723
vt 0.5904969182226835 0.38407888559882064
vt 0.549044478302213 0.3565293491383693
vt 0.549044478302213 0.36944634791836106
vt 0.5307 0.3629878485283653
vt 0.546916113416321 0.38165694832757224
vt 0.5307 0.3629878485283653
vt 0.549044478302213 0.36944634791836106
vt 0.583402368603043 0.42353628030957724
vt 0.5904969182226835 0.38407888559882064
vt 0.6005306383990319 0.38771179150569346
vt 0.5922198802731674 0.4338295137123832
vt 0.5549228194156293 0.23018495482157364
vt 0.5762064682745507 0.254908897798902
vt 0.5697200229080222 0.27044966195607967
vt 0.5514768953146609 0.24935862488562432
vt 0.5697200229080222 0.27044966195607967
vt 0.5553282222510374 0.3044576978065271
vt 0.5437742414419087 0.29083430065575433
vt 0.5514768953146609 0.24935862488562432
vt 0.5307 0.3629878485283653
vt 0.5370850946576764 0.32797067214823117
vt 0.5426593836445366 0.33442917153822704
vt 0.5307 0.3629878485283653
vt 0.5307 0.3256496489299512
vt 0.5370850946576764 0.32797067214823117
vt 0.5307 0.28599042611325765
vt 0.5307 0.24148732875406664
vt 0.5514768953146609 0.24935862488562432
vt 0.5437742414419087 0.29083430065575433
vt 0.5307 0.3629878485283653
vt 0.5370850946576764 0.3980050249084993
vt 0.5307 0.40022513407381044
vt 0.5514768953146609 0.47631433001220025
vt 0.5307 0.48408471209078907
vt 0.5307 0.4397834428375357
vt 0.5437742414419087 0.43483865424207
vt 0.5514768953146609 0.47631433001220025
vt 0.5549228194156293 0.4952861719703132
vt 0.5307 0.5044693507904638
vt 0.5307 0.48408471209078907
vt 0.5307 0.3629878485283653
vt 0.5427607343533887 0.39154652551850355
vt 0.5370850946576764 0.3980050249084993
vt 0.5307 0.3629878485283653
vt 0.546916113416321 0.38165694832757224
vt 0.5427607343533887 0.39154652551850355
vt 0.5640443832123099 0.40143610270943497
vt 0.583402368603043 0.42353628030957724
vt 0.5698213736168742 0.45562694915361934
vt 0.5554295729598894 0.421618913303172
vt 0.5698213736168742 0.45562694915361934
vt 0.583402368603043 0.42353628030957724
vt 0.5922198802731674 0.4338295137123832
vt 0.5763078189834026 0.47126862736376585
vt 0.5514768953146609 0.47631433001220025
vt 0.5698213736168742 0.45562694915361934
vt 0.5763078189834026 0.47126862736376585
vt 0.5549228194156293 0.4952861719703132
vt 0.5437742414419087 0.43483865424207
vt 0.5554295729598894 0.421618913303172
vt 0.5698213736168742 0.45562694915361934
vt 0.5514768953146609 0.47631433001220025
vt 0.5307 0.22110269005439198
vt 0.5549228194156293 0.23018495482157364
vt 0.5514768953146609 0.24935862488562432
vt 0.5307 0.24148732875406664
vt 0.583402368603043 0.42353628030957724
vt 0.5640443832123099 0.40143610270943497
vt 0.568503814401798 0.37640941757320057
vt 0.5904969182226835 0.38407888559882064
vt 0.5904969182226835 0.34209863956384723
vt 0.568503814401798 0.3497681075894674
vt 0.5640443832123099 0.32464050840026437
vt 0.5833010178941909 0.30264124485309085
vt 0.5307 0.5095150534388981
vt 0.5575579378457816 0.5115333344982718
vt 0.5307 0.5277804970262303
vt 0.5039434128630706 0.5115333344982718
vt 0.6875908973029046 0.3454288033118138
vt 0.6758342150760721 0.37277651166632797
vt 0.6708680303423238 0.3678317230708621
vt 0.6819152576071923 0.3395757882396301
vt 0.622422391511065 0.13260106560085405
vt 0.6045846667531123 0.13764676824928823
vt 0.6048887188796682 0.12694987863460772
vt 0.6227264436376211 0.1201886370857056
vt 0.5868482927040108 0.17024200735817407
vt 0.606307628803596 0.1664072733453641
vt 0.6593140495331951 0.3502726778543108
vt 0.6480641208506224 0.382060604539447
vt 0.7060367263139695 0.2881096212255999
vt 0.7136380294778701 0.2960818314101261
vt 0.7043137642634854 0.3116225955673039
vt 0.6976246174792533 0.3047604399654331
vt 0.6570843339384509 0.11675755928477027
vt 0.6455303531293223 0.12291331651586024
vt 0.6459357559647301 0.10817986478243191
vt 0.6574897367738589 0.09980399838603082
vt 0.6956989540110651 0.2673213263140505
vt 0.6870841437586447 0.28457762937169584
vt 0.6488749265214384 0.15116925134709236
vt 0.660834310165975 0.14491258006303387
vt 0.7433337871715076 0.2519823902628101
vt 0.732996014868603 0.26600944362545753
vt 0.7233676975276625 0.256523522646401
vt 0.7321852091977872 0.24179007091297278
vt 0.6907327692773166 0.09485920979056506
vt 0.6796855420124481 0.10273050592212285
vt 0.6804963476832644 0.08184129695760489
vt 0.6919489777835408 0.07094257923698666
vt 0.672590992392808 0.13794951040819448
vt 0.6841449732019365 0.1305827845414803
vt 0.713536678769018 0.23472608720516475
vt 0.7046178163900416 0.25067050757421727
vt 0.750428336791148 0.21282773771095975
vt 0.768164710840249 0.2247355959612648
vt 0.7541783130186721 0.2365425401586012
vt 0.7413067729944676 0.2268547910736073
vt 0.7042124135546335 0.060043861516368424
vt 0.7164758493257264 0.0421820741409108
vt 0.712523171680498 0.07871296131557526
vt 0.7019826979598894 0.08688699960603896
vt 0.695496252593361 0.12240874625101672
vt 0.7070502334024897 0.11373013769570961
vt 0.7321852091977872 0.20455278536752752
vt 0.7227595932745505 0.21958897925986176
vt 0.7712052321058092 0.15328844645943485
vt 0.7615769147648683 0.16509539065677115
vt 0.7387730052731674 0.08385957801697841
vt 0.7488067254495157 0.07356634461417233
vt 0.7283338822614109 0.026237653771858493
vt 0.7346176262102351 0.019779154381862507
vt 0.732286559906639 0.05953929125152502
vt 0.7224555411479945 0.06922704033651883
vt 0.768671464384509 0.188608364998475
vt 0.7870159426867218 0.2054610118442456
vt 0.7812389522821577 0.2124240814990851
vt 0.7595499005878283 0.20031439514284266
vt 0.5856320841977871 0.8118535561330827
vt 0.5767132218188105 0.7957073076580929
vt 0.5809699515905948 0.7560480848413992
vt 0.5890780082987553 0.7684605133565475
vt 0.5845172264004147 0.8580721923927412
vt 0.584719927818119 0.8842089321116309
vt 0.5715443356673582 0.8560539113333675
vt 0.5732672977178424 0.8354674445277555
vt 0.5707335299965424 0.9077219064533348
vt 0.5745848569329184 0.9206389052333268
vt 0.5710375821230982 0.9276019748881662
vt 0.6895165607710927 0.3218149149171412
vt 0.6976246174792533 0.3047604399654331
vt 0.7043137642634854 0.3116225955673039
vt 0.6955976033022131 0.32797067214823117
vt 0.6455303531293223 0.12291331651586024
vt 0.6339763723201937 0.1283626753761692
vt 0.6343817751556018 0.11494110633133381
vt 0.6459357559647301 0.10817986478243191
vt 0.6870841437586447 0.28457762937169584
vt 0.678672034923928 0.30243941674715347
vt 0.6369155428769018 0.1568204383133387
vt 0.6488749265214384 0.15116925134709236
vt 0.7231649961099585 0.28074289535888575
vt 0.7136380294778701 0.2960818314101261
vt 0.7060367263139695 0.2881096212255999
vt 0.7146515365663904 0.2719633727506101
vt 0.6690437175829876 0.09122630388369268
vt 0.6685369640387276 0.1098954036828994
vt 0.6570843339384509 0.11675755928477027
vt 0.6574897367738589 0.09980399838603082
vt 0.7046178163900416 0.25067050757421727
vt 0.6956989540110651 0.2673213263140505
vt 0.660834310165975 0.14491258006303387
vt 0.672590992392808 0.13794951040819448
vt 0.7921848288381741 0.1281608472702317
vt 0.7816443551175656 0.140674189838349
vt 0.7596512512966807 0.06226397068167955
vt 0.7703944264349929 0.05065885459028063
vt 0.7521512988416319 0.03703545743950787
vt 0.7551918201071921 0.029567817519825068
vt 0.7569147821576763 0.030879700208418015
vt 0.7886375540283539 0.1664072733453641
vt 0.7934010373443983 0.16509539065677115
vt 0.791069971040802 0.18225077966144776
vt 0.7781984310165977 0.17791147538379426
vt 0.773029544865145 0.04773234705418872
vt 0.777387625345781 0.0421820741409108
vt 0.7994820798755187 0.120693207350549
vt 0.7948199472683264 0.1252343397341399
vt 0.777387625345781 0.0421820741409108
vt 0.7846848763831256 0.03309980937372903
vt 0.8071847337482709 0.11302373932492893
vt 0.7994820798755187 0.120693207350549
vt 0.49897722812932244 0.7897533785329404
vt 0.494517796939834 0.7487822730276537
vt 0.5668822030601659 0.7487822730276537
vt 0.5625241225795299 0.7897533785329404
vt 0.5591795491874136 0.8310272261971332
vt 0.5023218015214386 0.8310272261971332
vt 0.49897722812932244 0.7897533785329404
vt 0.5625241225795299 0.7897533785329404
vt 0.5945509465767634 0.5826777418411957
vt 0.46684905342323657 0.5826777418411957
vt 0.4604639587655601 0.5544218070099636
vt 0.6009360412344398 0.5544218070099636
vt 0.6009360412344398 0.5544218070099636
vt 0.4604639587655601 0.5544218070099636
vt 0.45377481198132774 0.527578668920293
vt 0.5307 0.5277804970262303
vt 0.6009360412344398 0.5544218070099636
vt 0.5307 0.5277804970262303
vt 0.6077265387275244 0.527578668920293
vt 0.7224555411479945 0.06922704033651883
vt 0.712523171680498 0.07871296131557526
vt 0.7164758493257264 0.0421820741409108
vt 0.7283338822614109 0.026237653771858493
vt 0.5555309236687413 0.9476838714289348
vt 0.564449786047718 0.9475829573759661
vt 0.564855188883126 0.9649401744865802
vt 0.5562403786307055 0.9645365182747054
vt 0.5562403786307055 0.9645365182747054
vt 0.564855188883126 0.9649401744865802
vt 0.565665994553942 0.9867376099278165
vt 0.5571525350103733 0.9867376099278165
vt 0.8147860369121716 0.10626249777602692
vt 0.8194481695193636 0.11998680897976832
vt 0.811036060684647 0.1283626753761692
vt 0.8071847337482709 0.11302373932492893
vt 0.8071847337482709 0.11302373932492893
vt 0.811036060684647 0.1283626753761692
vt 0.8035361082295984 0.13603214340178937
vt 0.7994820798755187 0.120693207350549
vt 0.7994820798755187 0.120693207350549
vt 0.8035361082295984 0.13603214340178937
vt 0.7989753263312585 0.1408760179442864
vt 0.7948199472683264 0.1252343397341399
vt 0.7921848288381741 0.1281608472702317
vt 0.7979618192427385 0.149352798393656
vt 0.7873199948132779 0.16085700043208617
vt 0.7816443551175656 0.140674189838349
vt 0.7816443551175656 0.140674189838349
vt 0.7873199948132779 0.16085700043208617
vt 0.7768808718015214 0.17286577273535997
vt 0.7712052321058092 0.15328844645943485
vt 0.7712052321058092 0.15328844645943485
vt 0.7768808718015214 0.17286577273535997
vt 0.7673539051694327 0.1840672326148841
vt 0.7615769147648683 0.16509539065677115
vt 0.7615769147648683 0.16509539065677115
vt 0.7673539051694327 0.1840672326148841
vt 0.7581309906639002 0.1958741768122204
vt 0.751948597423928 0.17720507701301347
vt 0.751948597423928 0.17720507701301347
vt 0.7581309906639002 0.1958741768122204
vt 0.7487053747406638 0.20848843343330625
vt 0.7420162279564313 0.19022298984597397
vt 0.7420162279564313 0.19022298984597397
vt 0.7487053747406638 0.20848843343330625
vt 0.7393811095262797 0.22251548679595357
vt 0.7321852091977872 0.20455278536752752
vt 0.7321852091977872 0.20455278536752752
vt 0.7393811095262797 0.22251548679595357
vt 0.730158195020747 0.23734985258235053
vt 0.7227595932745505 0.21958897925986176
vt 0.7227595932745505 0.21958897925986176
vt 0.730158195020747 0.23734985258235053
vt 0.7212393326417704 0.25208330431577897
vt 0.713536678769018 0.23472608720516475
vt 0.713536678769018 0.23472608720516475
vt 0.7212393326417704 0.25208330431577897
vt 0.712523171680498 0.2676240684729565
vt 0.7046178163900416 0.25067050757421727
vt 0.7046178163900416 0.25067050757421727
vt 0.712523171680498 0.2676240684729565
vt 0.7038070107192254 0.28387123100091494
vt 0.6956989540110651 0.2673213263140505
vt 0.6956989540110651 0.2673213263140505
vt 0.7038070107192254 0.28387123100091494
vt 0.6953949018845091 0.3006229637937169
vt 0.6870841437586447 0.28457762937169584
vt 0.6870841437586447 0.28457762937169584
vt 0.6953949018845091 0.3006229637937169
vt 0.6872868451763486 0.3178792668513625
vt 0.678672034923928 0.30243941674715347
vt 0.678672034923928 0.30243941674715347
vt 0.6872868451763486 0.3178792668513625
vt 0.6796855420124481 0.33574105422682
vt 0.6706653289246196 0.3211085165463603
vt 0.6706653289246196 0.3211085165463603
vt 0.6796855420124481 0.33574105422682
vt 0.6685369640387276 0.3641988171639895
vt 0.6593140495331951 0.3502726778543108
vt 0.6593140495331951 0.3502726778543108
vt 0.6685369640387276 0.3641988171639895
vt 0.6574897367738589 0.39517943142537626
vt 0.6480641208506224 0.382060604539447
vt 0.6480641208506224 0.382060604539447
vt 0.6574897367738589 0.39517943142537626
vt 0.6508005899896266 0.41667412470770626
vt 0.6410709219398341 0.4044635242984954
vt 0.6410709219398341 0.4044635242984954
vt 0.6508005899896266 0.41667412470770626
vt 0.637929049965422 0.4623881907025216
vt 0.6277939790802214 0.451590387034872
vt 0.6277939790802214 0.451590387034872
vt 0.637929049965422 0.4623881907025216
vt 0.6314426045988935 0.48711213367984973
vt 0.621206183004841 0.47651615811813763
vt 0.621206183004841 0.47651615811813763
vt 0.6314426045988935 0.48711213367984973
vt 0.624753457814661 0.5123406469220213
vt 0.6145170362206085 0.5018455854132777
vt 0.6145170362206085 0.5018455854132777
vt 0.624753457814661 0.5123406469220213
vt 0.6180643110304287 0.5378719023230989
vt 0.6077265387275244 0.527578668920293
vt 0.6077265387275244 0.527578668920293
vt 0.6180643110304287 0.5378719023230989
vt 0.6114765149550485 0.5641095560949574
vt 0.6009360412344398 0.5544218070099636
vt 0.6009360412344398 0.5544218070099636
vt 0.6114765149550485 0.5641095560949574
vt 0.605192771006224 0.5917600066083775
vt 0.5945509465767634 0.5826777418411957
vt 0.5945509465767634 0.5826777418411957
vt 0.605192771006224 0.5917600066083775
vt 0.5991117284751036 0.6209241679163279
vt 0.5883685533367912 0.6124473874669583
vt 0.5883685533367912 0.6124473874669583
vt 0.5991117284751036 0.6209241679163279
vt 0.5933347380705396 0.6516020400188086
vt 0.5824902122233748 0.6438316579402198
vt 0.5824902122233748 0.6438316579402198
vt 0.5933347380705396 0.6516020400188086
vt 0.5878617997925311 0.683995451021757
vt 0.5769159232365146 0.6769314673139488
vt 0.5769159232365146 0.6769314673139488
vt 0.5878617997925311 0.683995451021757
vt 0.582794264349931 0.7183062290311104
vt 0.5716456863762105 0.7119486436940832
vt 0.5716456863762105 0.7119486436940832
vt 0.582794264349931 0.7183062290311104
vt 0.5781321317427388 0.7543325459409316
vt 0.5668822030601659 0.7487822730276537
vt 0.5668822030601659 0.7487822730276537
vt 0.5781321317427388 0.7543325459409316
vt 0.5737740512621026 0.7943954249695
vt 0.5625241225795299 0.7897533785329404
vt 0.5625241225795299 0.7897533785329404
vt 0.5737740512621026 0.7943954249695
vt 0.5704294778699863 0.8344583039980685
vt 0.5591795491874136 0.8310272261971332
vt 0.5591795491874136 0.8310272261971332
vt 0.5704294778699863 0.8344583039980685
vt 0.5689092172372061 0.8554484270155553
vt 0.5577606392634855 0.8531274037972756
vt 0.5577606392634855 0.8531274037972756
vt 0.5689092172372061 0.8554484270155553
vt 0.567997060857538 0.8765394640860109
vt 0.5569498335926695 0.8753284954503866
vt 0.5569498335926695 0.8753284954503866
vt 0.567997060857538 0.8765394640860109
vt 0.567693008730982 0.908024648612241
vt 0.5562403786307055 0.908630132930053
vt 0.5562403786307055 0.908630132930053
vt 0.567693008730982 0.908024648612241
vt 0.567693008730982 0.9415281141978449
vt 0.5556322743775932 0.9419317704097196
vt 0.5554295729598894 0.1717557181527044
vt 0.5550241701244814 0.1488482281288126
vt 0.5732672977178424 0.1481418297580317
vt 0.5735713498443984 0.17104931978192361
vt 0.5735713498443984 0.17104931978192361
vt 0.5732672977178424 0.1481418297580317
vt 0.5859361363243433 0.14723360328131352
vt 0.5868482927040108 0.17024200735817407
vt 0.5868482927040108 0.17024200735817407
vt 0.5859361363243433 0.14723360328131352
vt 0.6048887188796682 0.14349978332147206
vt 0.606307628803596 0.1664072733453641
vt 0.606307628803596 0.1664072733453641
vt 0.6048887188796682 0.14349978332147206
vt 0.6229291450553249 0.13855499472600652
vt 0.624753457814661 0.1613615706969298
vt 0.624753457814661 0.1613615706969298
vt 0.6229291450553249 0.13855499472600652
vt 0.6345844765733057 0.13421569044835302
vt 0.6369155428769018 0.1568204383133387
vt 0.6369155428769018 0.1568204383133387
vt 0.6345844765733057 0.13421569044835302
vt 0.6462398080912863 0.12876633158804396
vt 0.6488749265214384 0.15116925134709236
vt 0.6488749265214384 0.15116925134709236
vt 0.6462398080912863 0.12876633158804396
vt 0.6577937889004147 0.122610574356954
vt 0.660834310165975 0.14491258006303387
vt 0.660834310165975 0.14491258006303387
vt 0.6577937889004147 0.122610574356954
vt 0.6693477697095436 0.11574841875508335
vt 0.672590992392808 0.13794951040819448
vt 0.672590992392808 0.13794951040819448
vt 0.6693477697095436 0.11574841875508335
vt 0.6805976983921161 0.10858352099430668
vt 0.6841449732019365 0.1305827845414803
vt 0.6841449732019365 0.1305827845414803
vt 0.6805976983921161 0.10858352099430668
vt 0.6916449256569848 0.10061131080978047
vt 0.695496252593361 0.12240874625101672
vt 0.695496252593361 0.12240874625101672
vt 0.6916449256569848 0.10061131080978047
vt 0.7028948543395575 0.09243727251931677
vt 0.7070502334024897 0.11373013769570961
vt 0.7070502334024897 0.11373013769570961
vt 0.7028948543395575 0.09243727251931677
vt 0.7136380294778701 0.08385957801697841
vt 0.7183001620850622 0.1045469588755592
vt 0.7183001620850622 0.1045469588755592
vt 0.7136380294778701 0.08385957801697841
vt 0.7236717496542184 0.0739700008260471
vt 0.7287392850968188 0.0939509833138471
vt 0.7287392850968188 0.0939509833138471
vt 0.7236717496542184 0.0739700008260471
vt 0.7336041191217153 0.06408042363511579
vt 0.7387730052731674 0.08385957801697841
vt 0.7387730052731674 0.08385957801697841
vt 0.7336041191217153 0.06408042363511579
vt 0.7434351378803594 0.053686276179341186
vt 0.7488067254495157 0.07356634461417233
vt 0.7488067254495157 0.07356634461417233
vt 0.7434351378803594 0.053686276179341186
vt 0.7538742608921163 0.0421820741409108
vt 0.7596512512966807 0.06226397068167955
vt 0.7596512512966807 0.06226397068167955
vt 0.7538742608921163 0.0421820741409108
vt 0.7643133839038727 0.02987055967873098
vt 0.7703944264349929 0.05065885459028063
vt 0.773029544865145 0.04773234705418872
vt 0.768468762966805 0.03259523910888562
vt 0.7729281941562931 0.02744862240748258
vt 0.777387625345781 0.0421820741409108
vt 0.777387625345781 0.0421820741409108
vt 0.7729281941562931 0.02744862240748258
vt 0.7801240944847854 0.018568185746238197
vt 0.7846848763831256 0.03309980937372903
vt 0.7846848763831256 0.03309980937372903
vt 0.7801240944847854 0.018568185746238197
vt 0.7879280990663897 0.008678608555307
vt 0.7913740231673578 0.023815716500609985
vt 0.5307 0.17205846031161054
vt 0.5307 0.14905005623474987
vt 0.5550241701244814 0.1488482281288126
vt 0.5554295729598894 0.1717557181527044
vt 0.6045846667531123 0.13764676824928823
vt 0.5856320841977871 0.14127967415616094
vt 0.5858347856154911 0.1325001515478852
vt 0.6048887188796682 0.12694987863460772
vt 0.659922153786307 0.3986105092263116
vt 0.6708680303423238 0.3678317230708621
vt 0.6758342150760721 0.37277651166632797
vt 0.6639761821403873 0.4027479853980277
vt 0.8147860369121716 0.10626249777602692
vt 0.8071847337482709 0.11302373932492893
vt 0.7846848763831256 0.03309980937372903
vt 0.7913740231673578 0.023815716500609985
vt 0.5060717777489627 0.3044576978065271
vt 0.5176257585580912 0.29083430065575433
vt 0.5188419670643152 0.29779737031059383
vt 0.5084028440525589 0.3100079707198049
vt 0.5176257585580912 0.29083430065575433
vt 0.5307 0.28599042611325765
vt 0.5307 0.29345806603294045
vt 0.5188419670643152 0.29779737031059383
vt 0.5307 0.28599042611325765
vt 0.5437742414419087 0.29083430065575433
vt 0.5425580329356847 0.29779737031059383
vt 0.5307 0.29345806603294045
vt 0.5437742414419087 0.29083430065575433
vt 0.5553282222510374 0.3044576978065271
vt 0.5529971559474413 0.3100079707198049
vt 0.5425580329356847 0.29779737031059383
vt 0.5553282222510374 0.3044576978065271
vt 0.5640443832123099 0.32464050840026437
vt 0.5608011605290457 0.32837432836010594
vt 0.5529971559474413 0.3100079707198049
vt 0.5640443832123099 0.32464050840026437
vt 0.568503814401798 0.3497681075894674
vt 0.564855188883126 0.3509790762250916
vt 0.5608011605290457 0.32837432836010594
vt 0.568503814401798 0.3497681075894674
vt 0.568503814401798 0.37640941757320057
vt 0.564855188883126 0.374996620831639
vt 0.564855188883126 0.3509790762250916
vt 0.568503814401798 0.37640941757320057
vt 0.5640443832123099 0.40143610270943497
vt 0.5609025112378976 0.39760136869662477
vt 0.564855188883126 0.374996620831639
vt 0.5640443832123099 0.40143610270943497
vt 0.5554295729598894 0.421618913303172
vt 0.5530985066562932 0.4159677263369257
vt 0.5609025112378976 0.39760136869662477
vt 0.5554295729598894 0.421618913303172
vt 0.5437742414419087 0.43483865424207
vt 0.5425580329356847 0.4279764986401995
vt 0.5530985066562932 0.4159677263369257
vt 0.5437742414419087 0.43483865424207
vt 0.5307 0.4397834428375357
vt 0.5307 0.4323158029178529
vt 0.5425580329356847 0.4279764986401995
vt 0.5307 0.4397834428375357
vt 0.5176257585580912 0.43483865424207
vt 0.5188419670643152 0.4279764986401995
vt 0.5307 0.4323158029178529
vt 0.5176257585580912 0.43483865424207
vt 0.5059704270401106 0.421618913303172
vt 0.5084028440525589 0.4159677263369257
vt 0.5188419670643152 0.4279764986401995
vt 0.5059704270401106 0.421618913303172
vt 0.49735561678769025 0.40143610270943497
vt 0.5005988394709544 0.39760136869662477
vt 0.5084028440525589 0.4159677263369257
vt 0.49735561678769025 0.40143610270943497
vt 0.4928961855982019 0.37640941757320057
vt 0.49654481111687415 0.374996620831639
vt 0.5005988394709544 0.39760136869662477
vt 0.4928961855982019 0.37640941757320057
vt 0.4928961855982019 0.3497681075894674
vt 0.49654481111687415 0.3509790762250916
vt 0.49654481111687415 0.374996620831639
vt 0.4928961855982019 0.3497681075894674
vt 0.4974569674965422 0.32464050840026437
vt 0.5005988394709544 0.32837432836010594
vt 0.49654481111687415 0.3509790762250916
vt 0.4974569674965422 0.32464050840026437
vt 0.5060717777489627 0.3044576978065271
vt 0.5084028440525589 0.3100079707198049
vt 0.5005988394709544 0.32837432836010594
vt 0.5084028440525589 0.3100079707198049
vt 0.5188419670643152 0.29779737031059383
vt 0.5243149053423237 0.32797067214823117
vt 0.5187406163554634 0.33442917153822704
vt 0.5188419670643152 0.29779737031059383
vt 0.5307 0.29345806603294045
vt 0.5307 0.3256496489299512
vt 0.5243149053423237 0.32797067214823117
vt 0.5307 0.29345806603294045
vt 0.5425580329356847 0.29779737031059383
vt 0.5370850946576764 0.32797067214823117
vt 0.5307 0.3256496489299512
vt 0.5425580329356847 0.29779737031059383
vt 0.5529971559474413 0.3100079707198049
vt 0.5426593836445366 0.33442917153822704
vt 0.5370850946576764 0.32797067214823117
vt 0.5529971559474413 0.3100079707198049
vt 0.5608011605290457 0.32837432836010594
vt 0.546916113416321 0.34431874872915846
vt 0.5426593836445366 0.33442917153822704
vt 0.5608011605290457 0.32837432836010594
vt 0.564855188883126 0.3509790762250916
vt 0.549044478302213 0.3565293491383693
vt 0.546916113416321 0.34431874872915846
vt 0.564855188883126 0.3509790762250916
vt 0.564855188883126 0.374996620831639
vt 0.549044478302213 0.36944634791836106
vt 0.549044478302213 0.3565293491383693
vt 0.564855188883126 0.374996620831639
vt 0.5609025112378976 0.39760136869662477
vt 0.546916113416321 0.38165694832757224
vt 0.549044478302213 0.36944634791836106
vt 0.5609025112378976 0.39760136869662477
vt 0.5530985066562932 0.4159677263369257
vt 0.5427607343533887 0.39154652551850355
vt 0.546916113416321 0.38165694832757224
vt 0.5530985066562932 0.4159677263369257
vt 0.5425580329356847 0.4279764986401995
vt 0.5370850946576764 0.3980050249084993
vt 0.5427607343533887 0.39154652551850355
vt 0.5425580329356847 0.4279764986401995
vt 0.5307 0.4323158029178529
vt 0.5307 0.40022513407381044
vt 0.5370850946576764 0.3980050249084993
vt 0.5307 0.4323158029178529
vt 0.5188419670643152 0.4279764986401995
vt 0.5243149053423237 0.3980050249084993
vt 0.5307 0.40022513407381044
vt 0.5188419670643152 0.4279764986401995
vt 0.5084028440525589 0.4159677263369257
vt 0.5187406163554634 0.39154652551850355
vt 0.5243149053423237 0.3980050249084993
vt 0.5084028440525589 0.4159677263369257
vt 0.5005988394709544 0.39760136869662477
vt 0.5145852372925313 0.38165694832757224
vt 0.5187406163554634 0.39154652551850355
vt 0.5005988394709544 0.39760136869662477
vt 0.49654481111687415 0.374996620831639
vt 0.5123555216977871 0.36944634791836106
vt 0.5145852372925313 0.38165694832757224
vt 0.49654481111687415 0.374996620831639
vt 0.49654481111687415 0.3509790762250916
vt 0.5123555216977871 0.3565293491383693
vt 0.5123555216977871 0.36944634791836106
vt 0.49654481111687415 0.3509790762250916
vt 0.5005988394709544 0.32837432836010594
vt 0.5145852372925313 0.34431874872915846
vt 0.5123555216977871 0.3565293491383693
vt 0.5005988394709544 0.32837432836010594
vt 0.5084028440525589 0.3100079707198049
vt 0.5187406163554634 0.33442917153822704
vt 0.5145852372925313 0.34431874872915846
vt 0.579956444502075 0.473791478687983
vt 0.5909023210580913 0.471874111681578
vt 0.572355141338174 0.49679988276484355
vt 0.5580646913900414 0.4984145076123426
vt 0.5960712072095435 0.43635236503660035
vt 0.60346980895574 0.43877430230784886
vt 0.5909023210580913 0.471874111681578
vt 0.579956444502075 0.473791478687983
vt 0.6047873681708162 0.38892276014131777
vt 0.6125913727524204 0.39084012714772276
vt 0.60346980895574 0.43877430230784886
vt 0.5960712072095435 0.43635236503660035
vt 0.5974901171334717 0.2799355829351363
vt 0.6124900220435685 0.3518873027018097
vt 0.604280614626556 0.3405849287693169
vt 0.5931320366528354 0.28599042611325765
vt 0.6047873681708162 0.38892276014131777
vt 0.604280614626556 0.3405849287693169
vt 0.6124900220435685 0.3518873027018097
vt 0.6125913727524204 0.39084012714772276
vt 0.5931320366528354 0.28599042611325765
vt 0.5771186246542187 0.2474412578792191
vt 0.5767132218188105 0.22443285380235878
vt 0.5974901171334717 0.2799355829351363
vt 0.5556322743775932 0.22191000247814152
vt 0.5558349757952974 0.20647015237393251
vt 0.5767132218188105 0.22443285380235878
vt 0.5771186246542187 0.2474412578792191
vt 0.5307 0.21302956581689714
vt 0.5307 0.20061713730174857
vt 0.5558349757952974 0.20647015237393251
vt 0.5556322743775932 0.22191000247814152
vt 0.5307 0.21302956581689714
vt 0.5058690763312585 0.22191000247814152
vt 0.5055650242047025 0.20869026153924353
vt 0.5307 0.20061713730174857
vt 0.4843827260546334 0.2474412578792191
vt 0.46836931405601673 0.28599042611325765
vt 0.46390988286652834 0.2799355829351363
vt 0.48468677818118955 0.22503833812017082
vt 0.46836931405601673 0.28599042611325765
vt 0.4572207360822961 0.3405849287693169
vt 0.4489099779564316 0.35107999027806025
vt 0.46390988286652834 0.2799355829351363
vt 0.45671398253803597 0.38892276014131777
vt 0.44880862724757953 0.390739213094754
vt 0.4489099779564316 0.35107999027806025
vt 0.4572207360822961 0.3405849287693169
vt 0.45671398253803597 0.38892276014131777
vt 0.4653287927904564 0.43635236503660035
vt 0.45803154175311206 0.4385724742019115
vt 0.44880862724757953 0.390739213094754
vt 0.4653287927904564 0.43635236503660035
vt 0.4814435554979253 0.473791478687983
vt 0.4705990296507607 0.4722777678934529
vt 0.45803154175311206 0.4385724742019115
vt 0.4814435554979253 0.473791478687983
vt 0.5034366593188107 0.4984145076123426
vt 0.48904485866182573 0.49720353897671843
vt 0.4705990296507607 0.4722777678934529
vt 0.46836931405601673 0.28599042611325765
vt 0.46938282114453667 0.29254983955622205
vt 0.46097071230982023 0.3386675617629118
vt 0.4572207360822961 0.3405849287693169
vt 0.46938282114453667 0.29254983955622205
vt 0.46836931405601673 0.28599042611325765
vt 0.4843827260546334 0.2474412578792191
vt 0.4851935317254496 0.254908897798902
vt 0.4692814704356847 0.4338295137123832
vt 0.4653287927904564 0.43635236503660035
vt 0.45671398253803597 0.38892276014131777
vt 0.46086936160096825 0.38771179150569346
vt 0.5034366593188107 0.4984145076123426
vt 0.5064771805843707 0.4952861719703132
vt 0.5307 0.5044693507904638
vt 0.5307 0.5095150534388981
vt 0.5307 0.21302956581689714
vt 0.5307 0.22110269005439198
vt 0.5064771805843707 0.23018495482157364
vt 0.5058690763312585 0.22191000247814152
vt 0.5058690763312585 0.22191000247814152
vt 0.5064771805843707 0.23018495482157364
vt 0.4851935317254496 0.254908897798902
vt 0.4843827260546334 0.2474412578792191
vt 0.5064771805843707 0.4952861719703132
vt 0.5034366593188107 0.4984145076123426
vt 0.4814435554979253 0.473791478687983
vt 0.48509218101659757 0.47126862736376585
vt 0.48509218101659757 0.47126862736376585
vt 0.4814435554979253 0.473791478687983
vt 0.4653287927904564 0.43635236503660035
vt 0.4692814704356847 0.4338295137123832
vt 0.46086936160096825 0.38771179150569346
vt 0.45671398253803597 0.38892276014131777
vt 0.4572207360822961 0.3405849287693169
vt 0.46097071230982023 0.3386675617629118
vt 0.5762064682745507 0.254908897798902
vt 0.5771186246542187 0.2474412578792191
vt 0.5931320366528354 0.28599042611325765
vt 0.5920171788554633 0.29254983955622205
vt 0.604280614626556 0.3405849287693169
vt 0.6005306383990319 0.3386675617629118
vt 0.5920171788554633 0.29254983955622205
vt 0.5931320366528354 0.28599042611325765
vt 0.6005306383990319 0.38771179150569346
vt 0.6047873681708162 0.38892276014131777
vt 0.5960712072095435 0.43635236503660035
vt 0.5922198802731674 0.4338295137123832
vt 0.5307 0.5095150534388981
vt 0.5307 0.5044693507904638
vt 0.5549228194156293 0.4952861719703132
vt 0.5580646913900414 0.4984145076123426
vt 0.5922198802731674 0.4338295137123832
vt 0.5960712072095435 0.43635236503660035
vt 0.579956444502075 0.473791478687983
vt 0.5763078189834026 0.47126862736376585
vt 0.5763078189834026 0.47126862736376585
vt 0.579956444502075 0.473791478687983
vt 0.5580646913900414 0.4984145076123426
vt 0.5549228194156293 0.4952861719703132
vt 0.5556322743775932 0.22191000247814152
vt 0.5549228194156293 0.23018495482157364
vt 0.5307 0.22110269005439198
vt 0.5307 0.21302956581689714
vt 0.5771186246542187 0.2474412578792191
vt 0.5762064682745507 0.254908897798902
vt 0.5549228194156293 0.23018495482157364
vt 0.5556322743775932 0.22191000247814152
vt 0.6005306383990319 0.3386675617629118
vt 0.604280614626556 0.3405849287693169
vt 0.6047873681708162 0.38892276014131777
vt 0.6005306383990319 0.38771179150569346
vt 0.5034366593188107 0.4984145076123426
vt 0.5307 0.5095150534388981
vt 0.5039434128630706 0.5115333344982718
vt 0.48904485866182573 0.49720353897671843
vt 0.5580646913900414 0.4984145076123426
vt 0.572355141338174 0.49679988276484355
vt 0.5575579378457816 0.5115333344982718
vt 0.5307 0.5095150534388981
vt 0.45377481198132774 0.527578668920293
vt 0.4586396460062241 0.5113315063923345
vt 0.5039434128630706 0.5115333344982718
vt 0.5307 0.5277804970262303
vt 0.4586396460062241 0.5113315063923345
vt 0.45418021481673587 0.4944788595465638
vt 0.48904485866182573 0.49720353897671843
vt 0.5039434128630706 0.5115333344982718
vt 0.45418021481673587 0.4944788595465638
vt 0.4473897173236515 0.46914943225142347
vt 0.4705990296507607 0.4722777678934529
vt 0.48904485866182573 0.49720353897671843
vt 0.4473897173236515 0.46914943225142347
vt 0.4408019212482711 0.443920919009252
vt 0.45803154175311206 0.4385724742019115
vt 0.4705990296507607 0.4722777678934529
vt 0.4408019212482711 0.443920919009252
vt 0.4273222769709544 0.39588582979615705
vt 0.44880862724757953 0.390739213094754
vt 0.45803154175311206 0.4385724742019115
vt 0.44880862724757953 0.390739213094754
vt 0.4273222769709544 0.39588582979615705
vt 0.42286284578146616 0.3815560342746036
vt 0.4489099779564316 0.35107999027806025
vt 0.42286284578146616 0.3815560342746036
vt 0.47911248919432925 0.1870946542039449
vt 0.46390988286652834 0.2799355829351363
vt 0.4489099779564316 0.35107999027806025
vt 0.47911248919432925 0.1870946542039449
vt 0.4875245980290456 0.1873973963628507
vt 0.48468677818118955 0.22503833812017082
vt 0.46390988286652834 0.2799355829351363
vt 0.4875245980290456 0.1873973963628507
vt 0.5057677256224067 0.18800288068066284
vt 0.5055650242047025 0.20869026153924353
vt 0.48468677818118955 0.22503833812017082
vt 0.5057677256224067 0.18800288068066284
vt 0.5307 0.18780105257472557
vt 0.5307 0.20061713730174857
vt 0.5055650242047025 0.20869026153924353
vt 0.5307 0.20061713730174857
vt 0.5307 0.18780105257472557
vt 0.5556322743775932 0.18800288068066284
vt 0.5558349757952974 0.20647015237393251
vt 0.5558349757952974 0.20647015237393251
vt 0.5556322743775932 0.18800288068066284
vt 0.5739767526798066 0.1873973963628507
vt 0.5767132218188105 0.22443285380235878
vt 0.5767132218188105 0.22443285380235878
vt 0.5739767526798066 0.1873973963628507
vt 0.5822875108056709 0.1870946542039449
vt 0.5974901171334717 0.2799355829351363
vt 0.5974901171334717 0.2799355829351363
vt 0.5822875108056709 0.1870946542039449
vt 0.638537154218534 0.3815560342746036
vt 0.6124900220435685 0.3518873027018097
vt 0.638537154218534 0.3815560342746036
vt 0.6341790737378976 0.39588582979615705
vt 0.6125913727524204 0.39084012714772276
vt 0.6124900220435685 0.3518873027018097
vt 0.6125913727524204 0.39084012714772276
vt 0.6341790737378976 0.39588582979615705
vt 0.6205980787517289 0.443920919009252
vt 0.60346980895574 0.43877430230784886
vt 0.60346980895574 0.43877430230784886
vt 0.6205980787517289 0.443920919009252
vt 0.6140102826763486 0.46914943225142347
vt 0.5909023210580913 0.471874111681578
vt 0.5909023210580913 0.471874111681578
vt 0.6140102826763486 0.46914943225142347
vt 0.6073211358921161 0.4944788595465638
vt 0.572355141338174 0.49679988276484355
vt 0.572355141338174 0.49679988276484355
vt 0.6073211358921161 0.4944788595465638
vt 0.6027603539937759 0.5113315063923345
vt 0.5575579378457816 0.5115333344982718
vt 0.5575579378457816 0.5115333344982718
vt 0.6027603539937759 0.5113315063923345
vt 0.6077265387275244 0.527578668920293
vt 0.5307 0.5277804970262303
vt 0.49380834197787005 0.9415281141978449
vt 0.4847881288900415 0.9247763814050429
vt 0.48681514306708173 0.9206389052333268
vt 0.4904637685857538 0.9276019748881662
vt 0.4847881288900415 0.9247763814050429
vt 0.4746530580048409 0.9037862583875561
vt 0.4773895271438452 0.9013643211163076
vt 0.48681514306708173 0.9206389052333268
vt 0.4746530580048409 0.9037862583875561
vt 0.4738422523340249 0.8843098461645996
vt 0.476680072181881 0.8842089321116309
vt 0.4773895271438452 0.9013643211163076
vt 0.4738422523340249 0.8843098461645996
vt 0.47394360304287686 0.8581731064457099
vt 0.4769841243084372 0.8580721923927412
vt 0.476680072181881 0.8842089321116309
vt 0.47394360304287686 0.8581731064457099
vt 0.4728287452455049 0.8125599545038635
vt 0.47576791580221295 0.8118535561330827
vt 0.4769841243084372 0.8580721923927412
vt 0.4728287452455049 0.8125599545038635
vt 0.46938282114453667 0.7697723960451405
vt 0.4723219917012449 0.7684605133565475
vt 0.47576791580221295 0.8118535561330827
vt 0.46938282114453667 0.7697723960451405
vt 0.4653287927904564 0.7321314542878206
vt 0.4681666126383126 0.7307186575462588
vt 0.4723219917012449 0.7684605133565475
vt 0.4653287927904564 0.7321314542878206
vt 0.4613761151452283 0.696206051430968
vt 0.4642139349930844 0.6945914265834692
vt 0.4681666126383126 0.7307186575462588
vt 0.4613761151452283 0.696206051430968
vt 0.45630857970262806 0.6631062420572389
vt 0.4591463995504841 0.6612897891038025
vt 0.4642139349930844 0.6945914265834692
vt 0.45630857970262806 0.6631062420572389
vt 0.45134239496887973 0.6314192294250713
vt 0.45418021481673587 0.6295018624186663
vt 0.4591463995504841 0.6612897891038025
vt 0.45134239496887973 0.6314192294250713
vt 0.44576810598201944 0.6018514119052463
vt 0.44850457512102354 0.5998331308458724
vt 0.45418021481673587 0.6295018624186663
vt 0.44576810598201944 0.6018514119052463
vt 0.4409032719571231 0.5729899927562017
vt 0.4437410918049793 0.5707698835908908
vt 0.44850457512102354 0.5998331308458724
vt 0.4409032719571231 0.5729899927562017
vt 0.43502493084370686 0.5462477687194999
vt 0.43766004927385904 0.5438258314482515
vt 0.4437410918049793 0.5707698835908908
vt 0.43502493084370686 0.5462477687194999
vt 0.4286398361860304 0.5206155992654535
vt 0.43137630532503457 0.5179918338882676
vt 0.43766004927385904 0.5438258314482515
vt 0.4286398361860304 0.5206155992654535
vt 0.4222547415283542 0.49538708602328185
vt 0.4248898599585062 0.4926624065931273
vt 0.43137630532503457 0.5179918338882676
vt 0.4222547415283542 0.49538708602328185
vt 0.41576829616182565 0.4711677133107972
vt 0.41830206388312585 0.4682412057747053
vt 0.4248898599585062 0.4926624065931273
vt 0.41576829616182565 0.4711677133107972
vt 0.402288651884509 0.42666461595160643
vt 0.40472106889695714 0.4234353662566086
vt 0.41830206388312585 0.4682412057747053
vt 0.402288651884509 0.42666461595160643
vt 0.3950927515560167 0.40627997725193166
vt 0.39752516856846465 0.4027479853980277
vt 0.40472106889695714 0.4234353662566086
vt 0.3950927515560167 0.40627997725193166
vt 0.38333606932918396 0.37661124567913806
vt 0.3856671356327802 0.37277651166632797
vt 0.39752516856846465 0.4027479853980277
vt 0.38333606932918396 0.37661124567913806
vt 0.3715793871023513 0.34936445137759253
vt 0.37380910269709544 0.3454288033118138
vt 0.3856671356327802 0.37277651166632797
vt 0.3715793871023513 0.34936445137759253
vt 0.3637753825207468 0.3321081483199474
vt 0.365903747406639 0.32797067214823117
vt 0.37380910269709544 0.3454288033118138
vt 0.3637753825207468 0.3321081483199474
vt 0.35516057226832637 0.3159618998449574
vt 0.3570862357365145 0.3116225955673039
vt 0.365903747406639 0.32797067214823117
vt 0.35516057226832637 0.3159618998449574
vt 0.3458363070539419 0.3006229637937169
vt 0.3477619705221301 0.2960818314101261
vt 0.3570862357365145 0.3116225955673039
vt 0.3458363070539419 0.3006229637937169
vt 0.33641069113070543 0.28528402774247663
vt 0.3383363545988935 0.28074289535888575
vt 0.3477619705221301 0.2960818314101261
vt 0.33641069113070543 0.28528402774247663
vt 0.32668102308091285 0.2707524041149859
vt 0.32850533584024894 0.26600944362545753
vt 0.3383363545988935 0.28074289535888575
vt 0.32668102308091285 0.2707524041149859
vt 0.31624190006915626 0.2568262648053071
vt 0.31806621282849246 0.25208330431577897
vt 0.32850533584024894 0.26600944362545753
vt 0.31624190006915626 0.2568262648053071
vt 0.3057014263485477 0.24179007091297278
vt 0.3073230376901799 0.2365425401586012
vt 0.31806621282849246 0.25208330431577897
vt 0.3057014263485477 0.24179007091297278
vt 0.292019080653527 0.23008404076860522
vt 0.29323528915975106 0.2247355959612648
vt 0.3073230376901799 0.2365425401586012
vt 0.292019080653527 0.23008404076860522
vt 0.2788434885027663 0.21746978414751938
vt 0.28016104771784234 0.2124240814990851
vt 0.29323528915975106 0.2247355959612648
vt 0.2788434885027663 0.21746978414751938
vt 0.272154341718534 0.2092957458570558
vt 0.27448540802213006 0.2054610118442456
vt 0.28016104771784234 0.2124240814990851
vt 0.272154341718534 0.2092957458570558
vt 0.26759355982019367 0.1840672326148841
vt 0.27043137966804986 0.18225077966144776
vt 0.27448540802213006 0.2054610118442456
vt 0.26759355982019367 0.1840672326148841
vt 0.26526249351659753 0.16650818739833273
vt 0.26810031336445367 0.16509539065677115
vt 0.27043137966804986 0.18225077966144776
vt 0.26526249351659753 0.16650818739833273
vt 0.26343818075726144 0.149352798393656
vt 0.26769491052904565 0.16146248474989822
vt 0.26810031336445367 0.16509539065677115
vt 0.26343818075726144 0.149352798393656
vt 0.274080005186722 0.16085700043208617
vt 0.2727624459716459 0.1664072733453641
vt 0.26769491052904565 0.16146248474989822
vt 0.274080005186722 0.16085700043208617
vt 0.2845191281984786 0.17286577273535997
vt 0.2833029196922545 0.17791147538379426
vt 0.2727624459716459 0.1664072733453641
vt 0.2845191281984786 0.17286577273535997
vt 0.2940460948305671 0.1840672326148841
vt 0.292728535615491 0.188608364998475
vt 0.2833029196922545 0.17791147538379426
vt 0.2940460948305671 0.1840672326148841
vt 0.30337036004495166 0.1958741768122204
vt 0.3018500994121715 0.20031439514284266
vt 0.292728535615491 0.188608364998475
vt 0.30337036004495166 0.1958741768122204
vt 0.3126946252593361 0.20848843343330625
vt 0.3110730139177041 0.21282773771095975
vt 0.3018500994121715 0.20031439514284266
vt 0.3126946252593361 0.20848843343330625
vt 0.3220188904737206 0.22251548679595357
vt 0.3200932270055326 0.2268547910736073
vt 0.3110730139177041 0.21282773771095975
vt 0.3220188904737206 0.22251548679595357
vt 0.33124180497925304 0.23734985258235053
vt 0.329214790802213 0.24179007091297278
vt 0.3200932270055326 0.2268547910736073
vt 0.33124180497925304 0.23734985258235053
vt 0.34016066735822964 0.25208330431577897
vt 0.3381336531811895 0.256523522646401
vt 0.329214790802213 0.24179007091297278
vt 0.34016066735822964 0.25208330431577897
vt 0.3488768283195022 0.2676240684729565
vt 0.34674846343360993 0.2719633727506101
vt 0.3381336531811895 0.256523522646401
vt 0.3488768283195022 0.2676240684729565
vt 0.3575929892807746 0.28387123100091494
vt 0.35546462439488247 0.2881096212255999
vt 0.34674846343360993 0.2719633727506101
vt 0.3575929892807746 0.28387123100091494
vt 0.36600509811549103 0.30072387784668564
vt 0.3638767332295988 0.3047604399654331
vt 0.35546462439488247 0.2881096212255999
vt 0.36600509811549103 0.30072387784668564
vt 0.3741131548236515 0.3178792668513625
vt 0.3718834392289073 0.3218149149171412
vt 0.3638767332295988 0.3047604399654331
vt 0.3741131548236515 0.3178792668513625
vt 0.38181580869640386 0.33574105422682
vt 0.3794847423928078 0.3395757882396301
vt 0.3718834392289073 0.3218149149171412
vt 0.38181580869640386 0.33574105422682
vt 0.3928630359612725 0.3641988171639895
vt 0.3905319696576765 0.3678317230708621
vt 0.3794847423928078 0.3395757882396301
vt 0.3928630359612725 0.3641988171639895
vt 0.4039102632261411 0.39517943142537626
vt 0.401477846213693 0.3986105092263116
vt 0.3905319696576765 0.3678317230708621
vt 0.4039102632261411 0.39517943142537626
vt 0.4105994100103735 0.41667412470770626
vt 0.4080656422890733 0.4198024603497358
vt 0.401477846213693 0.3986105092263116
vt 0.4105994100103735 0.41667412470770626
vt 0.4235723007434302 0.4623881907025216
vt 0.42093718231327804 0.4653146982386135
vt 0.4080656422890733 0.4198024603497358
vt 0.4235723007434302 0.4623881907025216
vt 0.42995739540110656 0.48711213367984973
vt 0.42742362767980635 0.48983681311000404
vt 0.42093718231327804 0.4653146982386135
vt 0.42995739540110656 0.48711213367984973
vt 0.4366465421853389 0.5123406469220213
vt 0.4340114237551867 0.5150653263521757
vt 0.42742362767980635 0.48983681311000404
vt 0.4366465421853389 0.5123406469220213
vt 0.4434370396784232 0.5378719023230989
vt 0.4407005705394192 0.5404956677002847
vt 0.4340114237551867 0.5150653263521757
vt 0.4434370396784232 0.5378719023230989
vt 0.4499234850449516 0.5641095560949574
vt 0.4472883666147994 0.5667333214721433
vt 0.4407005705394192 0.5404956677002847
vt 0.4499234850449516 0.5641095560949574
vt 0.45630857970262806 0.5917600066083775
vt 0.4535721105636238 0.594181943879626
vt 0.4472883666147994 0.5667333214721433
vt 0.45630857970262806 0.5917600066083775
vt 0.4622882715248964 0.6209241679163279
vt 0.4595518023858921 0.6231442770816391
vt 0.4535721105636238 0.594181943879626
vt 0.4622882715248964 0.6209241679163279
vt 0.46806526192946063 0.6516020400188086
vt 0.4653287927904564 0.6537212351311511
vt 0.4595518023858921 0.6231442770816391
vt 0.46806526192946063 0.6516020400188086
vt 0.47353820020746884 0.683995451021757
vt 0.4707003803596127 0.685912818028162
vt 0.4653287927904564 0.6537212351311511
vt 0.47353820020746884 0.683995451021757
vt 0.47860573565006914 0.7183062290311104
vt 0.475666565093361 0.7202235960375154
vt 0.4707003803596127 0.685912818028162
vt 0.47860573565006914 0.7183062290311104
vt 0.4832678682572614 0.7543325459409316
vt 0.4804300484094053 0.7560480848413992
vt 0.475666565093361 0.7202235960375154
vt 0.4832678682572614 0.7543325459409316
vt 0.4876259487378977 0.7943954249695
vt 0.4847881288900415 0.7957073076580929
vt 0.4804300484094053 0.7560480848413992
vt 0.4876259487378977 0.7943954249695
vt 0.49107187283886583 0.8344583039980685
vt 0.4882340529910097 0.8354674445277555
vt 0.4847881288900415 0.7957073076580929
vt 0.49107187283886583 0.8344583039980685
vt 0.49249078276279395 0.8554484270155553
vt 0.48985566433264177 0.8560539113333675
vt 0.4882340529910097 0.8354674445277555
vt 0.49249078276279395 0.8554484270155553
vt 0.49340293914246197 0.8765394640860109
vt 0.49086917142116193 0.8766403781389794
vt 0.48985566433264177 0.8560539113333675
vt 0.49340293914246197 0.8765394640860109
vt 0.493706991269018 0.908024648612241
vt 0.49066647000345787 0.9077219064533348
vt 0.49086917142116193 0.8766403781389794
vt 0.493706991269018 0.908024648612241
vt 0.49380834197787005 0.9415281141978449
vt 0.4904637685857538 0.9276019748881662
vt 0.49066647000345787 0.9077219064533348
vt 0.5063758298755187 0.1488482281288126
vt 0.4882340529910097 0.1481418297580317
vt 0.4883354036998618 0.14218790063287912
vt 0.5064771805843707 0.14289429900366002
vt 0.4882340529910097 0.1481418297580317
vt 0.47556521438450905 0.14723360328131352
vt 0.47576791580221295 0.14127967415616094
vt 0.4883354036998618 0.14218790063287912
vt 0.47556521438450905 0.14723360328131352
vt 0.456511281120332 0.14349978332147206
vt 0.45691668395574003 0.13764676824928823
vt 0.47576791580221295 0.14127967415616094
vt 0.456511281120332 0.14349978332147206
vt 0.438572205653527 0.13855499472600652
vt 0.43897760848893497 0.13260106560085405
vt 0.45691668395574003 0.13764676824928823
vt 0.438572205653527 0.13855499472600652
vt 0.4268155234266944 0.13421569044835302
vt 0.42742362767980635 0.1283626753761692
vt 0.43897760848893497 0.13260106560085405
vt 0.4268155234266944 0.13421569044835302
vt 0.41526154261756576 0.12876633158804396
vt 0.4159709975795297 0.12291331651586024
vt 0.42742362767980635 0.1283626753761692
vt 0.41526154261756576 0.12876633158804396
vt 0.40360621109958505 0.122610574356954
vt 0.40441701677040115 0.11675755928477027
vt 0.4159709975795297 0.12291331651586024
vt 0.40360621109958505 0.122610574356954
vt 0.3921535809993085 0.11574841875508335
vt 0.39296438667012445 0.1098954036828994
vt 0.40441701677040115 0.11675755928477027
vt 0.3921535809993085 0.11574841875508335
vt 0.38090365231673584 0.10858352099430668
vt 0.3817144579875518 0.10273050592212285
vt 0.39296438667012445 0.1098954036828994
vt 0.38090365231673584 0.10858352099430668
vt 0.36985642505186717 0.10061131080978047
vt 0.37066723072268326 0.09485920979056506
vt 0.3817144579875518 0.10273050592212285
vt 0.36985642505186717 0.10061131080978047
vt 0.35850514566044267 0.09243727251931677
vt 0.3594173020401107 0.08688699960603896
vt 0.37066723072268326 0.09485920979056506
vt 0.35850514566044267 0.09243727251931677
vt 0.3477619705221301 0.08385957801697841
vt 0.3488768283195022 0.07871296131557526
vt 0.3594173020401107 0.08688699960603896
vt 0.3477619705221301 0.08385957801697841
vt 0.33772825034578147 0.0739700008260471
vt 0.3389444588520055 0.06922704033651883
vt 0.3488768283195022 0.07871296131557526
vt 0.33772825034578147 0.0739700008260471
vt 0.32779588087828493 0.06408042363511579
vt 0.32911344009336096 0.05953929125152502
vt 0.3389444588520055 0.06922704033651883
vt 0.32779588087828493 0.06408042363511579
vt 0.31806621282849246 0.053686276179341186
vt 0.31958647346127245 0.048943315689812805
vt 0.32911344009336096 0.05953929125152502
vt 0.31806621282849246 0.053686276179341186
vt 0.30752573910788383 0.0421820741409108
vt 0.3092487011583679 0.03703545743950787
vt 0.31958647346127245 0.048943315689812805
vt 0.30752573910788383 0.0421820741409108
vt 0.2971879668049793 0.02987055967873098
vt 0.30448521784232363 0.030879700208418015
vt 0.3092487011583679 0.03703545743950787
vt 0.2971879668049793 0.02987055967873098
vt 0.30549872493084373 0.02401754460654737
vt 0.3063095306016598 0.029567817519825068
vt 0.30448521784232363 0.030879700208418015
vt 0.30549872493084373 0.02401754460654737
vt 0.3142148858921161 0.01897184195811319
vt 0.3149243408540803 0.02472394297732805
vt 0.3063095306016598 0.029567817519825068
vt 0.3142148858921161 0.01897184195811319
vt 0.32728912733402493 0.013825225256710039
vt 0.3268837244986169 0.019779154381862507
vt 0.3149243408540803 0.02472394297732805
vt 0.32728912733402493 0.013825225256710039
vt 0.3345863783713693 0.021292865176392728
vt 0.33306611773858924 0.026237653771858493
vt 0.3268837244986169 0.019779154381862507
vt 0.3345863783713693 0.021292865176392728
vt 0.346647112724758 0.03733819959841389
vt 0.3450255013831258 0.0421820741409108
vt 0.33306611773858924 0.026237653771858493
vt 0.346647112724758 0.03733819959841389
vt 0.3587078470781466 0.05469541670902822
vt 0.3571875864453665 0.060043861516368424
vt 0.3450255013831258 0.0421820741409108
vt 0.3587078470781466 0.05469541670902822
vt 0.37066723072268326 0.06549322037667771
vt 0.3695523729253112 0.07094257923698666
vt 0.3571875864453665 0.060043861516368424
vt 0.37066723072268326 0.06549322037667771
vt 0.38211986082295984 0.07639193809729572
vt 0.3810050030255878 0.08184129695760489
vt 0.3695523729253112 0.07094257923698666
vt 0.38211986082295984 0.07639193809729572
vt 0.39347114021438456 0.08567603097041465
vt 0.39245763312586446 0.09122630388369268
vt 0.3810050030255878 0.08184129695760489
vt 0.39347114021438456 0.08567603097041465
vt 0.40492377031466115 0.09425372547275301
vt 0.4039102632261411 0.09980399838603082
vt 0.39245763312586446 0.09122630388369268
vt 0.40492377031466115 0.09425372547275301
vt 0.41637640041493784 0.10252867781618547
vt 0.4154642440352697 0.10817986478243191
vt 0.4039102632261411 0.09980399838603082
vt 0.41637640041493784 0.10252867781618547
vt 0.42782903051521437 0.10918900531211873
vt 0.42711957555325036 0.11494110633133381
vt 0.4154642440352697 0.10817986478243191
vt 0.42782903051521437 0.10918900531211873
vt 0.43928166061549107 0.11433562201352188
vt 0.43867355636237904 0.1201886370857056
vt 0.42711957555325036 0.11494110633133381
vt 0.43928166061549107 0.11433562201352188
vt 0.4571193853734439 0.12109686356242377
vt 0.456612631829184 0.12694987863460772
vt 0.43867355636237904 0.1201886370857056
vt 0.4571193853734439 0.12109686356242377
vt 0.47597061721991707 0.12664713647570147
vt 0.475666565093361 0.1325001515478852
vt 0.456612631829184 0.12694987863460772
vt 0.47597061721991707 0.12664713647570147
vt 0.4885381051175657 0.12896815969398134
vt 0.4882340529910097 0.13492208881913392
vt 0.475666565093361 0.1325001515478852
vt 0.4885381051175657 0.12896815969398134
vt 0.5065785312932227 0.13149101101819838
vt 0.5063758298755187 0.13744494014335085
vt 0.4882340529910097 0.13492208881913392
vt 0.5065785312932227 0.13149101101819838
vt 0.5307 0.13219740938897917
vt 0.5307 0.13815133851413175
vt 0.5063758298755187 0.13744494014335085
vt 0.5307 0.13219740938897917
vt 0.5549228194156293 0.13149101101819838
vt 0.5550241701244814 0.13744494014335085
vt 0.5307 0.13815133851413175
vt 0.5549228194156293 0.13149101101819838
vt 0.5729632455912863 0.12896815969398134
vt 0.5731659470089903 0.13492208881913392
vt 0.5550241701244814 0.13744494014335085
vt 0.5729632455912863 0.12896815969398134
vt 0.5854293827800829 0.12664713647570147
vt 0.5858347856154911 0.1325001515478852
vt 0.5731659470089903 0.13492208881913392
vt 0.5854293827800829 0.12664713647570147
vt 0.6043819653354083 0.12109686356242377
vt 0.6048887188796682 0.12694987863460772
vt 0.5858347856154911 0.1325001515478852
vt 0.6043819653354083 0.12109686356242377
vt 0.6221183393845091 0.11433562201352188
vt 0.6227264436376211 0.1201886370857056
vt 0.6048887188796682 0.12694987863460772
vt 0.6221183393845091 0.11433562201352188
vt 0.6335709694847856 0.10918900531211873
vt 0.6343817751556018 0.11494110633133381
vt 0.6227264436376211 0.1201886370857056
vt 0.6335709694847856 0.10918900531211873
vt 0.6450235995850622 0.10252867781618547
vt 0.6459357559647301 0.10817986478243191
vt 0.6343817751556018 0.11494110633133381
vt 0.6450235995850622 0.10252867781618547
vt 0.656476229685339 0.09425372547275301
vt 0.6574897367738589 0.09980399838603082
vt 0.6459357559647301 0.10817986478243191
vt 0.656476229685339 0.09425372547275301
vt 0.6679288597856157 0.08567603097041465
vt 0.6690437175829876 0.09122630388369268
vt 0.6574897367738589 0.09980399838603082
vt 0.6679288597856157 0.08567603097041465
vt 0.67928013917704 0.07639193809729572
vt 0.6804963476832644 0.08184129695760489
vt 0.6690437175829876 0.09122630388369268
vt 0.67928013917704 0.07639193809729572
vt 0.6907327692773166 0.06549322037667771
vt 0.6919489777835408 0.07094257923698666
vt 0.6804963476832644 0.08184129695760489
vt 0.6907327692773166 0.06549322037667771
vt 0.7026921529218534 0.05469541670902822
vt 0.7042124135546335 0.060043861516368424
vt 0.6919489777835408 0.07094257923698666
vt 0.7026921529218534 0.05469541670902822
vt 0.7147528872752422 0.03733819959841389
vt 0.7164758493257264 0.0421820741409108
vt 0.7042124135546335 0.060043861516368424
vt 0.7147528872752422 0.03733819959841389
vt 0.7269149723374827 0.021292865176392728
vt 0.7283338822614109 0.026237653771858493
vt 0.7164758493257264 0.0421820741409108
vt 0.7269149723374827 0.021292865176392728
vt 0.734212223374827 0.013724311203741402
vt 0.7346176262102351 0.019779154381862507
vt 0.7283338822614109 0.026237653771858493
vt 0.734212223374827 0.013724311203741402
vt 0.7471851141078836 0.01897184195811319
vt 0.7465770098547715 0.02472394297732805
vt 0.7346176262102351 0.019779154381862507
vt 0.7471851141078836 0.01897184195811319
vt 0.7560026257780081 0.02401754460654737
vt 0.7551918201071921 0.029567817519825068
vt 0.7465770098547715 0.02472394297732805
vt 0.7560026257780081 0.02401754460654737
vt 0.7643133839038727 0.02987055967873098
vt 0.7569147821576763 0.030879700208418015
vt 0.7551918201071921 0.029567817519825068
vt 0.7643133839038727 0.02987055967873098
vt 0.7538742608921163 0.0421820741409108
vt 0.7521512988416319 0.03703545743950787
vt 0.7569147821576763 0.030879700208418015
vt 0.7538742608921163 0.0421820741409108
vt 0.7434351378803594 0.053686276179341186
vt 0.7419148772475794 0.048943315689812805
vt 0.7521512988416319 0.03703545743950787
vt 0.7434351378803594 0.053686276179341186
vt 0.7336041191217153 0.06408042363511579
vt 0.732286559906639 0.05953929125152502
vt 0.7419148772475794 0.048943315689812805
vt 0.7336041191217153 0.06408042363511579
vt 0.7236717496542184 0.0739700008260471
vt 0.7224555411479945 0.06922704033651883
vt 0.732286559906639 0.05953929125152502
vt 0.7236717496542184 0.0739700008260471
vt 0.7136380294778701 0.08385957801697841
vt 0.712523171680498 0.07871296131557526
vt 0.7224555411479945 0.06922704033651883
vt 0.7136380294778701 0.08385957801697841
vt 0.7028948543395575 0.09243727251931677
vt 0.7019826979598894 0.08688699960603896
vt 0.712523171680498 0.07871296131557526
vt 0.7028948543395575 0.09243727251931677
vt 0.6916449256569848 0.10061131080978047
vt 0.6907327692773166 0.09485920979056506
vt 0.7019826979598894 0.08688699960603896
vt 0.6916449256569848 0.10061131080978047
vt 0.6805976983921161 0.10858352099430668
vt 0.6796855420124481 0.10273050592212285
vt 0.6907327692773166 0.09485920979056506
vt 0.6805976983921161 0.10858352099430668
vt 0.6693477697095436 0.11574841875508335
vt 0.6685369640387276 0.1098954036828994
vt 0.6796855420124481 0.10273050592212285
vt 0.6693477697095436 0.11574841875508335
vt 0.6577937889004147 0.122610574356954
vt 0.6570843339384509 0.11675755928477027
vt 0.6685369640387276 0.1098954036828994
vt 0.6577937889004147 0.122610574356954
vt 0.6462398080912863 0.12876633158804396
vt 0.6455303531293223 0.12291331651586024
vt 0.6570843339384509 0.11675755928477027
vt 0.6462398080912863 0.12876633158804396
vt 0.6345844765733057 0.13421569044835302
vt 0.6339763723201937 0.1283626753761692
vt 0.6455303531293223 0.12291331651586024
vt 0.6345844765733057 0.13421569044835302
vt 0.6229291450553249 0.13855499472600652
vt 0.622422391511065 0.13260106560085405
vt 0.6339763723201937 0.1283626753761692
vt 0.6229291450553249 0.13855499472600652
vt 0.6048887188796682 0.14349978332147206
vt 0.6045846667531123 0.13764676824928823
vt 0.622422391511065 0.13260106560085405
vt 0.6048887188796682 0.14349978332147206
vt 0.5859361363243433 0.14723360328131352
vt 0.5856320841977871 0.14127967415616094
vt 0.6045846667531123 0.13764676824928823
vt 0.5859361363243433 0.14723360328131352
vt 0.5732672977178424 0.1481418297580317
vt 0.5730645963001384 0.14218790063287912
vt 0.5856320841977871 0.14127967415616094
vt 0.5732672977178424 0.1481418297580317
vt 0.5550241701244814 0.1488482281288126
vt 0.5550241701244814 0.14289429900366002
vt 0.5730645963001384 0.14218790063287912
vt 0.5550241701244814 0.1488482281288126
vt 0.5307 0.14905005623474987
vt 0.5307 0.14319704116256593
vt 0.5550241701244814 0.14289429900366002
vt 0.5307 0.14905005623474987
vt 0.5063758298755187 0.1488482281288126
vt 0.5064771805843707 0.14289429900366002
vt 0.5307 0.14319704116256593
vt 0.587659098374827 0.8843098461645996
vt 0.5868482927040108 0.9037862583875561
vt 0.5841118235650069 0.9013643211163076
vt 0.584719927818119 0.8842089321116309
vt 0.5868482927040108 0.9037862583875561
vt 0.5767132218188105 0.9247763814050429
vt 0.5745848569329184 0.9206389052333268
vt 0.5841118235650069 0.9013643211163076
vt 0.5767132218188105 0.9247763814050429
vt 0.567693008730982 0.9415281141978449
vt 0.5710375821230982 0.9276019748881662
vt 0.5745848569329184 0.9206389052333268
vt 0.567693008730982 0.9415281141978449
vt 0.567693008730982 0.908024648612241
vt 0.5707335299965424 0.9077219064533348
vt 0.5710375821230982 0.9276019748881662
vt 0.567693008730982 0.908024648612241
vt 0.567997060857538 0.8765394640860109
vt 0.5706321792876903 0.8766403781389794
vt 0.5707335299965424 0.9077219064533348
vt 0.567997060857538 0.8765394640860109
vt 0.5689092172372061 0.8554484270155553
vt 0.5715443356673582 0.8560539113333675
vt 0.5706321792876903 0.8766403781389794
vt 0.5689092172372061 0.8554484270155553
vt 0.5704294778699863 0.8344583039980685
vt 0.5732672977178424 0.8354674445277555
vt 0.5715443356673582 0.8560539113333675
vt 0.5704294778699863 0.8344583039980685
vt 0.5737740512621026 0.7943954249695
vt 0.5767132218188105 0.7957073076580929
vt 0.5732672977178424 0.8354674445277555
vt 0.5737740512621026 0.7943954249695
vt 0.5781321317427388 0.7543325459409316
vt 0.5809699515905948 0.7560480848413992
vt 0.5767132218188105 0.7957073076580929
vt 0.5781321317427388 0.7543325459409316
vt 0.582794264349931 0.7183062290311104
vt 0.585733434906639 0.7202235960375154
vt 0.5809699515905948 0.7560480848413992
vt 0.582794264349931 0.7183062290311104
vt 0.5878617997925311 0.683995451021757
vt 0.5906996196403873 0.685912818028162
vt 0.585733434906639 0.7202235960375154
vt 0.5878617997925311 0.683995451021757
vt 0.5933347380705396 0.6516020400188086
vt 0.5961725579183956 0.6537212351311511
vt 0.5906996196403873 0.685912818028162
vt 0.5933347380705396 0.6516020400188086
vt 0.5991117284751036 0.6209241679163279
vt 0.6018481976141079 0.6231442770816391
vt 0.5961725579183956 0.6537212351311511
vt 0.5991117284751036 0.6209241679163279
vt 0.605192771006224 0.5917600066083775
vt 0.6079292401452283 0.594181943879626
vt 0.6018481976141079 0.6231442770816391
vt 0.605192771006224 0.5917600066083775
vt 0.6114765149550485 0.5641095560949574
vt 0.6142129840940527 0.5667333214721433
vt 0.6079292401452283 0.594181943879626
vt 0.6114765149550485 0.5641095560949574
vt 0.6180643110304287 0.5378719023230989
vt 0.6206994294605812 0.5404956677002847
vt 0.6142129840940527 0.5667333214721433
vt 0.6180643110304287 0.5378719023230989
vt 0.624753457814661 0.5123406469220213
vt 0.6273885762448133 0.5150653263521757
vt 0.6206994294605812 0.5404956677002847
vt 0.624753457814661 0.5123406469220213
vt 0.6314426045988935 0.48711213367984973
vt 0.6340777230290457 0.48983681311000404
vt 0.6273885762448133 0.5150653263521757
vt 0.6314426045988935 0.48711213367984973
vt 0.637929049965422 0.4623881907025216
vt 0.640462817686722 0.4653146982386135
vt 0.6340777230290457 0.48983681311000404
vt 0.637929049965422 0.4623881907025216
vt 0.6508005899896266 0.41667412470770626
vt 0.6533343577109267 0.4198024603497358
vt 0.640462817686722 0.4653146982386135
vt 0.6508005899896266 0.41667412470770626
vt 0.6574897367738589 0.39517943142537626
vt 0.659922153786307 0.3986105092263116
vt 0.6533343577109267 0.4198024603497358
vt 0.6574897367738589 0.39517943142537626
vt 0.6685369640387276 0.3641988171639895
vt 0.6708680303423238 0.3678317230708621
vt 0.659922153786307 0.3986105092263116
vt 0.6685369640387276 0.3641988171639895
vt 0.6796855420124481 0.33574105422682
vt 0.6819152576071923 0.3395757882396301
vt 0.6708680303423238 0.3678317230708621
vt 0.6796855420124481 0.33574105422682
vt 0.6872868451763486 0.3178792668513625
vt 0.6895165607710927 0.3218149149171412
vt 0.6819152576071923 0.3395757882396301
vt 0.6872868451763486 0.3178792668513625
vt 0.6953949018845091 0.3006229637937169
vt 0.6976246174792533 0.3047604399654331
vt 0.6895165607710927 0.3218149149171412
vt 0.6953949018845091 0.3006229637937169
vt 0.7038070107192254 0.28387123100091494
vt 0.7060367263139695 0.2881096212255999
vt 0.6976246174792533 0.3047604399654331
vt 0.7038070107192254 0.28387123100091494
vt 0.712523171680498 0.2676240684729565
vt 0.7146515365663904 0.2719633727506101
vt 0.7060367263139695 0.2881096212255999
vt 0.712523171680498 0.2676240684729565
vt 0.7212393326417704 0.25208330431577897
vt 0.7233676975276625 0.256523522646401
vt 0.7146515365663904 0.2719633727506101
vt 0.7212393326417704 0.25208330431577897
vt 0.730158195020747 0.23734985258235053
vt 0.7321852091977872 0.24179007091297278
vt 0.7233676975276625 0.256523522646401
vt 0.730158195020747 0.23734985258235053
vt 0.7393811095262797 0.22251548679595357
vt 0.7413067729944676 0.2268547910736073
vt 0.7321852091977872 0.24179007091297278
vt 0.7393811095262797 0.22251548679595357
vt 0.7487053747406638 0.20848843343330625
vt 0.750428336791148 0.21282773771095975
vt 0.7413067729944676 0.2268547910736073
vt 0.7487053747406638 0.20848843343330625
vt 0.7581309906639002 0.1958741768122204
vt 0.7595499005878283 0.20031439514284266
vt 0.750428336791148 0.21282773771095975
vt 0.7581309906639002 0.1958741768122204
vt 0.7673539051694327 0.1840672326148841
vt 0.768671464384509 0.188608364998475
vt 0.7595499005878283 0.20031439514284266
vt 0.7673539051694327 0.1840672326148841
vt 0.7768808718015214 0.17286577273535997
vt 0.7781984310165977 0.17791147538379426
vt 0.768671464384509 0.188608364998475
vt 0.7768808718015214 0.17286577273535997
vt 0.7873199948132779 0.16085700043208617
vt 0.7886375540283539 0.1664072733453641
vt 0.7781984310165977 0.17791147538379426
vt 0.7873199948132779 0.16085700043208617
vt 0.7979618192427385 0.149352798393656
vt 0.7937050894709541 0.16146248474989822
vt 0.7886375540283539 0.1664072733453641
vt 0.7979618192427385 0.149352798393656
vt 0.7962388571922541 0.16650818739833273
vt 0.7934010373443983 0.16509539065677115
vt 0.7937050894709541 0.16146248474989822
vt 0.7962388571922541 0.16650818739833273
vt 0.793806440179806 0.1840672326148841
vt 0.791069971040802 0.18225077966144776
vt 0.7934010373443983 0.16509539065677115
vt 0.793806440179806 0.1840672326148841
vt 0.7893470089903176 0.2092957458570558
vt 0.7870159426867218 0.2054610118442456
vt 0.791069971040802 0.18225077966144776
vt 0.7893470089903176 0.2092957458570558
vt 0.7825565114972335 0.21746978414751938
vt 0.7812389522821577 0.2124240814990851
vt 0.7870159426867218 0.2054610118442456
vt 0.7825565114972335 0.21746978414751938
vt 0.7693809193464729 0.23008404076860522
vt 0.768164710840249 0.2247355959612648
vt 0.7812389522821577 0.2124240814990851
vt 0.7693809193464729 0.23008404076860522
vt 0.7556985736514521 0.24179007091297278
vt 0.7541783130186721 0.2365425401586012
vt 0.768164710840249 0.2247355959612648
vt 0.7556985736514521 0.24179007091297278
vt 0.7451580999308434 0.2568262648053071
vt 0.7433337871715076 0.2519823902628101
vt 0.7541783130186721 0.2365425401586012
vt 0.7451580999308434 0.2568262648053071
vt 0.7347189769190872 0.2707524041149859
vt 0.732996014868603 0.26600944362545753
vt 0.7433337871715076 0.2519823902628101
vt 0.7347189769190872 0.2707524041149859
vt 0.7249893088692947 0.28528402774247663
vt 0.7231649961099585 0.28074289535888575
vt 0.732996014868603 0.26600944362545753
vt 0.7249893088692947 0.28528402774247663
vt 0.7155636929460583 0.3006229637937169
vt 0.7136380294778701 0.2960818314101261
vt 0.7231649961099585 0.28074289535888575
vt 0.7155636929460583 0.3006229637937169
vt 0.7063407784405256 0.3159618998449574
vt 0.7043137642634854 0.3116225955673039
vt 0.7136380294778701 0.2960818314101261
vt 0.7063407784405256 0.3159618998449574
vt 0.6977259681881053 0.3321081483199474
vt 0.6955976033022131 0.32797067214823117
vt 0.7043137642634854 0.3116225955673039
vt 0.6977259681881053 0.3321081483199474
vt 0.6898206128976487 0.34936445137759253
vt 0.6875908973029046 0.3454288033118138
vt 0.6955976033022131 0.32797067214823117
vt 0.6898206128976487 0.34936445137759253
vt 0.6780639306708163 0.37661124567913806
vt 0.6758342150760721 0.37277651166632797
vt 0.6875908973029046 0.3454288033118138
vt 0.6780639306708163 0.37661124567913806
vt 0.6663072484439836 0.40627997725193166
vt 0.6639761821403873 0.4027479853980277
vt 0.6758342150760721 0.37277651166632797
vt 0.6663072484439836 0.40627997725193166
vt 0.6592126988243431 0.42666461595160643
vt 0.656678931103043 0.4234353662566086
vt 0.6639761821403873 0.4027479853980277
vt 0.6592126988243431 0.42666461595160643
vt 0.6457330545470261 0.4711677133107972
vt 0.6430979361168743 0.4682412057747053
vt 0.656678931103043 0.4234353662566086
vt 0.6457330545470261 0.4711677133107972
vt 0.6391452584716462 0.49538708602328185
vt 0.6366114907503457 0.4926624065931273
vt 0.6430979361168743 0.4682412057747053
vt 0.6391452584716462 0.49538708602328185
vt 0.6327601638139695 0.5206155992654535
vt 0.6301250453838175 0.5179918338882676
vt 0.6366114907503457 0.4926624065931273
vt 0.6327601638139695 0.5206155992654535
vt 0.6264764198651451 0.5462477687194999
vt 0.6237399507261412 0.5438258314482515
vt 0.6301250453838175 0.5179918338882676
vt 0.6264764198651451 0.5462477687194999
vt 0.6204967280428768 0.5729899927562017
vt 0.6177602589038729 0.5707698835908908
vt 0.6237399507261412 0.5438258314482515
vt 0.6204967280428768 0.5729899927562017
vt 0.6157332447268327 0.6018514119052463
vt 0.6128954248789764 0.5998331308458724
vt 0.6177602589038729 0.5707698835908908
vt 0.6157332447268327 0.6018514119052463
vt 0.6100576050311204 0.6314192294250713
vt 0.6072197851832644 0.6295018624186663
vt 0.6128954248789764 0.5998331308458724
vt 0.6100576050311204 0.6314192294250713
vt 0.6050914202973721 0.6631062420572389
vt 0.6022536004495158 0.6612897891038025
vt 0.6072197851832644 0.6295018624186663
vt 0.6050914202973721 0.6631062420572389
vt 0.6000238848547716 0.696206051430968
vt 0.5971860650069156 0.6945914265834692
vt 0.6022536004495158 0.6612897891038025
vt 0.6000238848547716 0.696206051430968
vt 0.5961725579183956 0.7321314542878206
vt 0.5932333873616875 0.7307186575462588
vt 0.5971860650069156 0.6945914265834692
vt 0.5961725579183956 0.7321314542878206
vt 0.5920171788554633 0.7697723960451405
vt 0.5890780082987553 0.7684605133565475
vt 0.5932333873616875 0.7307186575462588
vt 0.5920171788554633 0.7697723960451405
vt 0.5886726054633471 0.8125599545038635
vt 0.5856320841977871 0.8118535561330827
vt 0.5890780082987553 0.7684605133565475
vt 0.5886726054633471 0.8125599545038635
vt 0.5874563969571232 0.8581731064457099
vt 0.5845172264004147 0.8580721923927412
vt 0.5856320841977871 0.8118535561330827
vt 0.5874563969571232 0.8581731064457099
vt 0.587659098374827 0.8843098461645996
vt 0.584719927818119 0.8842089321116309
vt 0.5845172264004147 0.8580721923927412
vt 0.2910055735650069 0.05065885459028063
vt 0.2692151711618258 0.12826176132320055
vt 0.2665800527316736 0.1252343397341399
vt 0.28837045513485476 0.04773234705418872
vt 0.2692151711618258 0.12826176132320055
vt 0.26343818075726144 0.149352798393656
vt 0.26242467366874134 0.1408760179442864
vt 0.2665800527316736 0.1252343397341399
vt 0.26343818075726144 0.149352798393656
vt 0.256546332555325 0.14127967415616094
vt 0.2579652424792531 0.13603214340178937
vt 0.26242467366874134 0.1408760179442864
vt 0.256546332555325 0.14127967415616094
vt 0.2490463801002767 0.13361020613054075
vt 0.25036393931535267 0.1283626753761692
vt 0.2579652424792531 0.13603214340178937
vt 0.2490463801002767 0.13361020613054075
vt 0.23759375 0.12230783219804786
vt 0.24195183048063623 0.11998680897976832
vt 0.25036393931535267 0.1283626753761692
vt 0.23759375 0.12230783219804786
vt 0.24408019536652836 0.10313416213399751
vt 0.2466139630878285 0.10626249777602692
vt 0.24195183048063623 0.11998680897976832
vt 0.24408019536652836 0.10313416213399751
vt 0.26739085840248966 0.021091037070455454
vt 0.27002597683264173 0.023815716500609985
vt 0.2466139630878285 0.10626249777602692
vt 0.26739085840248966 0.021091037070455454
vt 0.2722556924273859 0
vt 0.2734719009336099 0.008678608555307
vt 0.27002597683264173 0.023815716500609985
vt 0.2722556924273859 0
vt 0.2828975168568465 0.013522483097803906
vt 0.2813772562240664 0.018568185746238197
vt 0.2734719009336099 0.008678608555307
vt 0.2828975168568465 0.013522483097803906
vt 0.2900934171853389 0.022302005706079653
vt 0.2885731565525588 0.02744862240748258
vt 0.2813772562240664 0.018568185746238197
vt 0.2900934171853389 0.022302005706079653
vt 0.2971879668049793 0.02987055967873098
vt 0.29293123703319496 0.03259523910888562
vt 0.2885731565525588 0.02744862240748258
vt 0.2971879668049793 0.02987055967873098
vt 0.2910055735650069 0.05065885459028063
vt 0.28837045513485476 0.04773234705418872
vt 0.29293123703319496 0.03259523910888562
vt 0.5057677256224067 0.9419317704097196
vt 0.5556322743775932 0.9419317704097196
vt 0.5555309236687413 0.9476838714289348
vt 0.5058690763312585 0.9476838714289348
vt 0.5556322743775932 0.9419317704097196
vt 0.567693008730982 0.9415281141978449
vt 0.564449786047718 0.9475829573759661
vt 0.5555309236687413 0.9476838714289348
vt 0.567693008730982 0.9415281141978449
vt 0.5678957101486859 0.9646374323276741
vt 0.564855188883126 0.9649401744865802
vt 0.564449786047718 0.9475829573759661
vt 0.5678957101486859 0.9646374323276741
vt 0.5689092172372061 0.9925906250000003
vt 0.565665994553942 0.9867376099278165
vt 0.564855188883126 0.9649401744865802
vt 0.5689092172372061 0.9925906250000003
vt 0.5571525350103733 0.9925906250000003
vt 0.5571525350103733 0.9867376099278165
vt 0.565665994553942 0.9867376099278165
vt 0.5571525350103733 0.9925906250000003
vt 0.5042474649896268 0.9925906250000003
vt 0.5042474649896268 0.9867376099278165
vt 0.5571525350103733 0.9867376099278165
vt 0.5042474649896268 0.9925906250000003
vt 0.492592133471646 0.9925906250000003
vt 0.4957340054460581 0.9867376099278165
vt 0.5042474649896268 0.9867376099278165
vt 0.492592133471646 0.9925906250000003
vt 0.49360564056016604 0.9646374323276741
vt 0.49654481111687415 0.9649401744865802
vt 0.4957340054460581 0.9867376099278165
vt 0.49360564056016604 0.9646374323276741
vt 0.49380834197787005 0.9415281141978449
vt 0.49695021395228217 0.9475829573759661
vt 0.49654481111687415 0.9649401744865802
vt 0.49380834197787005 0.9415281141978449
vt 0.5057677256224067 0.9419317704097196
vt 0.5058690763312585 0.9476838714289348
vt 0.49695021395228217 0.9475829573759661
vt 0.8048536674446751 0.14127967415616094
vt 0.7979618192427385 0.149352798393656
vt 0.7989753263312585 0.1408760179442864
vt 0.8035361082295984 0.13603214340178937
vt 0.7979618192427385 0.149352798393656
vt 0.7921848288381741 0.1281608472702317
vt 0.7948199472683264 0.1252343397341399
vt 0.7989753263312585 0.1408760179442864
vt 0.7921848288381741 0.1281608472702317
vt 0.7703944264349929 0.05065885459028063
vt 0.773029544865145 0.04773234705418872
vt 0.7948199472683264 0.1252343397341399
vt 0.7703944264349929 0.05065885459028063
vt 0.7643133839038727 0.02987055967873098
vt 0.768468762966805 0.03259523910888562
vt 0.773029544865145 0.04773234705418872
vt 0.7643133839038727 0.02987055967873098
vt 0.7714079335235129 0.022302005706079653
vt 0.7729281941562931 0.02744862240748258
vt 0.768468762966805 0.03259523910888562
vt 0.7714079335235129 0.022302005706079653
vt 0.7785024831431537 0.013522483097803906
vt 0.7801240944847854 0.018568185746238197
vt 0.7729281941562931 0.02744862240748258
vt 0.7785024831431537 0.013522483097803906
vt 0.7892456582814658 0
vt 0.7879280990663897 0.008678608555307
vt 0.7801240944847854 0.018568185746238197
vt 0.7892456582814658 0
vt 0.7940091415975099 0.021091037070455454
vt 0.7913740231673578 0.023815716500609985
vt 0.7879280990663897 0.008678608555307
vt 0.7940091415975099 0.021091037070455454
vt 0.8173198046334715 0.10313416213399751
vt 0.8147860369121716 0.10626249777602692
vt 0.7913740231673578 0.023815716500609985
vt 0.8173198046334715 0.10313416213399751
vt 0.8238062500000001 0.12230783219804786
vt 0.8194481695193636 0.11998680897976832
vt 0.8147860369121716 0.10626249777602692
vt 0.8238062500000001 0.12230783219804786
vt 0.812353619899723 0.13361020613054075
vt 0.811036060684647 0.1283626753761692
vt 0.8194481695193636 0.11998680897976832
vt 0.812353619899723 0.13361020613054075
vt 0.8048536674446751 0.14127967415616094
vt 0.8035361082295984 0.13603214340178937
vt 0.811036060684647 0.1283626753761692
vn -0.1337975150234206 0.9909412031801786 0.0115653280704755
vn -0.129709360127417 0.9909427786698095 0.03475473057719278
vn -0.12169927847952167 0.9909431055744383 0.05675426972529492
vn -0.11000331174093171 0.9909425967284616 0.07701974678665974
vn -0.09495309971658823 0.9909428932629888 0.09495309971658827
vn -0.07701759991476752 0.9909431039665129 0.11000024547509873
vn -0.056748069839234916 0.9909431810839462 0.12170155476718847
vn -0.03475391933023114 0.9909432034254717 0.12970633244391727
vn -0.011706216661345269 0.9909430142457277 0.13377184684779178
vn -0.19865542636151637 0.9799169568825251 0.017285230435710452
vn -0.19260312498515283 0.9799186871073967 0.05160816702489621
vn -0.18071813791350927 0.9799181007615159 0.08427022267098663
vn -0.16333497840371872 0.9799186385799974 0.11437284027854326
vn -0.1410018728172985 0.979917865824755 0.14099449669923944
vn -0.11436975201717235 0.9799185047235233 0.16333794391979106
vn -0.08427070014960152 0.979917870859227 0.18071916187005566
vn -0.05160937057413859 0.9799177408699715 0.19260761666463924
vn -0.01737850098461779 0.9799178156490428 0.19864305242604488
vn -0.2780215596023046 0.960269611480636 0.02421333647249689
vn -0.2695573004872354 0.9602718832872237 0.0722272242443456
vn -0.25291409549019994 0.9602730194060158 0.11794146218878185
vn -0.2285932244417499 0.9602737140228648 0.1600610255373157
vn -0.1973248424019827 0.9602738219602083 0.19732484240198256
vn -0.1600684818857399 0.9602718477011188 0.22859584339938
vn -0.11793048003814438 0.960273920940329 0.2529157935753712
vn -0.07222516099992973 0.9602741999515038 0.2695496003076866
vn -0.02432188197232644 0.9602744600713117 0.27799533699699935
vn -0.381887445291909 0.9236089400757238 0.033294217825579744
vn -0.37026606087253827 0.9236122768260251 0.09921394187401258
vn -0.34741448588129464 0.9236113292421629 0.16200397370237837
vn -0.3140122662801531 0.9236094620259118 0.21986782002332325
vn -0.27105802425940345 0.923609817492851 0.2710580242594036
vn -0.21986501153217 0.9236114942717268 0.31400825523082454
vn -0.1620018191187256 0.9236134451236344 0.34740986541702445
vn -0.09921389735972398 0.9236123482062685 0.3702658947453805
vn -0.03341131037432716 0.9236119285840373 0.3818699905941098
vn -0.6531572955735607 0.7550627312777317 0.05714734529655992
vn -0.6337495339415108 0.7546671772537437 0.16982043400246186
vn -0.594900014324355 0.7544142983559352 0.2774041084645362
vn -0.5379034505700445 0.7541882981812035 0.3766429194228669
vn -0.46449463897026233 0.7539824008130239 0.46449463897026233
vn -0.37689967138090685 0.7538111314038544 0.538252186140108
vn -0.2777574917909092 0.7536859406439551 0.5956578536623686
vn -0.17012701628896537 0.7535856312580321 0.6349531436964838
vn -0.05730157149659727 0.7535335348534186 0.6549074299130621
vn 0 -1 0
vn 0 -1 0
vn 0 -1 0
vn 0 -1 0
vn 0 -1 0
vn 0 -1 0
vn 0 -1 0
vn 0 -1 0
vn 0 -1 0
vn 0.24161718937889815 -0.9701413387941502 -0.02114040111577107
vn 0.026582047305469106 -0.9775769243747832 -0.20889411597981747
vn 0.05574851152953495 -0.9765299477611074 -0.20804173761034186
vn 0.09335325454295945 -0.975296894949135 -0.20020273866461819
vn 0.1297537465543342 -0.974076729721966 -0.18530647551900023
vn 0.1634209586056863 -0.9729279505782129 -0.16341601289983015
vn 0.192847833700859 -0.9718920166464976 -0.1350393313656799
vn 0.2164845263115036 -0.9710532872200305 -0.10094534782176498
vn 0.2330550379978612 -0.9704565073128859 -0.06244611019022799
vn 0.2416164645520625 -0.9701415170820187 -0.02114050356924655
vn 0.020609208747550213 -0.9716306129589813 -0.23560393136735752
vn 0.07174532324397437 -0.9608111901462022 -0.2677582220632196
vn 0.11357470961549333 -0.9632160164217016 -0.24354812880509835
vn 0.1498639722541723 -0.9652616284247187 -0.21403452644622797
vn 0.18036860608786454 -0.9669200235158241 -0.18036860608786454
vn 0.20485903455961363 -0.9682232822570339 -0.1434449429388125
vn 0.223226852741183 -0.9691929602970089 -0.10409023934061842
vn 0.2354862683609375 -0.9698272246131359 -0.06309811259160408
vn 0 -1 0
vn 0 -1 0
vn 0 -1 0
vn 0 -1 0
vn 0.133755868487572 0.990945971706565 0.011638247448266772
vn 0.1297061626059717 0.9909431921803632 0.03475487380821751
vn 0.12170084310199282 0.9909431570562579 0.05675001560916976
vn 0.10999678184809526 0.9909430238403681 0.07702357746281453
vn 0.09495445036773964 0.9909426344197333 0.09495445036773964
vn 0.07702504612380391 0.9909426768675438 0.10999887923162083
vn 0.056750340128812235 0.9909430530011935 0.1217015390368515
vn 0.034754966803154035 0.9909431434915218 0.12970650966567976
vn 0.011702647960685332 0.990943197289544 0.1337708031533189
vn 0.198643302700804 0.9799190502690921 0.01730587217788591
vn 0.19260772432349793 0.9799177512273715 0.05160877212659706
vn 0.18071967943073014 0.9799178963919741 0.08426929332314606
vn 0.16334018472440456 0.9799180050556332 0.1143708329163751
vn 0.14099570502123002 0.9799185794397067 0.14099570502122993
vn 0.11436927028918505 0.9799185594276808 0.1633379530381663
vn 0.08426892190502783 0.9799180752298209 0.18071888290615268
vn 0.05160867985643965 0.9799178237723233 0.19260737996450022
vn 0.017378878262231116 0.9799176940221919 0.19864361941068462
vn 0.2779959128922502 0.9602764493762658 0.024236608436762504
vn 0.26954933957075067 0.9602741661599267 0.0722265833528744
vn 0.25291341712015114 0.9602737615410327 0.11793687437118372
vn 0.22859610690640264 0.9602731327793447 0.1600603960053202
vn 0.19732484240198256 0.9602738219602083 0.19732484240198256
vn 0.16005934919059678 0.9602736631634781 0.2285946118596805
vn 0.11793808563613163 0.9602729286444811 0.2529160146551341
vn 0.07222689726510192 0.9602738137024093 0.2695505110900126
vn 0.024322401016273858 0.960274172522988 0.27799628485664096
vn 0.3818713437813947 0.92361520147782 0.033305200760212476
vn 0.37026586990663946 0.9236123440853705 0.09921402842041575
vn 0.3474137480356692 0.9236115735997193 0.16200416287385666
vn 0.3140063145466133 0.9236113769789626 0.21986827588326188
vn 0.2710580242594031 0.9236098174928511 0.2710580242594034
vn 0.2198707601666372 0.9236095793577553 0.3140098624921449
vn 0.16200439645701684 0.9236113442113991 0.3474142489487304
vn 0.09921406779614056 0.923612280945078 0.3702660168564935
vn 0.03340921183722627 0.9236125451191516 0.3818686830088833
vn 0.6533361132565885 0.7549205687127312 0.05698120786032059
vn 0.6337550337886774 0.7546633612918463 0.1698168668631153
vn 0.5948926471727753 0.7544189601310504 0.27740722942012974
vn 0.5379046515091193 0.7541875795511543 0.3766426432782463
vn 0.46449463897026183 0.7539824008130241 0.46449463897026233
vn 0.3768886304171908 0.7538139572633598 0.5382559596485746
vn 0.27776515520427986 0.7536812542680882 0.5956602097834165
vn 0.17013883167110766 0.7535800485178009 0.6349566035828745
vn 0.05729679818145415 0.7535361922024406 0.6549047899956149
vn 0 -1 0
vn 0 -1 0
vn 0 -1 0
vn 0 -1 0
vn 0 -1 0
vn 0 -1 0
vn 0 -1 0
vn 0 -1 0
vn 0 -1 0
vn 0 -1 0
vn -0.24161766374032856 -0.9701412173770994 -0.021140551429551048
vn -0.021690772729040533 -0.9685398784932802 -0.24791130298281946
vn -0.05574860311719064 -0.9765277779958438 -0.2080518974991144
vn -0.09335146285162191 -0.9752989805039042 -0.20019341400632476
vn -0.12974983303744544 -0.9740777370559768 -0.18530392062410017
vn -0.16343921936690803 -0.9729209850473324 -0.1634392193669082
vn -0.19284489717504819 -0.9718938922152848 -0.13503002595041458
vn -0.21650902888205523 -0.9710458400664698 -0.10096443384753599
vn -0.23306038386080885 -0.9704553921463717 -0.06244348908160696
vn -0.24161718937889815 -0.9701413387941502 -0.021140401115770886
vn -0.03582343876382599 -0.9588855127128783 -0.28152309806567427
vn -0.07175451809101017 -0.9608064428310017 -0.26777279277022165
vn -0.11355639684934325 -0.963224257524856 -0.24352407365655712
vn -0.14987702302759567 -0.965255967471767 -0.2140509173737146
vn -0.180383381164038 -0.9669155294096605 -0.18037792211427986
vn -0.20484178564583094 -0.9682279677788673 -0.1434379491774487
vn -0.22323073702899424 -0.9691919772259471 -0.1040910626631858
vn -0.23548867816104965 -0.9698266341990348 -0.0630981937628441
vn 0 -1 0
vn 0 -1 0
vn 0 -1 0
vn 0 -1 0
vn -0.133755868487572 0.990945971706565 -0.011638247448266772
vn -0.12970845681947463 0.9909428236399637 -0.03475681956057996
vn -0.12170409654068105 0.9909426706021155 -0.05675153271202323
vn -0.10999821553976255 0.9909430570125335 -0.07702110319076803
vn -0.0949553700316412 0.9909429341429582 -0.09495040270740854
vn -0.07702069473689596 0.9909431535117713 -0.10999763220357026
vn -0.056750340128812235 0.9909430530011935 -0.1217015390368515
vn -0.03475043904713208 0.9909430876213926 -0.12970814963375638
vn -0.011708203135268507 0.9909428952776924 -0.1337725542778029
vn -0.19864332233847629 0.9799191471428796 -0.01730016049358323
vn -0.19260341147449592 0.9799185788244651 -0.05160915386854212
vn -0.18071515328694954 0.9799186492815163 -0.0842702448243926
vn -0.16333814574352323 0.9799185115581519 -0.11436940522151777
vn -0.14099307727746876 0.9799185100782726 -0.14099881476738807
vn -0.11437527425999768 0.9799173857850654 -0.16334078998864324
vn -0.08427222568655737 0.9799176955292974 -0.18071940118975932
vn -0.05160867985643966 0.9799178237723233 -0.19260737996450025
vn -0.0173789959637018 0.9799185822849936 -0.19863922722328092
vn -0.2779959089483668 0.960276435752978 -0.024237193433405694
vn -0.2695573327244901 0.9602717613460461 -0.07222872514326345
vn -0.252919962168386 0.9602720487397236 -0.11793678453288474
vn -0.22859414563279676 0.9602730421928466 -0.16006374049142907
vn -0.1973282206893542 0.9602724335516184 -0.19732822068935435
vn -0.1600636147832566 0.9602737925701891 -0.228591081465098
vn -0.11793670449678272 0.9602738783502451 -0.25291305282768095
vn -0.07222689726510192 0.9602738137024094 -0.2695505110900126
vn -0.024316342586558768 0.9602740289119284 -0.2779973109230846
vn -0.3818713437813943 0.9236152014778201 -0.03330520076021273
vn -0.37026322373576376 0.9236134810668593 -0.09921331936972055
vn -0.3474096938639748 0.9236134301543993 -0.16200227235370537
vn -0.3140039082549676 0.9236112315272752 -0.21987232339991314
vn -0.2710618121400686 0.9236099967724497 -0.2710536254347791
vn -0.21986578698357934 0.9236131779166421 -0.31400276000827215
vn -0.16200093254569572 0.9236112215520824 -0.34741619029255844
vn -0.0992139992098055 0.9236091089484418 -0.37027394754190057
vn -0.03341083703941605 0.9236081908329056 -0.38187907221356476
vn -0.6533371486279681 0.7549196658470094 -0.05698129816102633
vn -0.6337550337886774 0.7546633612918463 -0.1698168668631153
vn -0.594892647172775 0.7544189601310507 -0.27740722942012963
vn -0.5378940942698914 0.7541938968235717 -0.3766450707810319
vn -0.46450199023887356 0.7539819858450131 -0.46448796118450236
vn -0.37689031938037126 0.7538113904657084 -0.5382583717523742
vn -0.2777564103302731 0.7536866019787463 -0.5956575211631026
vn -0.1701322765641533 0.7535903123939298 -0.6349461784569759
vn -0.05729698080647043 0.7535465661922139 -0.6548928374706706
vn 0 -1 0
vn 0 -1 0
vn 0 -1 0
vn 0 -1 0
vn 0 -1 0
vn 0 -1 0
vn 0 -1 0
vn 0 -1 0
vn 0 -1 0
vn 0.24159599531254358 -0.9701467633287166 0.021133685238416224
vn 0.021688203973533868 -0.9685338340798585 0.24793514081503618
vn 0.05574407293331815 -0.976531638427429 0.20803499100643127
vn 0.09335146285162191 -0.9752989805039042 0.20019341400632476
vn 0.12975639280708043 -0.9740750810020059 0.1853132890448782
vn 0.16342882439601414 -0.9729244773943524 0.16342882439601397
vn 0.19283854608192097 -0.9718953008787217 0.13502895717167615
vn 0.21648606691310315 -0.9710528190106587 0.10094654785552998
vn 0.2330636434853669 -0.9704541496658385 0.06245063235612855
vn 0.24161718937889734 -0.9701413387941503 0.021140401115771
vn 0.03582970028278633 -0.9588859719983479 0.28152073686041224
vn 0.07174396764532448 -0.960812033665755 0.26775555842892007
vn 0.11354947710858104 -0.9632273712843429 0.24351498405030994
vn 0.14988241122566398 -0.9652564354068962 0.2140450343052918
vn 0.1803686060878646 -0.9669200235158241 0.1803686060878646
vn 0.20484311878093778 -0.968228102578132 0.14343513539593186
vn 0.22323008135803218 -0.969191897102986 0.10409321479712906
vn 0.23548867816104965 -0.9698266341990348 0.0630981937628441
vn 0 -1 0
vn 0 -1 0
vn 0 -1 0
vn 0 -1 0
vn 0.13379359332839313 0.9909416525176854 -0.011572194683616826
vn 0.12970751511170672 0.99094303750945 -0.034754236217927906
vn 0.12170103623550932 0.9909430646964912 -0.05675121416435988
vn 0.11000204256586757 0.9909428066839177 -0.07701885816303082
vn 0.0949530997165883 0.9909428932629888 -0.09495309971658827
vn 0.07702276567325664 0.9909430347247937 -0.10999725223140303
vn 0.05674806983923491 0.9909431810839462 -0.12170155476718847
vn 0.03475459462322515 0.9909428498537911 -0.12970885272880214
vn 0.01170558130076424 0.9909430216168438 -0.13377184784285176
vn 0.19865973380669283 0.9799160770268242 -0.017285605231324323
vn 0.19260652492634092 0.9799178667673967 -0.0516110544925554
vn 0.18071647571782057 0.9799184739605906 -0.08426944757667439
vn 0.16333769618380575 0.9799185662631804 -0.1143695785516411
vn 0.14099787486618684 0.9799179550178875 -0.1409978748661868
vn 0.11437688835722185 0.9799172024805314 -0.1633407594339171
vn 0.08427070014960152 0.979917870859227 -0.18071916187005566
vn 0.05160124900089035 0.9799187156158934 -0.19260483349917795
vn 0.017385229653271883 0.9799177010063486 -0.19864302918636675
vn 0.2780141033669586 0.9602715849313609 -0.024220683361094116
vn 0.2695502966298516 0.9602738286325709 -0.07222749912673941
vn 0.25291938554646437 0.9602727691920884 -0.11793215491526189
vn 0.2285963989803761 0.9602725878108082 -0.1600632483499532
vn 0.19732050369969167 0.9602739550501269 -0.19732853334499562
vn 0.1600590986048703 0.9602746903102986 -0.22859047246824793
vn 0.1179405148960043 0.9602736707692191 -0.2529120641121629
vn 0.07222516099992973 0.9602741999515038 -0.2695496003076866
vn 0.024321766512091662 0.9602725204705341 -0.27800204694012376
vn 0.3818864000598887 0.9236093465492367 -0.0332949307881998
vn 0.3702634147027987 0.9236134138074836 -0.09921323282460566
vn 0.3474164034845276 0.9236112080811321 -0.16200055214963957
vn 0.3140088968174285 0.9236096264897071 -0.21987194130912951
vn 0.27105273189724316 0.923612923827987 -0.27105273189724316
vn 0.21987154632414388 0.9236112594538983 -0.314004370235533
vn 0.16200776392670682 0.9236076070205133 -0.3474226139463429
vn 0.09921654360907699 0.9236081047861646 -0.37027577053809185
vn 0.033401256863138225 0.9236122391261264 -0.3818701189886237
vn 0.6531695898438433 0.7550528805673492 -0.05713697970818892
vn 0.6337532020493586 0.7546646322161482 -0.16981805491245783
vn 0.5949000143243549 0.7544142983559353 -0.2774041084645366
vn 0.537903450570045 0.754188298181203 -0.37664291942286665
vn 0.464488645956194 0.753989784781971 -0.464488645956194
vn 0.376885852417258 0.7538103466950857 -0.5382629612588549
vn 0.2777790054650073 0.7536727842726791 -0.5956644679427668
vn 0.17012321382455378 0.753598446999094 -0.6349389520249638
vn 0.057299442951626006 0.7535439140835329 -0.6548956736649759
vn 0 -1 0
vn 0 -1 0
vn 0 -1 0
vn 0 -1 0
vn 0 -1 0
vn 0 -1 0
vn 0 -1 0
vn 0 -1 0
vn 0 -1 0
vn 0 -1 0
vn -0.24161718937889734 -0.9701413387941503 0.021140401115770816
vn -0.026583633238182906 -0.9775805477073897 0.20887695705361614
vn -0.05574414164629628 -0.9765300069257377 0.20804263083737595
vn -0.09335170963172337 -0.9752986932543609 0.20019469834431272
vn -0.1297453796730235 -0.9740805115410345 0.18529245394634877
vn -0.16343921936690842 -0.9729209850473322 0.16343921936690858
vn -0.19285382679556323 -0.9718907345443307 0.1350399999895888
vn -0.21649215054989213 -0.9710509700714487 0.10095128663658261
vn -0.23307612384899176 -0.9704510797343664 0.06245176005471693
vn -0.2416164645520625 -0.9701415170820187 0.02114050356924655
vn -0.020613971360280203 -0.971630517538308 0.23560390822946392
vn -0.0717468082329123 -0.9608112403626636 0.26775764396399504
vn -0.11355225835305606 -0.9632261197912027 0.24351863742823643
vn -0.14987630609041883 -0.9652576343699587 0.21404390242004667
vn -0.180368606087865 -0.966920023515824 0.180368606087865
vn -0.20484765428989912 -0.9682268705876044 0.14343697432691632
vn -0.22322589105457866 -0.9691929576238835 0.10409232659115095
vn -0.23548626836093745 -0.9698272246131359 0.06309811259160407
vn 0 -1 0
vn 0 -1 0
vn 0 -1 0
vn 0 -1 0
vn -0.9964613936462015 -0.0126766293018575 -0.08309027646008485
vn -0.9682110394344664 -0.009460650260033763 -0.24995575451244875
vn -0.9578223602235659 -0.007370059060200214 -0.28726644162729253
vn -0.9472772426340061 -0.006086325125731408 -0.32035727279738546
vn -0.9363511559464972 -0.004489069743944029 -0.3510361249365833
vn -0.9239255315168404 -0.0039409801721565435 -0.382552062975233
vn -0.9114159089471822 -0.0017110909909440887 -0.41148282234572386
vn -0.8984798453442012 -0.001811917946370164 -0.43901103000222674
vn -0.8874555184518599 -0.0007983539394702708 -0.46089268317074417
vn -0.8876645497223066 -0.0006226107353555985 -0.4604902382485076
vn -0.8875288077327071 0.0003874527959573106 -0.46075206491657805
vn -0.8701890942406252 0.0016425464986062305 -0.49271517361015005
vn -0.8423313743212275 -0.0006861673959857882 -0.5389595393055187
vn -0.7632648109609431 -0.002037984273247758 -0.6460825604896467
vn -0.6737306731630286 -0.0014089496013989058 -0.7389756389085592
vn -0.6237354702367325 -0.0013632939297922454 -0.7816343164154342
vn -0.5492963265879232 0.0005127215463789509 -0.8356274784337993
vn 0.007006393420574407 0.00008395684135096007 0.9999754513999256
vn 0.025946392616979827 -0.0005046199792552464 0.9996632083201032
vn 0.04568507856938081 -0.00017615507130912557 0.9989558761854803
vn 0.17796433970561346 -0.0020075060837247967 0.9840348894792649
vn 0.3044037136376585 -0.0014886926912508456 0.952541948114451
vn 0.3526305119451184 -0.0006350990474292548 0.93576242641737
vn -0.9971651634871213 0.002051580460401405 -0.07521587429072009
vn -0.5585167495433582 -0.005347802565117408 -0.8294760041660315
vn 0.4493877787914297 0.0004890189873218667 0.8933366583395844
vn -0.9867654630978357 -0.010481413008106273 -0.16181489677612312
vn -0.4722186213003522 0.8382617122247966 0.2726295573028487
vn 0 0.9848046834221441 -0.17366558527759773
vn -0.08598908720687265 0.9950610800042645 0.04959157128056903
vn -0.102196376149176 0.9930114831637324 0.059026223044850466
vn -0.20756063742756267 0.9708557647857898 0.11982347755287082
vn -0.2932705531265115 0.940919490915247 0.16930119398475152
vn -0.3920772544112256 0.8916468811924884 0.22636533708380285
vn -0.6253728971069491 0.6917703698489255 0.36105746767397323
vn 0.4484572976909296 -0.0008319965568434599 0.8938038710642724
vn -0.5476172728011273 0.000917325385449828 -0.8367284392465653
vn 0 1 0
vn 0 1 0
vn 0.000005507356900171624 0.9999735270990332 0.007276336357552337
vn -0.00914774560344091 0.9999482929967654 0.004441855831712833
vn 0 1 0
vn 0 1 0
vn 0 1 0
vn 0 1 0
vn 0 1 0
vn 0.4826910501955973 0.7765134712228553 -0.4050138010864607
vn 0.30024371553657797 0.9199908123953998 -0.2519337539688609
vn -0.061429639265381794 0.9967798192607386 0.05154019144565216
vn -0.07535104115119227 0.9967797685871025 0.02742833448960593
vn 0.5921220653338333 0.7764967046277985 -0.2155094602261476
vn 0.630124648447137 0.776493997027261 0
vn 0.3919466625332808 0.9199879421650171 0
vn -0.08018767649148202 0.9967797833718829 0
vn -0.07535104115119226 0.9967797685871025 -0.02742833448960592
vn 0.5921200398787484 0.7764959830149456 0.21551762511600514
vn 0.3150409875135154 0.7765106841162376 -0.5456925266483332
vn 0.19597030382815153 0.9199900438969114 -0.3394318181138317
vn -0.040092601827472436 0.9967799473097009 0.06944292562942474
vn -0.013918629459582353 0.9967799685666843 0.07896813292820781
vn 0.06807231732075875 0.9199932054128864 -0.3859775402905005
vn -0.013928548155337827 0.9967798308808586 -0.07896812202029137
vn 0.06806847209400009 0.9199918549986341 0.3859814371740699
vn 0.10844450614102184 0.7810869957707275 0.6149332436335584
vn -0.040094106863429964 0.9967797051595569 -0.06944553244702449
vn -0.06142639638798117 0.9967797294093027 -0.05154579386820898
vn 0.3002499686058772 0.9199892182624676 0.251932123066876
vn 0.4826910501955973 0.7765134712228553 0.40501380108646085
vn 0.315042433647863 0.7765108376129981 0.5456914733352467
vn 0.19597030382815156 0.9199900438969114 0.3394318181138317
vn 0.10948589568595694 0.776488908363936 -0.6205463833055727
vn 0.36831056076555574 0.9199870875313023 0.13405629266928917
vn 0.36830565281874106 0.9199885012007183 -0.13406007519100238
vn -0.7903816577622481 0.002768700413646487 -0.6126084959997045
vn 0.13680486762167732 0.0028129942472741474 0.9905940214125969
vn -0.05307940934475576 0.9981199540775579 0.030645286355748175
vn -0.7115826092858463 -0.001569539305124675 -0.7026006879503581
vn 0.25443032375571334 0.0022449277038875852 0.9670885019754745
vn -0.14143464046501705 0.9865738620701644 0.08165939723321322
vn -0.6423852754174791 0.002249683312090802 -0.766378559754776
vn 0.34474410038952724 0.000639979756964779 0.9386964875147484
vn -0.1683562594375711 0.9809221708535799 0.09720012672877443
vn -0.5971522266991105 -0.0029608411981738776 -0.8021224666892791
vn 0.38844408380881856 -0.0011507485149409953 0.9214715782550121
vn -0.2276207002303933 0.9648411351240805 0.13141689693148856
vn -0.5590142839757908 0.7637633372311219 0.32275159955082106
vn 0.45163016866228206 0.0005166527948207992 0.8922050906736457
vn -0.5510490421293673 -0.00023925430911456445 -0.8344728251571062
vn -0.977452051104978 -0.011420993549780472 -0.21084840216849557
vn -0.9927079598388774 -0.01805815111887823 -0.1191839320156102
vn -0.9977873132352924 -0.00043262346510778896 -0.06648526440974867
vn -0.7297986632829647 -0.002603021137069847 -0.6836571767716316
vn 0.22644118902535149 0.002471292623628269 0.9740217043914133
vn -0.12439055749198308 0.9896300490508615 0.07182865182100621
vn -0.6913117626678609 0.0020234687732241905 -0.7225537712663184
vn 0.2839419993799896 -0.002248862310680125 0.9588388204523229
vn -0.15677456021614247 0.983478038033379 0.09051345742513113
vn -0.6514169830575681 0.6589530353727561 0.3760808574724423
vn 0.4494571896148469 0.0004501599775493528 0.8933017586792932
vn -0.5479347420877682 -0.0004337481408821396 -0.8365209682224117
vn -0.006253432037942038 -0.9999738517225025 0.0036318671519416424
vn -0.00527916981684983 -0.9999812263288564 0.0031108448822058164
vn 0 -0.9999981264728968 -0.0019357300164010568
vn 0 0.8296716730136952 -0.5582516591991967
vn 0 0.7284323355720536 -0.6851177508232021
vn 0 0.9807858245493116 -0.1950875863891068
vn 0 0.9923204109852797 -0.12369398506801357
vn 0 0.9987487613612317 -0.05000911596304724
vn 0 0.6799529248009742 -0.7332557671471809
vn 0 1 0
vn 0 0.8981294523803816 -0.43973115282740244
vn 0 0.9961932072411164 -0.08717278157004262
vn 0.46528641458950826 -0.001891074052091303 0.8851581645318366
vn -0.00043827175528864164 -0.9999979536254701 -0.001975009554578443
vn 0.0035252390029538376 -0.9999927971713484 -0.001406518892468315
vn -0.005333559738869739 -0.9999815029860933 0.002923495542270103
vn -0.0051701593394039335 -0.9999812643333572 0.0032772602377187077
vn -0.00608172899089435 -0.9999739641704499 0.003883755105182527
vn -0.6283950145220308 0.6595463600133428 0.412454003153087
vn -0.6041367535370032 0.6923369702632791 0.39457357062078247
vn -0.5383534918119847 0.7642768272806606 0.35504429179420777
vn -0.45260279226638267 0.8386733641051378 0.30294834670822185
vn -0.3699105621367807 0.8920532677700617 0.25962885717963946
vn -0.268166737478242 0.9416004235337955 0.20365471590722523
vn -0.20154030681811286 0.9655594152608317 0.16454944645553177
vn -0.17778911328965905 0.9716541313940732 0.15581809952796233
vn -0.1389852774261766 0.9817558974859449 0.12976305487439588
vn -0.12506216579681556 0.9843685138285351 0.12400840160735417
vn -0.1082744899905929 0.9874774949145472 0.11473810114590394
vn -0.0904029367755024 0.9904845712476428 0.10376715830520611
vn -0.07003275742177106 0.9937942254290358 0.08642019666609309
vn -0.05885677130421436 0.9957778934576693 0.07044336287153001
vn -0.031410531963023146 0.9984349658635209 0.04627091335720429
vn -0.0032096152119130117 0.9999812445012147 0.005216226221459823
vn -0.0012435388932354452 0.9999989787973668 -0.0007042834975008838
vn -0.0038675709377206076 0.9999905075042959 -0.0020066879036308416
vn -0.006531529844651007 0.9999729330805164 -0.003387067202987351
vn -0.009193060587151313 0.9999463517129882 -0.004772979460064179
vn -0.011873246628573631 0.9999126670949777 -0.005803808879121952
vn -0.01008361537336039 0.9998047212110516 -0.016995297734780368
vn -0.0006780109655805924 0.9987344843784015 -0.050288865711400364
vn 0.0066025716194208885 0.9963836712063452 -0.08471119053216355
vn 0.011805754535116675 0.9927330338303129 -0.11975703612698362
vn 0.01847991204020224 0.9855694748292454 -0.1682596301428003
vn 0.015575487460954697 0.9814288764744983 -0.19119300356539637
vn 0.020562759213093907 0.9621815463418815 -0.2716318184835683
vn 0.028504720703415237 0.9249003137160028 -0.3791396716062036
vn 0.032668713557234066 0.8992416266870689 -0.43623073251171773
vn 0.045940219098573556 0.8307164289107511 -0.5547969998179013
vn 0.0011868442173990337 0.7284759163687002 -0.6850703837355592
vn 0.0000410447281807202 0.6799542772346537 -0.7332545118753991
vn 0 1 0
vn -0.0061091620935802265 0.9999812395075123 0.0004458380128452538
vn -0.054768772471279356 0.9984326087317443 0.01151986905796946
vn -0.09088816421299924 0.9957575454417937 0.01436148675190933
vn -0.10933573716275101 0.9937810185899487 0.021094636033887674
vn -0.13380445257083548 0.9905041472451224 0.03158959895965824
vn -0.15213780240838795 0.987492064726983 0.04139457910870009
vn -0.16839712065179097 0.9843725707107168 0.05150778376673785
vn -0.17995940687228484 0.9817501958973057 0.06149117606435641
vn -0.22155376414713035 0.9716768697923447 0.08220699667783017
vn -0.2416668988141968 0.9657164083373047 0.09480996089876376
vn -0.3058817070125688 0.9416204226833286 0.1406675545417169
vn -0.40254551924612947 0.8918421871257018 0.20633617762697015
vn -0.486031988091827 0.8386464303888869 0.24585579380499553
vn -0.5764284434569832 0.7643224866059088 0.2890352678174755
vn -0.6447094098997496 0.6923716661679367 0.3239926737976527
vn -0.6713731192358411 0.659557430715508 0.3379972342423754
vn -0.00607724019555161 -0.99997617102413 0.0032748336637936507
vn -0.006245009257996742 -0.9999733206226817 0.0037891822620159414
vn -0.009630750599593065 -0.9999359452155894 -0.005945932113163188
vn 0.000009863977717368606 0.9999989796497889 0.0014284964413328611
vn 0.10050968110297187 0.0008903185120715612 0.9949356820104132
vn -0.8112431200672433 -0.0009891306310538864 -0.5847081509301534
vn -0.005524325777742191 -0.9999803425802255 0.0029658519579414213
vn 0 -0.9999985422282319 -0.0017074956548814731
vn 0.9982257366942151 -0.002015615445532128 -0.059508956432350685
vn 0.9685630304775251 -0.005337374071599641 -0.2487110138900425
vn 0.9581010353170365 -0.004078047318857089 -0.2864014239742679
vn 0.9476162342496999 -0.002852641800558558 -0.31939839545804805
vn 0.9360332452245856 -0.0025634579870843772 -0.35190224852575075
vn 0.924219746181055 -0.001473417940738826 -0.3818582064177728
vn 0.9113457538698333 -0.0023526944624098754 -0.4116350103334164
vn 0.8982907236936757 -0.00023925424022686623 -0.439401545836267
vn 0.8874408479948596 -0.0009455544171891462 -0.460920651779684
vn 0.8876470282593577 -0.0008090132362438918 -0.4605237222119124
vn 0.8876275971798635 -0.0006218673933069571 -0.46056146387387575
vn 0.8701908145559691 -0.00014529101327233628 -0.4927148517681808
vn 0.841682259219729 0.003241527870871137 -0.5399633941405985
vn 0.7615829451767336 0.0036024224163702144 -0.6480574358563186
vn 0.6713274365767895 0.0032616025251509216 -0.7411537187710824
vn 0.6211421765191868 0.0023162668536326346 -0.7836944758366429
vn 0.5495285575295823 0.0006518389981756839 -0.8354746791886497
vn -0.006997371013464444 0 0.9999755180997683
vn -0.02614063875324995 0.0007626233000371028 0.9996579842182397
vn -0.0466750328587498 0.003204338624478456 0.9989049872343286
vn -0.18040300145832006 0.003553253183653439 0.9835863619716586
vn -0.3073094917273092 0.0030086776539843254 0.9516048676594069
vn -0.3570363149563854 0.004717291412622649 0.9340785924985613
vn 0.9969607487263792 -0.0018591027412265598 -0.07788330524531617
vn 0.5507439839234216 -0.0002940404754222462 -0.8346741745809301
vn -0.44911319243729814 0.000044892054648030116 0.89347486722542
vn 0.9865187983225231 -0.01530748544833894 -0.16293048040662608
vn 0.47224623430971285 0.8382368421317358 0.27265819384957296
vn 0.08572770127592905 0.9950884484008762 0.04949485925913849
vn 0.10234429526049812 0.9929925483075207 0.059088444161005206
vn 0.2075967544703961 0.9708440201087943 0.11985606431196087
vn 0.29331347679347625 0.9408973561277649 0.16934984370558234
vn 0.3920704287017429 0.8916493251360115 0.22636753283571134
vn 0.6253831162264902 0.6917544841317007 0.36107020317734445
vn -0.44946680289960905 -0.000015064751718425647 0.8932970350696667
vn 0.5489488898754743 -0.0002458555340974323 -0.8358558822306278
vn 0 1 0
vn 0 1 0
vn 0.0052132375237855045 0.9999503988856356 0.008486573099847194
vn -0.00017319877646320014 0.9999999800014965 -0.00009999595260576102
vn 0.005840296095141117 0.9999634275581432 0.0062477586134067845
vn 0 1 0
vn 0 1 0
vn 0 1 0
vn 0 1 0
vn -0.48269236619884753 0.7765106025851899 -0.40501773255765366
vn -0.3002437155365779 0.9199908123954 -0.25193375396886103
vn 0.06142759950160196 0.9967800334540199 0.051538480059797144
vn 0.07534797213499055 0.996780031322784 0.027427217345082786
vn -0.5921220653338333 0.7764967046277985 -0.21550946022614756
vn -0.6301246484471369 0.7764939970272611 0
vn -0.39194666253328075 0.919987942165017 0
vn 0.08018420085137534 0.9967800629696736 0
vn 0.07534797213499053 0.996780031322784 -0.02742721734508278
vn -0.5921200398787484 0.7764959830149457 0.21551762511600517
vn -0.31504098751351556 0.7765106841162376 -0.5456925266483333
vn -0.19597030382815153 0.9199900438969114 -0.3394318181138316
vn 0.040091732952123295 0.9967800871017243 0.0694414206822898
vn 0.013916881446325746 0.9967799928214656 0.07896813484975004
vn -0.06805280667896454 0.9199874650601497 -0.385994662703146
vn 0.013926798896894915 0.9967798551702176 -0.07896812394457296
vn -0.06806578656909004 0.9199920239522391 0.3859815080583444
vn -0.1126020526151093 0.776793346135492 0.619607032841373
vn 0.040093237923057974 0.9967798449673236 -0.06944402738726588
vn 0.061424356839734615 0.996779943597244 -0.05154408238683157
vn -0.30024996860587744 0.9199892182624677 0.25193212306687607
vn -0.48269105019559744 0.7765134712228553 0.4050138010864607
vn -0.31504243364786305 0.7765108376129979 0.5456914733352468
vn -0.19597030382815153 0.9199900438969114 0.3394318181138318
vn -0.109482270424295 0.7764885849280729 -0.6205474276307499
vn -0.3683059952737262 0.9199884560533008 0.13405944418090893
vn -0.36830542181530757 0.9199887160462887 -0.13405923544817622
vn 0 1 0
vn 0.7888669957468963 -0.002973887226836483 -0.614556766308881
vn -0.135600673774675 -0.0028663228229025835 0.9907594266346039
vn 0.05284384463031358 0.9981382832539928 0.03045481222171054
vn 0.7102254338277634 0.002147891141140239 -0.703971036128484
vn -0.2525766684481735 -0.001547108001718194 0.9675756471782724
vn 0.14147451896837024 0.9865654472843861 0.08169197455826012
vn 0.6374672861251302 -0.003397413287850912 -0.7704699323810196
vn -0.34244297975373206 -0.0025933400512962736 0.9395350340486317
vn 0.16832516055946536 0.9809301877059338 0.09717307842109249
vn 0.5934792356898654 0.0012921272881342243 -0.8048482634708513
vn -0.3954229613848291 0.005764496508357851 0.9184810570663161
vn 0.22756902749940364 0.9648599618008742 0.13136815381435213
vn 0.5589834454506024 0.7638003060123207 0.3227175239240327
vn -0.44833200218932784 -0.0008392306093758619 0.8938667190945712
vn 0.5485051640482557 0.0008544172989618334 -0.8361467305344651
vn 0.9764747245506699 -0.005400691604829779 -0.21556424760122675
vn 0.9943850484462826 -0.009449159779586677 -0.10539966226674571
vn 0.9977873132352924 -0.00043262346510778896 -0.06648526440974867
vn 0.7324747679188195 0.002874100935942992 -0.6807881123419253
vn -0.2242717181115493 -0.002370324283539584 0.9745237698579161
vn 0.12444292805537895 0.9896203360812884 0.07187174737935616
vn 0.688609477030638 -0.0022130478649149093 -0.7251290164948158
vn -0.28026076436504216 0.0021558520335767687 0.9599214844243938
vn 0.15678457892414685 0.9834756626830462 0.09052191293670876
vn 0.6514347924250017 0.6589220848380433 0.37610423732109355
vn -0.4494571896148469 0.0004501599775463293 0.8933017586792932
vn 0.5478782893974166 -0.00033606286604273284 -0.8365579878697655
vn 0.005965162921266647 -0.9999760591710866 0.003506838460310872
vn 0.006389120656663129 -0.9999734543102025 0.0035028291645717753
vn 0 0.9611962264854219 -0.2758655726802202
vn 0 0.9235832582921801 -0.38339791992445693
vn 0 0.9999225550233679 -0.012445238267709628
vn 0 1 0
vn 0 1 0
vn -0.4592002817475169 -0.00551513524786224 0.8883156446478916
vn 0.0002833599012156414 -0.9999983218135389 -0.001809993721618703
vn 0.0005140069703791876 -0.9999882821793107 -0.004813657747067419
vn 0.008091762491294731 -0.9998333536965227 0.016364235874266247
vn 0.005055520905382809 -0.9999834622560224 0.0027417007191728494
vn 0.006075496443426077 -0.9999740477457424 0.0038719733937252815
vn 0.6277592672658038 0.6599667765906129 0.41274950776287717
vn 0.6023429505583549 0.6934505722160442 0.3953596765046939
vn 0.5418202210462814 0.762384467965712 0.35383720984373174
vn 0.4571180978192684 0.8366972826975996 0.30163007438341927
vn 0.3827766659419118 0.8875980981591762 0.25622576013080234
vn 0.28628954424500885 0.93707231000218 0.19983438813968823
vn 0.2146774882264439 0.9630965038889822 0.1623536271402793
vn 0.1891877478824563 0.9697204975784401 0.15443494626342463
vn 0.14731616146533896 0.9806261344072559 0.12911364408381076
vn 0.13238821626633035 0.9834609686903227 0.12360373480001188
vn 0.1154730235526039 0.9866820279259255 0.11456245719956869
vn 0.0978467722523252 0.989768369790839 0.10384884843553546
vn 0.07530579440645774 0.9933817186056404 0.08672830258293346
vn 0.057233261324787704 0.9958610926097478 0.0706048017081558
vn 0.04024519792536734 0.9981523023121235 0.04552258157173563
vn 0.003582183192289732 0.999979660828607 0.005276920757508838
vn -0.000330626751099832 0.999999801005172 -0.0005372853691376987
vn 0.00012032058418751561 0.999996017044801 -0.0028198257909245444
vn 0.002745133768409601 0.9999875366402396 -0.0041702283845243505
vn 0.005417214910067564 0.9999700096567814 -0.005534760124422008
vn 0.008292903925017798 0.9999441014418944 -0.006559095673401057
vn 0.0062038531373165605 0.9998211897021198 -0.017863393543470305
vn -0.004899775349333781 0.9986551653803689 -0.05161252619891879
vn -0.013617860654682077 0.9961611087446114 -0.08647311313868707
vn -0.019910972046636312 0.9923426287511354 -0.1219002065438951
vn -0.028223665016959245 0.9848747413021057 -0.1709537033179481
vn -0.025787095493014188 0.9806202739715965 -0.19421355251862696
vn -0.036123643724622914 0.9604696277869866 -0.2760311150265201
vn -0.043007034113003946 0.9224164813856626 -0.38379451518344676
vn -0.03778261506835373 0.8972460178258821 -0.4399114200543031
vn -0.0461017116827906 0.8306311626247609 -0.5549112576408546
vn -0.059319870878003826 0.7015340310474437 -0.7101627674000809
vn -0.0012495515171802665 0.6793890623165123 -0.7337771736881001
vn -0.0009515145663585067 0.9999985645191488 0.0014019913238491196
vn 0.006374472911368648 0.9999796669009594 0.00017854900902154449
vn 0.060053909470517496 0.9981855139909773 0.004382649412766391
vn 0.08979902207058911 0.995836792832695 0.015659427698936867
vn 0.11364120979998438 0.9933595674746665 0.017956757550836464
vn 0.14011048400656523 0.989757414249012 0.02737358600103164
vn 0.15822683758458841 0.9866876738114138 0.03757262589441249
vn 0.1748850771765445 0.9834339967624519 0.04767372224595069
vn 0.18749218122354672 0.9805905578353431 0.05734840768676628
vn 0.22925887273414253 0.9702149300050193 0.0782518937024895
vn 0.2475085521383503 0.9645234044590394 0.09183745896485869
vn 0.3291917337897276 0.9353087169555477 0.1297320561445028
vn 0.4268589255652847 0.8827703260781318 0.19623457661981986
vn 0.4825838364956354 0.8401987412468294 0.24734372027685927
vn 0.5739677272519745 0.7657234903658382 0.2902216125225019
vn 0.6453853209109142 0.6919259939148924 0.32359883574822207
vn 0.6719019023246808 0.659184950509341 0.33767297000866514
vn 0.006076256538407099 -0.9999761850638054 0.003272370962693124
vn 0.006071544152522301 -0.9999762171503359 0.0032713124748648672
vn 0.013472630618399848 -0.9998816673318136 0.007425601522606003
vn 0.00005931708858722709 0.9999991715930673 0.0012858050638386803
vn -0.10016195458066704 -0.0010987207107621482 0.9949705401002484
vn 0.8116306041891562 0.0009515200818187673 -0.5841702294306679
vn 0.005349173681751303 -0.999981481147566 0.0029023615974861743
vn -0.13094698438132024 0.9650964493627753 0.2268076954355881
vn -0.04547830680671765 0.9651094902959926 0.25786701097775927
vn 0.045484272933852814 0.9650959842452435 0.25791650220446083
vn 0.1309316148346084 0.9651047904172034 0.22678107449822119
vn 0.20062753952199439 0.9650949132170729 0.16834606876277586
vn 0.24608380832030635 0.965100843691489 0.08957187498624192
vn 0.26186673587951886 0.9651040423911851 0
vn 0.24607859133802076 0.9651023501544392 -0.08956997606047234
vn 0.20059933356494034 0.9651049044651577 -0.16832240121445696
vn 0.13092542034111587 0.9651081518721982 -0.22677034527982748
vn 0.04546843789841622 0.9650969917631513 -0.25791552424155023
vn -0.04546360772588604 0.9651087256673946 -0.25787246462777824
vn -0.13093161483460816 0.9651047904172035 -0.22678107449822082
vn -0.20060301574054593 0.9651036002330168 -0.16832549091883733
vn -0.2460678026004778 0.965105465416294 -0.0895660490753649
vn -0.2618667358795193 0.9651040423911851 0
vn -0.24609459840977618 0.9650977278216764 0.08957580246343629
vn -0.20059933356494042 0.9651049044651577 0.16832240121445696
vn -0.05872398459709382 0.9930799879733591 0.10170364359192562
vn -0.020389523789306176 0.9930800914308828 0.11565552007264916
vn 0.02038853948046116 0.9930798496675352 0.11565776948462907
vn 0.05872500369458861 0.9930797469543 0.10170540855949564
vn 0.08995821285093317 0.9930803531628292 0.07549127169850185
vn 0.11035535814808528 0.9930802421763715 0.04016624860411531
vn 0.11743820774860483 0.9930801918076886 0
vn 0.11035585125940268 0.9930801801203586 -0.04016642808277496
vn 0.08996285565034032 0.9930801360516851 -0.075488595051191
vn 0.05871752008036834 0.9930801274609351 -0.10170601397058467
vn 0.020395972818989475 0.9930799607731774 -0.11565550485606695
vn -0.020397201592461223 0.9930800363045761 -0.11565463959780714
vn -0.0587171589309611 0.9930802128803139 -0.10170538841510121
vn -0.08996368919522828 0.993080007373235 -0.07548929448577486
vn -0.11035725800296452 0.9930800030859747 -0.04016694009789215
vn -0.11743820774860482 0.9930801918076886 0
vn -0.11035395145261956 0.9930804192016122 0.040165736606503896
vn -0.08996185936293317 0.9930797902124694 0.0754943317840618
vn 0 1 0
vn 0 1 0
vn 0 1 0
vn 0.0028127758927408413 0.9999959415684896 0.0004529219879724311
vn 0.0026522377970947565 0.999996460855924 0.0002095478327913837
vn 0 1 0
vn 0 1 0
vn -0.00019554625018402142 0.9999999506073358 -0.0002460629799722506
vn 0.00023457793389857753 0.999999972421605 0.000011400980154089232
vn 0 1 0
vn -0.0031148756045228905 0.9999945101124902 0.0011301746985231023
vn -0.0001552887395471291 0.9999991846221775 0.0012675331899047854
vn 0 1 0
vn 0 1 0
vn 0 1 0
vn 0.5295571859035624 0.826087855872433 -0.19273827133702906
vn 0.3476957828038496 0.8928763494295937 -0.2861458845583851
vn 0.3154272296441763 0.9420182333719488 0.11448716431894387
vn 0.10073948487144074 0.8259046273902666 0.5547369670782559
vn 0.05845089433999611 0.9420465832500513 -0.3303509163567719
vn 0.17756213703096196 0.934814366161912 -0.3075610318462019
vn 0.22545976543017937 0.8932776471691068 0.38887393746584964
vn 0.29242879674730304 0.9224706518855492 0.25205811877972584
vn 0.33433059768496604 0.9424456221472789 -0.004393261549486954
vn -0.3279726998982241 0.9053066985148557 -0.26991422664543196
vn -0.3803518036781729 0.914422619308466 -0.1384333006751083
vn -0.3167906643500202 0.9415002955632997 0.11498203527026332
vn -0.08565417338952264 0.877292521739663 0.4722511978604404
vn -0.27225028088912145 0.9331730695894143 0.2346653079363559
vn -0.22807980855470864 0.8906298611108031 0.3933929987015519
vn -0.058321492929914835 0.9423081749365186 -0.32962692079111694
vn -0.18306484814291366 0.9305587770958343 -0.31709245299173755
vn -0.3573634419373112 0.9339535314647245 -0.004708654934074594
vn 0 1 0
vn 0 1 0
vn 0 1 0
vn 0 1 0
vn 0 1 0
vn 0 1 0
vn 0 1 0
vn -0.0012949866496113499 0.9999386652308039 0.010999490261637863
vn -0.003292763193255762 0.9999940154477684 0.0010614985640054531
vn 0 1 0
vn 0 1 0
vn 0 0.999999808061181 -0.00061957856757219
vn 0 0.9999998080611809 -0.0006195785675721898
vn 0 1 0
vn 0 1 0
vn 0.0032925350374966647 0.9999940163388272 0.0010613668396813843
vn 0.0012670748017935118 0.9999385039261225 0.011017390227947007
vn 0 1 0
vn 0 1 0
vn 0 1 0
vn 0 1 0
vn 0 1 0
vn -0.9978239376046487 -0.0006300618946732562 -0.06593172654468513
vn -0.997207678195174 -0.003414306885218458 -0.0746001947523191
vn -0.9972672587681258 0.008016450228711787 -0.07344216169775197
vn -0.9929016035699498 -0.001619134743887614 -0.11892764199673547
vn -0.9855926154302508 -0.005155446452917416 -0.16905803080962797
vn -0.9763827911990073 -0.005369069275246274 -0.21598105969170958
vn -0.9678939965960975 -0.0028898494580174654 -0.2513421176869168
vn -0.9576297413952387 -0.0033000042539252762 -0.28798331265407084
vn -0.9471698565890727 -0.002289777540177378 -0.3207242112592252
vn -0.9359425253371866 -0.0022787635650722286 -0.35214541953866796
vn -0.9238372685606792 -0.0008301899498927516 -0.38278455037134235
vn -0.9112160191220929 -0.0016029190176285214 -0.4119257179952579
vn -0.8981815129998258 -0.0009376896492236547 -0.4396238055923103
vn -0.887360744984007 -0.00095954639438431 -0.4610748177163283
vn -0.887609028549032 -0.000567750813805943 -0.4605973188124931
vn -0.8875531006970209 -0.0008508177137562043 -0.4607046445959949
vn -0.8701175981139904 -0.0015897454083222827 -0.49284159540553946
vn -0.8419864363615959 -0.003194493855590735 -0.5394892364006041
vn -0.8115166600136255 -0.0029777673014447794 -0.5843216951493655
vn -0.789330192177889 -0.003121105582455347 -0.613960997471631
vn -0.7620311082963068 -0.00450420664364497 -0.6475247501920013
vn -0.7308681586481108 -0.0033114352630586267 -0.6825106365990339
vn -0.7104081370974037 -0.003210681681584694 -0.7037826157763036
vn -0.6897127970467667 -0.0033106415278768954 -0.7240754775868324
vn -0.6709955183514121 -0.007343022885612027 -0.7414250429862895
vn -0.6392858017143266 -0.0041614068666436695 -0.7689579614123004
vn -0.6199610722798281 -0.011772032915036784 -0.784544255028799
vn -0.5879519670447301 -0.014261840105050636 -0.8087701060035853
vn -0.5539989462318236 -0.0011053328279411294 -0.8325166339559642
vn -0.5495592066470697 0.0008567973966043693 -0.8354543340528341
vn -0.5490843318379656 0.0003902322175457174 -0.8357668599848114
vn -0.5479792535027983 0.000023663908782875915 -0.8364919229559454
vn -0.5492524536886487 0.0000642717478498097 -0.83565647127641
vn -0.5489788788848445 -0.00016229588119074016 -0.835836206561062
vn -0.5483523262316254 -0.00013569626186890808 -0.8362473963504399
vn -0.5477722741515364 0.0014040166807491082 -0.836626299137204
vn -0.5511538470612605 0.0009723194623697251 -0.8344030749370691
vn -0.5607399794171766 0.005181393145091507 -0.8279757415820227
vn -0.5956566734582515 0.003629460687314776 -0.8032309471003775
vn -0.6226725274414355 0.002391906668748891 -0.782478883007192
vn -0.6411740613234437 0.00404482181284987 -0.7673848203492843
vn -0.6728377323247043 0.002278327647856996 -0.7397865875935293
vn -0.6905143790463563 0.0022527094830564224 -0.7233151578877703
vn -0.7111379341956505 0.002297609369049731 -0.7030487604278454
vn -0.7316032693352783 0.0027475421990448856 -0.6817250965820437
vn -0.7627126913643413 0.0017798625004374821 -0.6467350172375411
vn -0.7899228465892126 0.0007599952206213762 -0.6132057720240899
vn -0.8114224059721906 -0.00009277461160083064 -0.58446015302942
vn -0.8420932918345758 -0.00005515910113694881 -0.5393318874354471
vn -0.8701898369277143 -0.00020088975564633453 -0.4927165588358325
vn -0.8876537021153648 -0.0004115670441186855 -0.4605113850204529
vn -0.8877121280600478 -0.0009044084099928428 -0.46039804489216646
vn -0.8874791288716578 -0.0011521161737355636 -0.4608464694944792
vn -0.8983965997239526 -0.002290058797938725 -0.43917912659317326
vn -0.9114438433828966 -0.003228813404701668 -0.4114118315306591
vn -0.924130617889807 -0.004864055791583032 -0.38204573291670213
vn -0.9363756515966724 -0.006582176322724415 -0.35093776378691977
vn -0.9476768033585278 -0.008708685374829281 -0.31911257445485425
vn -0.9583217886067399 -0.010899548658489227 -0.2854830105638872
vn -0.9687967564933763 -0.013985726163963458 -0.24746160120628902
vn -0.9777463282967009 -0.020982374629043458 -0.20873873013230296
vn -0.987358550375665 -0.022719696661100058 -0.15686589299045547
vn -0.99345633756758 -0.021393635077452646 -0.11219098771730178
vn -0.9964829847561061 -0.010103900045292324 -0.08318396657671986
vn -0.9971893167751258 -0.004678365219060029 -0.07477686412544332
vn -0.9978242278838257 0.0002580947094887372 -0.065929838731548
vn 0.025979326795538483 -0.00020551921979051357 0.9996624592036559
vn 0.04608996200353497 -0.0018067581080365598 0.9989356591030536
vn 0.10049421615791558 -0.001836738056816335 0.9949359471403758
vn 0.13617045314109066 -0.002681519630225341 0.9906817940912325
vn 0.17932445060402116 -0.0030987393843145295 0.9837851082577914
vn 0.2254917439029567 -0.0020907003772248603 0.9742428354386479
vn 0.25393122944415764 -0.002527187179297489 0.9672189741924728
vn 0.282287663627184 -0.0024499693478028757 0.959326676692617
vn 0.30676574952250707 -0.004755329535634026 0.9517731671784524
vn 0.3433844199792594 -0.0012845890443560165 0.9391940640498613
vn 0.35632303389120956 -0.006827852434911747 0.9343378810418055
vn 0.3992528759117201 -0.015762326400404966 0.9167053453224039
vn 0.4581626730287711 0.0024606678715582762 0.8888649560854323
vn 0.45080964519646904 0.000659303345908251 0.8926198682064678
vn 0.4485283831557777 -0.0010017005756399915 0.893768027006796
vn 0.44952191794173935 -0.0003069087063609022 0.8932692489373103
vn 0.4498119582922348 0.00008459225892363288 0.8931232809760669
vn 0.44977479496329403 -0.000021358630857722762 0.8931420006692866
vn 0.4495010764447317 -0.0004016069283898823 0.8932796991910779
vn 0.44954403287754574 -0.0007835043969320906 0.8932578287510566
vn 0.4519312165680259 -0.0031530926287395354 0.892047214836871
vn 0.4453984232340045 0.017279597890376162 0.8951657165449366
vn 0.3878460140462766 0.005763704335613099 0.9217061620173466
vn 0.3544664639198749 0.0022730330494423 0.935065965200796
vn 0.3412651894872992 0.005205142381113847 0.9399526461141489
vn 0.3049640483444689 0.0028725360792979395 0.9523595317703424
vn 0.2807590316523989 0.003558686671980694 0.9597716925888042
vn 0.2527561663452918 0.0027835180048729246 0.9675260060597586
vn 0.22441453347356913 0.0037242425544243415 0.9744866582889866
vn 0.1787368374026314 0.002840051174531307 0.9838928178743006
vn 0.1362025050043262 0.0014848880385272363 0.9906799042768859
vn 0.0997092479187405 0.00162627262739094 0.9950152868759458
vn 0.046053217231705704 0.00040317059294442246 0.9989389063581828
vn 0.026069971261058745 -0.00005096511851118898 0.9996601192410371
vn 0.00696701635875949 -0.000277693888221828 0.9999756914891289
vn -0.006969712720181106 -0.0006243949917108928 0.999975516318021
vn -0.02610513091641414 -0.000735944261176213 0.9996589320992842
vn -0.0462659299912995 -0.002988631760450874 0.9989246877529061
vn -0.10021281513294109 -0.0030029264805063764 0.9949614937854045
vn -0.13685676554766685 -0.0032466796205069468 0.9905855262395432
vn -0.17977145362926064 -0.004230226100462892 0.9836993085527517
vn -0.22580330566912668 -0.0034508708845156547 0.9741668022669595
vn -0.2542564377160989 -0.0034013334630389994 0.9671308571287511
vn -0.28249345607940535 -0.003529135992066251 0.959262733807304
vn -0.30757929188570227 -0.006629453811200942 0.9514993586678108
vn -0.3438290498498978 -0.0019699267127551907 0.9390301932675343
vn -0.35956569112845826 -0.01187032604211899 0.9330442696479991
vn -0.40604418878834636 -0.018950592252839234 0.9136569333204233
vn -0.4572420209430133 0.0019852053539069292 0.8893400886295703
vn -0.44997620607265343 -0.0006079576257050878 0.8930403374741739
vn -0.4495491651437685 -0.0004022154524352476 0.8932554989146557
vn -0.4495037006547472 -0.00001909644186371219 0.8932784687503744
vn -0.4497759965211608 0.00017423862623600165 0.893141378838926
vn -0.44982892141287223 0.00006794347608728533 0.8931147389021281
vn -0.44935848270621837 -0.00013154856193867815 0.8933515191205201
vn -0.4486805792444447 -0.0012547065934036489 0.8936913133292915
vn -0.45210623237376346 -0.0015334786060031504 0.8919627812258569
vn -0.4538399725850976 0.011535372823335756 0.8910085378141921
vn -0.3918759988090896 0.00552375095465104 0.9200014618101265
vn -0.3541660401190488 0.0017242122797223114 0.9351809681117378
vn -0.3422218023789018 0.003664642898188214 0.9396120520560411
vn -0.30544386697219544 0.0022041196764285473 0.9522075330438864
vn -0.281419813392738 0.0024582862757617867 0.9595815991663152
vn -0.25316108694349504 0.00230541231796869 0.9674213917066505
vn -0.22478614929828658 0.0029296813351999008 0.9744037171783175
vn -0.17876855692171198 0.0017860708901465876 0.9838895329288264
vn -0.13584885857836446 0.0008719354385701001 0.9907291897140946
vn -0.10038408501744145 0.0000017563196373393572 0.9949487602244281
vn -0.046079481048020565 -0.0001494841541352481 0.998937765369211
vn -0.025979508683979798 -0.000007216530190021953 0.9996624755768624
vn -0.006963495531810465 -0.0002777710322192821 0.9999757159917596
vn 0.006963714668175859 -0.0000019343651856126173 0.9999757530431818
vn 0.9978019444258456 -0.00033065853401324563 -0.06626590650504677
vn 0.9972142784525464 -0.0006031051579730999 -0.07458766060506083
vn 0.9978242196362744 0.00025837965912071465 -0.06592996243902742
vn 0.9976740992072883 0.0023000495158254776 -0.06812563058901247
vn 0.9971421310375828 -0.004022660023917126 -0.07544129317661852
vn 0.9962884098151178 -0.006099707189153903 -0.08586150499654041
vn 0.9927734786345161 -0.005732920870348516 -0.11986639953805438
vn 0.9864120097173537 -0.0050101313316372985 -0.16421402397301876
vn 0.9769986992971722 -0.005416944624998978 -0.21317644870520616
vn 0.9683883436928813 -0.003927311415800578 -0.24941650311236688
vn 0.9580111125153195 -0.003665735996688178 -0.2867076397251433
vn 0.9474891829487413 -0.0031282434945126645 -0.31977251646719995
vn 0.9362800422342766 -0.0028753177944421085 -0.35124267260878533
vn 0.924089209128548 -0.0022248367036561633 -0.38217035949144057
vn 0.9114593771461286 -0.0017948451997612136 -0.41138617179373005
vn 0.8983750391726102 -0.0010980695652904448 -0.43922782611628924
vn 0.8874790795421054 -0.0009055958206024248 -0.4608471148562258
vn 0.8877118624610417 -0.00041123826874100495 -0.46039926165127026
vn 0.8876534689544281 -0.0001464591770668747 -0.46051199506948787
vn 0.870203299732211 0.000023116360297048717 -0.4926928217467816
vn 0.8420554519171505 -0.0019244119729055168 -0.539387534649404
vn 0.8113548493105109 -0.0019571187072121034 -0.5845506634900725
vn 0.7897289173620375 -0.0026594316837067786 -0.6134502135506222
vn 0.7623329489507062 -0.0032589461577102047 -0.647176833805152
vn 0.7311226021696706 -0.0021524671015669137 -0.6822427042351031
vn 0.7105636192476813 -0.0026503692037295806 -0.703627968847686
vn 0.6899214550059798 -0.002197472699923463 -0.7238808997591836
vn 0.6718015498348274 -0.004926372860966614 -0.7407147956467177
vn 0.6397599597005618 -0.003276273769518956 -0.768567797916438
vn 0.6206537852622188 -0.006621801861166092 -0.7840567776505674
vn 0.5911388798819752 -0.01132694125998282 -0.8064902510840268
vn 0.5571276434114271 -0.0032239045010899903 -0.8304206135366567
vn 0.5502030046537149 -0.0007681511142848665 -0.8350305764544732
vn 0.5474213731601535 0.0009095170097419021 -0.8368566263024156
vn 0.5486739391040312 0.00023451189400336937 -0.836036394872997
vn 0.5491943486057982 0.00006416920518717319 -0.8356946591559422
vn 0.5492526383293069 0.00003375560955001868 -0.8356563517073599
vn 0.5479772964261895 0.00037604566977302793 -0.836493120827122
vn 0.5490478537502861 0.0009270173596854612 -0.835790401315437
vn 0.5506789944835146 0.0023205652128198487 -0.8347138791296802
vn 0.5628392294226645 0.011336054830517939 -0.8264886542982796
vn 0.5993409074281263 0.003190401100019386 -0.8004875377068971
vn 0.6244288527574765 0.0030961124114856097 -0.781075554560452
vn 0.6420772315928641 0.005504018189669024 -0.7666202022212899
vn 0.6732385580471841 0.00286950552839017 -0.7394197792164954
vn 0.6909994581629539 0.003668479653061512 -0.7228459663548932
vn 0.7115069052564681 0.003015693050816257 -0.7026726331427648
vn 0.7317927053028082 0.003396374350340814 -0.6815188193343378
vn 0.7627288260757326 0.0028621350814839698 -0.6467121044606405
vn 0.7897291458288975 0.00154401265532855 -0.6134537409236984
vn 0.811805037018287 0.001452573750951966 -0.5839267692966609
vn 0.8421300851600878 0.0009208957616784467 -0.5392736518867389
vn 0.8701389174648057 -0.0002055803388975358 -0.49280647525159454
vn 0.8875540321980702 -0.0005683134358992099 -0.4607032851508504
vn 0.887611464794505 -0.0009477225837160139 -0.4605919988311321
vn 0.8873500543168323 -0.002050940227997972 -0.4610918289756351
vn 0.8982581898491445 -0.004136427688924933 -0.4394486481204744
vn 0.911331767540349 -0.004012935203769422 -0.41165313775414586
vn 0.9239746585778886 -0.005881595659693001 -0.38240846896789615
vn 0.9361608943559477 -0.007056815234162578 -0.3515010401654923
vn 0.9474871034739982 -0.009832005516951172 -0.3196428012922671
vn 0.9581684002521512 -0.011846207056369022 -0.28595975964567305
vn 0.9685837657439382 -0.015614903054759908 -0.2481968241937887
vn 0.977613191939059 -0.024755652936766757 -0.20894880854984302
vn 0.9874789644890175 -0.028140187379360686 -0.1552205674063598
vn 0.9943564087769771 -0.018679826388802993 -0.10443369384560522
vn -0.006255628305048363 -0.9999739115865957 0.0036115454742197896
vn -0.006014374308857162 -0.9999744310095228 0.0038684142557832866
vn -0.00602662398363575 -0.999974021136893 0.003954346301554978
vn -0.004223905485478189 -0.9999763406868244 0.0054292438735274355
vn -0.012576270898677933 -0.9998866528442175 0.008277612836460122
vn -0.0032612895933925605 -0.9999117276421087 0.012880252868701817
vn -0.007554060934146604 -0.9999628634983199 0.004148227048266985
vn -0.010360252078562187 -0.9999362332891488 -0.004493832704722887
vn -0.01406717195270989 -0.9998890415165524 0.0049009517813657245
vn -0.006765577835022798 -0.9999713164463323 0.003404884894888595
vn -0.006164389824269362 -0.9999760815692583 0.0031363334463584956
vn -0.006134416285728135 -0.9999759054305432 0.0032492299393866715
vn 0 -0.9999975308733425 -0.0022222167352738535
vn 0.0002150501552090859 -0.9999979348424495 -0.002020906793245566
vn -0.00041790003446173687 -0.9999979545035794 -0.0019789765582863563
vn -0.00008645528859259783 -0.9999892882601882 -0.004627730584830018
vn -0.0030511535762844755 -0.9999914872356869 -0.0027777541312099404
vn 0 -0.9999961419976351 -0.00277776706110424
vn 0.0030512575608709585 -0.9999943166234033 -0.001434067010269303
vn 0.0006017971250198329 -0.9999892885463241 -0.004589186511454057
vn -0.0002151584876774837 -0.9999979350240837 -0.0020208053824218356
vn -0.0002150788773363917 -0.9999975078766998 -0.0022221569400376093
vn 0.00603082078802344 -0.9999740210644074 0.003947961107088884
vn 0.006073332365622765 -0.9999739239737865 0.003907173715704666
vn 0.006012639988059697 -0.9999758989609775 0.0034712616667882438
vn 0.006010883720855893 -0.999976855824822 0.003187019233995441
vn 0.00617805223814057 -0.9999760819767405 0.003109203272569642
vn 0.0076399791171459916 -0.9999694251219708 0.001667195346918959
vn 0.013218455655168878 -0.999890933408879 0.00658739074390749
vn 0.012190596433916517 -0.9999204366777419 -0.003241862547939564
vn 0.007785394262903641 -0.9999605304187644 0.004280799083640186
vn 0.0006006822023876658 -0.9999325192162926 0.011601560009361165
vn 0.011367422646696363 -0.9998842154928884 0.01011619051533964
vn 0.0054415884007148006 -0.999978820178975 0.003570477439007246
usemtl m_4854eae0-4f7a-10a1-1510-75dd57e93bf3
f 2/1/1 3/2/1 4/3/1 5/4/1
f 6/5/2 7/6/2 3/7/2 2/8/2
f 8/9/3 9/10/3 7/11/3 6/12/3
f 10/13/4 11/14/4 9/15/4 8/16/4
f 12/17/5 13/18/5 11/19/5 10/20/5
f 14/21/6 15/22/6 13/23/6 12/24/6
f 16/25/7 17/26/7 15/27/7 14/28/7
f 18/29/8 19/30/8 17/31/8 16/32/8
f 20/33/9 21/34/9 19/35/9 18/36/9
f 22/37/10 2/38/10 5/39/10 23/40/10
f 24/41/11 6/42/11 2/43/11 22/44/11
f 25/45/12 8/46/12 6/47/12 24/48/12
f 26/49/13 10/50/13 8/51/13 25/52/13
f 27/53/14 12/54/14 10/55/14 26/56/14
f 28/57/15 14/58/15 12/59/15 27/60/15
f 29/61/16 16/62/16 14/63/16 28/64/16
f 30/65/17 18/66/17 16/67/17 29/68/17
f 31/69/18 20/70/18 18/71/18 30/72/18
f 32/73/19 22/74/19 23/75/19 33/76/19
f 34/77/20 24/78/20 22/79/20 32/80/20
f 35/81/21 25/82/21 24/83/21 34/84/21
f 36/85/22 26/86/22 25/87/22 35/88/22
f 37/89/23 27/90/23 26/91/23 36/92/23
f 38/93/24 28/94/24 27/95/24 37/96/24
f 39/97/25 29/98/25 28/99/25 38/100/25
f 40/101/26 30/102/26 29/103/26 39/104/26
f 41/105/27 31/106/27 30/107/27 40/108/27
f 42/109/28 32/110/28 33/111/28 43/112/28
f 44/113/29 34/114/29 32/115/29 42/116/29
f 45/117/30 35/118/30 34/119/30 44/120/30
f 46/121/31 36/122/31 35/123/31 45/124/31
f 47/125/32 37/126/32 36/127/32 46/128/32
f 48/129/33 38/130/33 37/131/33 47/132/33
f 49/133/34 39/134/34 38/135/34 48/136/34
f 50/137/35 40/138/35 39/139/35 49/140/35
f 51/141/36 41/142/36 40/143/36 50/144/36
f 43/145/37 52/146/37 53/147/37 42/148/37
f 42/149/38 53/150/38 54/151/38 44/152/38
f 44/153/39 54/154/39 55/155/39 45/156/39
f 45/157/40 55/158/40 56/159/40 46/160/40
f 46/161/41 56/162/41 57/163/41 47/164/41
f 47/165/42 57/166/42 58/167/42 48/168/42
f 48/169/43 58/170/43 59/171/43 49/172/43
f 49/173/44 59/174/44 60/175/44 50/176/44
f 50/177/45 60/178/45 61/179/45 51/180/45
f 53/181/46 52/182/46 62/183/46 63/184/46
f 61/185/47 60/186/47 64/187/47 65/188/47
f 60/189/48 59/190/48 66/191/48 64/192/48
f 59/193/49 58/194/49 67/195/49 66/196/49
f 58/197/50 57/198/50 68/199/50 67/200/50
f 57/201/51 56/202/51 69/203/51 68/204/51
f 56/205/52 55/206/52 70/207/52 69/208/52
f 55/209/53 54/210/53 71/211/53 70/212/53
f 54/213/54 53/214/54 63/215/54 71/216/54
f 62/217/55 72/218/55 73/219/55 63/220/55
f 64/221/56 74/222/56 75/223/56 65/224/56
f 66/225/57 76/226/57 74/227/57 64/228/57
f 67/229/58 77/230/58 76/231/58 66/232/58
f 68/233/59 78/234/59 77/235/59 67/236/59
f 69/237/60 79/238/60 78/239/60 68/240/60
f 70/241/61 80/242/61 79/243/61 69/244/61
f 71/245/62 81/246/62 80/247/62 70/248/62
f 63/249/63 73/250/63 81/251/63 71/252/63
f 82/253/64 83/254/64 73/255/64 72/256/64
f 84/257/65 85/258/65 75/259/65 74/260/65
f 86/261/66 84/262/66 74/263/66 76/264/66
f 87/265/67 86/266/67 76/267/67 77/268/67
f 88/269/68 87/270/68 77/271/68 78/272/68
f 89/273/69 88/274/69 78/275/69 79/276/69
f 90/277/70 89/278/70 79/279/70 80/280/70
f 91/281/71 90/282/71 80/283/71 81/284/71
f 83/285/72 91/286/72 81/287/72 73/288/72
f 88/289/73 89/290/73 92/291/73 93/292/73
f 89/293/74 90/294/74 94/295/74 92/296/74
f 90/297/75 91/298/75 95/299/75 94/300/75
f 83/301/76 82/302/76 96/303/76 97/304/76
f 98/305/77 99/306/77 100/307/77 101/308/77
f 102/309/78 98/310/78 101/311/78 103/312/78
f 104/313/79 102/314/79 103/315/79 105/316/79
f 106/317/80 104/318/80 105/319/80 107/320/80
f 108/321/81 106/322/81 107/323/81 109/324/81
f 110/325/82 108/326/82 109/327/82 111/328/82
f 112/329/83 110/330/83 111/331/83 113/332/83
f 114/333/84 112/334/84 113/335/84 115/336/84
f 20/337/85 114/338/85 115/339/85 21/340/85
f 116/341/86 117/342/86 99/343/86 98/344/86
f 118/345/87 116/346/87 98/347/87 102/348/87
f 119/349/88 118/350/88 102/351/88 104/352/88
f 120/353/89 119/354/89 104/355/89 106/356/89
f 121/357/90 120/358/90 106/359/90 108/360/90
f 122/361/91 121/362/91 108/363/91 110/364/91
f 123/365/92 122/366/92 110/367/92 112/368/92
f 124/369/93 123/370/93 112/371/93 114/372/93
f 31/373/94 124/374/94 114/375/94 20/376/94
f 125/377/95 126/378/95 117/379/95 116/380/95
f 127/381/96 125/382/96 116/383/96 118/384/96
f 128/385/97 127/386/97 118/387/97 119/388/97
f 129/389/98 128/390/98 119/391/98 120/392/98
f 130/393/99 129/394/99 120/395/99 121/396/99
f 131/397/100 130/398/100 121/399/100 122/400/100
f 132/401/101 131/402/101 122/403/101 123/404/101
f 133/405/102 132/406/102 123/407/102 124/408/102
f 41/409/103 133/410/103 124/411/103 31/412/103
f 134/413/104 135/414/104 126/415/104 125/416/104
f 136/417/105 134/418/105 125/419/105 127/420/105
f 137/421/106 136/422/106 127/423/106 128/424/106
f 138/425/107 137/426/107 128/427/107 129/428/107
f 139/429/108 138/430/108 129/431/108 130/432/108
f 140/433/109 139/434/109 130/435/109 131/436/109
f 141/437/110 140/438/110 131/439/110 132/440/110
f 142/441/111 141/442/111 132/443/111 133/444/111
f 51/445/112 142/446/112 133/447/112 41/448/112
f 135/449/113 134/450/113 143/451/113 144/452/113
f 134/453/114 136/454/114 145/455/114 143/456/114
f 136/457/115 137/458/115 146/459/115 145/460/115
f 137/461/116 138/462/116 147/463/116 146/464/116
f 138/465/117 139/466/117 148/467/117 147/468/117
f 139/469/118 140/470/118 149/471/118 148/472/118
f 140/473/119 141/474/119 150/475/119 149/476/119
f 141/477/120 142/478/120 151/479/120 150/480/120
f 142/481/121 51/482/121 61/483/121 151/484/121
f 152/485/122 85/486/122 84/487/122
f 143/488/123 153/489/123 154/490/123 144/491/123
f 61/492/124 65/493/124 155/494/124 151/495/124
f 151/496/125 155/497/125 156/498/125 150/499/125
f 150/500/126 156/501/126 157/502/126 149/503/126
f 149/504/127 157/505/127 158/506/127 148/507/127
f 148/508/128 158/509/128 159/510/128 147/511/128
f 147/512/129 159/513/129 160/514/129 146/515/129
f 146/516/130 160/517/130 161/518/130 145/519/130
f 145/520/131 161/521/131 153/522/131 143/523/131
f 154/524/132 153/525/132 162/526/132 163/527/132
f 155/528/133 65/529/133 75/530/133 164/531/133
f 156/532/134 155/533/134 164/534/134 165/535/134
f 157/536/135 156/537/135 165/538/135 166/539/135
f 158/540/136 157/541/136 166/542/136 167/543/136
f 159/544/137 158/545/137 167/546/137 168/547/137
f 160/548/138 159/549/138 168/550/138 169/551/138
f 161/552/139 160/553/139 169/554/139 170/555/139
f 153/556/140 161/557/140 170/558/140 162/559/140
f 96/560/141 163/561/141 162/562/141 97/563/141
f 152/564/142 164/565/142 75/566/142 85/567/142
f 171/568/143 165/569/143 164/570/143 152/571/143
f 172/572/144 166/573/144 165/574/144 171/575/144
f 93/576/145 167/577/145 166/578/145 172/579/145
f 92/580/146 168/581/146 167/582/146 93/583/146
f 94/584/147 169/585/147 168/586/147 92/587/147
f 95/588/148 170/589/148 169/590/148 94/591/148
f 97/592/149 162/593/149 170/594/149 95/595/149
f 86/596/150 171/597/150 152/598/150 84/599/150
f 87/600/151 172/601/151 171/602/151 86/603/151
f 88/604/152 93/605/152 172/606/152 87/607/152
f 83/608/153 97/609/153 95/610/153 91/611/153
f 173/612/154 5/613/154 4/614/154 174/615/154
f 175/616/155 173/617/155 174/618/155 176/619/155
f 177/620/156 175/621/156 176/622/156 178/623/156
f 179/624/157 177/625/157 178/626/157 180/627/157
f 181/628/158 179/629/158 180/630/158 182/631/158
f 183/632/159 181/633/159 182/634/159 184/635/159
f 185/636/160 183/637/160 184/638/160 186/639/160
f 187/640/161 185/641/161 186/642/161 188/643/161
f 189/644/162 187/645/162 188/646/162 190/647/162
f 191/648/163 23/649/163 5/650/163 173/651/163
f 192/652/164 191/653/164 173/654/164 175/655/164
f 193/656/165 192/657/165 175/658/165 177/659/165
f 194/660/166 193/661/166 177/662/166 179/663/166
f 195/664/167 194/665/167 179/666/167 181/667/167
f 196/668/168 195/669/168 181/670/168 183/671/168
f 197/672/169 196/673/169 183/674/169 185/675/169
f 198/676/170 197/677/170 185/678/170 187/679/170
f 199/680/171 198/681/171 187/682/171 189/683/171
f 200/684/172 33/685/172 23/686/172 191/687/172
f 201/688/173 200/689/173 191/690/173 192/691/173
f 202/692/174 201/693/174 192/694/174 193/695/174
f 203/696/175 202/697/175 193/698/175 194/699/175
f 204/700/176 203/701/176 194/702/176 195/703/176
f 205/704/177 204/705/177 195/706/177 196/707/177
f 206/708/178 205/709/178 196/710/178 197/711/178
f 207/712/179 206/713/179 197/714/179 198/715/179
f 208/716/180 207/717/180 198/718/180 199/719/180
f 209/720/181 43/721/181 33/722/181 200/723/181
f 210/724/182 209/725/182 200/726/182 201/727/182
f 211/728/183 210/729/183 201/730/183 202/731/183
f 212/732/184 211/733/184 202/734/184 203/735/184
f 213/736/185 212/737/185 203/738/185 204/739/185
f 214/740/186 213/741/186 204/742/186 205/743/186
f 215/744/187 214/745/187 205/746/187 206/747/187
f 216/748/188 215/749/188 206/750/188 207/751/188
f 217/752/189 216/753/189 207/754/189 208/755/189
f 43/756/190 209/757/190 218/758/190 52/759/190
f 209/760/191 210/761/191 219/762/191 218/763/191
f 210/764/192 211/765/192 220/766/192 219/767/192
f 211/768/193 212/769/193 221/770/193 220/771/193
f 212/772/194 213/773/194 222/774/194 221/775/194
f 213/776/195 214/777/195 223/778/195 222/779/195
f 214/780/196 215/781/196 224/782/196 223/783/196
f 215/784/197 216/785/197 225/786/197 224/787/197
f 216/788/198 217/789/198 226/790/198 225/791/198
f 218/792/199 227/793/199 62/794/199 52/795/199
f 226/796/200 228/797/200 229/798/200 225/799/200
f 225/800/201 229/801/201 230/802/201 224/803/201
f 224/804/202 230/805/202 231/806/202 223/807/202
f 223/808/203 231/809/203 232/810/203 222/811/203
f 222/812/204 232/813/204 233/814/204 221/815/204
f 221/816/205 233/817/205 234/818/205 220/819/205
f 220/820/206 234/821/206 235/822/206 219/823/206
f 219/824/207 235/825/207 227/826/207 218/827/207
f 62/828/208 227/829/208 236/830/208 72/831/208
f 229/832/209 228/833/209 237/834/209 238/835/209
f 230/836/210 229/837/210 238/838/210 239/839/210
f 231/840/211 230/841/211 239/842/211 240/843/211
f 232/844/212 231/845/212 240/846/212 241/847/212
f 233/848/213 232/849/213 241/850/213 242/851/213
f 234/852/214 233/853/214 242/854/214 243/855/214
f 235/856/215 234/857/215 243/858/215 244/859/215
f 227/860/216 235/861/216 244/862/216 236/863/216
f 82/864/217 72/865/217 236/866/217 245/867/217
f 246/868/218 238/869/218 237/870/218 247/871/218
f 248/872/219 239/873/219 238/874/219 246/875/219
f 249/876/220 240/877/220 239/878/220 248/879/220
f 250/880/221 241/881/221 240/882/221 249/883/221
f 251/884/222 242/885/222 241/886/222 250/887/222
f 252/888/223 243/889/223 242/890/223 251/891/223
f 253/892/224 244/893/224 243/894/224 252/895/224
f 245/896/225 236/897/225 244/898/225 253/899/225
f 254/900/226 251/901/226 250/902/226 255/903/226
f 256/904/227 252/905/227 251/906/227 254/907/227
f 257/908/228 253/909/228 252/910/228 256/911/228
f 96/912/229 82/913/229 245/914/229 258/915/229
f 259/916/230 260/917/230 100/918/230 99/919/230
f 261/920/231 262/921/231 260/922/231 259/923/231
f 263/924/232 264/925/232 262/926/232 261/927/232
f 265/928/233 266/929/233 264/930/233 263/931/233
f 267/932/234 1/933/234 266/934/234 265/935/234
f 268/936/235 269/937/235 1/938/235 267/939/235
f 270/940/236 271/941/236 269/942/236 268/943/236
f 272/944/237 273/945/237 271/946/237 270/947/237
f 189/948/238 190/949/238 273/950/238 272/951/238
f 274/952/239 259/953/239 99/954/239 117/955/239
f 275/956/240 261/957/240 259/958/240 274/959/240
f 276/960/241 263/961/241 261/962/241 275/963/241
f 277/964/242 265/965/242 263/966/242 276/967/242
f 278/968/243 267/969/243 265/970/243 277/971/243
f 279/972/244 268/973/244 267/974/244 278/975/244
f 280/976/245 270/977/245 268/978/245 279/979/245
f 281/980/246 272/981/246 270/982/246 280/983/246
f 199/984/247 189/985/247 272/986/247 281/987/247
f 282/988/248 274/989/248 117/990/248 126/991/248
f 283/992/249 275/993/249 274/994/249 282/995/249
f 284/996/250 276/997/250 275/998/250 283/999/250
f 285/1000/251 277/1001/251 276/1002/251 284/1003/251
f 286/1004/252 278/1005/252 277/1006/252 285/1007/252
f 287/1008/253 279/1009/253 278/1010/253 286/1011/253
f 288/1012/254 280/1013/254 279/1014/254 287/1015/254
f 289/1016/255 281/1017/255 280/1018/255 288/1019/255
f 208/1020/256 199/1021/256 281/1022/256 289/1023/256
f 290/1024/257 282/1025/257 126/1026/257 135/1027/257
f 291/1028/258 283/1029/258 282/1030/258 290/1031/258
f 292/1032/259 284/1033/259 283/1034/259 291/1035/259
f 293/1036/260 285/1037/260 284/1038/260 292/1039/260
f 294/1040/261 286/1041/261 285/1042/261 293/1043/261
f 295/1044/262 287/1045/262 286/1046/262 294/1047/262
f 296/1048/263 288/1049/263 287/1050/263 295/1051/263
f 297/1052/264 289/1053/264 288/1054/264 296/1055/264
f 217/1056/265 208/1057/265 289/1058/265 297/1059/265
f 135/1060/266 144/1061/266 298/1062/266 290/1063/266
f 290/1064/267 298/1065/267 299/1066/267 291/1067/267
f 291/1068/268 299/1069/268 300/1070/268 292/1071/268
f 292/1072/269 300/1073/269 301/1074/269 293/1075/269
f 293/1076/270 301/1077/270 302/1078/270 294/1079/270
f 294/1080/271 302/1081/271 303/1082/271 295/1083/271
f 295/1084/272 303/1085/272 304/1086/272 296/1087/272
f 296/1088/273 304/1089/273 305/1090/273 297/1091/273
f 297/1092/274 305/1093/274 226/1094/274 217/1095/274
f 306/1096/275 246/1097/275 247/1098/275
f 298/1099/276 144/1100/276 154/1101/276 307/1102/276
f 226/1103/277 305/1104/277 308/1105/277 228/1106/277
f 305/1107/278 304/1108/278 309/1109/278 308/1110/278
f 304/1111/279 303/1112/279 310/1113/279 309/1114/279
f 303/1115/280 302/1116/280 311/1117/280 310/1118/280
f 302/1119/281 301/1120/281 312/1121/281 311/1122/281
f 301/1123/282 300/1124/282 313/1125/282 312/1126/282
f 300/1127/283 299/1128/283 314/1129/283 313/1130/283
f 299/1131/284 298/1132/284 307/1133/284 314/1134/284
f 154/1135/285 163/1136/285 315/1137/285 307/1138/285
f 308/1139/286 316/1140/286 237/1141/286 228/1142/286
f 309/1143/287 317/1144/287 316/1145/287 308/1146/287
f 310/1147/288 318/1148/288 317/1149/288 309/1150/288
f 311/1151/289 319/1152/289 318/1153/289 310/1154/289
f 312/1155/290 320/1156/290 319/1157/290 311/1158/290
f 313/1159/291 321/1160/291 320/1161/291 312/1162/291
f 314/1163/292 322/1164/292 321/1165/292 313/1166/292
f 307/1167/293 315/1168/293 322/1169/293 314/1170/293
f 96/1171/294 258/1172/294 315/1173/294 163/1174/294
f 306/1175/295 247/1176/295 237/1177/295 316/1178/295
f 323/1179/296 306/1180/296 316/1181/296 317/1182/296
f 324/1183/297 323/1184/297 317/1185/297 318/1186/297
f 255/1187/298 324/1188/298 318/1189/298 319/1190/298
f 254/1191/299 255/1192/299 319/1193/299 320/1194/299
f 256/1195/300 254/1196/300 320/1197/300 321/1198/300
f 257/1199/301 256/1200/301 321/1201/301 322/1202/301
f 258/1203/302 257/1204/302 322/1205/302 315/1206/302
f 306/1207/303 323/1208/303 248/1209/303 246/1210/303
f 323/1211/304 324/1212/304 249/1213/304 248/1214/304
f 324/1215/305 255/1216/305 250/1217/305 249/1218/305
f 257/1219/306 258/1220/306 245/1221/306 253/1222/306
f 325/1223/307 326/1224/307 327/1225/307 328/1226/307
f 329/1227/308 330/1228/308 331/1229/308 332/1230/308
f 333/1231/309 334/1232/309 330/1233/309 329/1234/309
f 335/1235/310 336/1236/310 334/1237/310 333/1238/310
f 335/1239/311 337/1240/311 338/1241/311 336/1242/311
f 339/1243/312 340/1244/312 338/1245/312 337/1246/312
f 340/1247/313 339/1248/313 341/1249/313 342/1250/313
f 341/1251/314 343/1252/314 344/1253/314 342/1254/314
f 345/1255/315 346/1256/315 344/1257/315 343/1258/315
f 347/1259/316 348/1260/316 346/1261/316 345/1262/316
f 347/1263/317 349/1264/317 350/1265/317 348/1266/317
f 351/1267/318 352/1268/318 350/1269/318 349/1270/318
f 353/1271/319 352/1272/319 351/1273/319 354/1274/319
f 355/1275/320 356/1276/320 357/1277/320 358/1278/320
f 359/1279/321 360/1280/321 361/1281/321 362/1282/321
f 363/1283/322 364/1284/322 365/1285/322 366/1286/322
f 367/1287/323 368/1288/323 369/1289/323
f 370/1290/324 371/1291/324 372/1292/324 373/1293/324
f 371/1294/325 370/1295/325 374/1296/325 375/1297/325
f 375/1298/326 374/1299/326 376/1300/326 377/1301/326
f 378/1302/327 379/1303/327 380/1304/327 381/1305/327
f 382/1306/328 383/1307/328 384/1308/328 385/1309/328
f 386/1310/329 387/1311/329 388/1312/329 389/1313/329
f 390/1314/330 391/1315/330 328/1316/330 327/1317/330
f 392/1318/331 393/1319/331 394/1320/331 395/1321/331
f 396/1322/332 397/1323/332 398/1324/332 399/1325/332
f 400/1326/333 401/1327/333 402/1328/333 403/1329/333
f 404/1330/334 405/1331/334 406/1332/334 407/1333/334
f 408/1334/335 409/1335/335 410/1336/335 411/1337/335
f 412/1338/336 413/1339/336 414/1340/336 415/1341/336
f 415/1342/337 416/1343/337 417/1344/337 412/1345/337
f 418/1346/338 419/1347/338 420/1348/338 421/1349/338
f 422/1350/339 423/1351/339 424/1352/339 425/1353/339
f 425/1354/340 424/1355/340 407/1356/340 406/1357/340
f 426/1358/341 427/1359/341 428/1360/341 429/1361/341
f 430/1362/342 431/1363/342 399/1364/342 398/1365/342
f 432/1366/343 433/1367/343 434/1368/343 435/1369/343
f 436/1370/344 437/1371/344 438/1372/344 439/1373/344
f 436/1374/345 440/1375/345 441/1376/345 437/1377/345
f 440/1378/346 442/1379/346 443/1380/346 441/1381/346
f 444/1382/347 445/1383/347 443/1384/347 442/1385/347
f 446/1386/348 447/1387/348 445/1388/348 444/1389/348
f 446/1390/349 448/1391/349 449/1392/349 447/1393/349
f 450/1394/350 451/1395/350 449/1396/350 448/1397/350
f 452/1398/351 453/1399/351 454/1400/351 455/1401/351
f 439/1402/352 438/1403/352 453/1404/352 452/1405/352
f 456/1406/353 457/1407/353 458/1408/353 459/1409/353
f 456/1410/354 460/1411/354 461/1412/354 457/1413/354
f 462/1414/355 463/1415/355 464/1416/355
f 464/1417/356 463/1418/356 465/1419/356
f 466/1420/357 467/1421/357 458/1422/357 457/1423/357
f 466/1424/358 468/1425/358 469/1426/358 467/1427/358
f 466/1428/359 470/1429/359 471/1430/359 468/1431/359
f 465/1432/360 463/1433/360 472/1434/360
f 472/1435/361 463/1436/361 473/1437/361
f 469/1438/362 468/1439/362 474/1440/362 475/1441/362
f 456/1442/363 459/1443/363 476/1444/363 477/1445/363
f 478/1446/364 460/1447/364 456/1448/364 477/1449/364
f 463/1450/365 462/1451/365 479/1452/365
f 463/1453/366 479/1454/366 480/1455/366
f 481/1456/367 478/1457/367 477/1458/367 482/1459/367
f 463/1460/368 483/1461/368 484/1462/368
f 485/1463/369 486/1464/369 487/1465/369 488/1466/369
f 487/1467/370 486/1468/370 489/1469/370 490/1470/370
f 463/1471/371 484/1472/371 491/1473/371
f 463/1474/372 491/1475/372 473/1476/372
f 492/1477/373 474/1478/373 493/1479/373 494/1480/373
f 475/1481/374 474/1482/374 492/1483/374 495/1484/374
f 495/1485/375 492/1486/375 487/1487/375 490/1488/375
f 492/1489/376 494/1490/376 488/1491/376 487/1492/376
f 477/1493/377 476/1494/377 496/1495/377 482/1496/377
f 474/1497/378 468/1498/378 471/1499/378 493/1500/378
f 466/1501/379 457/1502/379 461/1503/379 470/1504/379
f 357/1505/380 356/1506/380 497/1507/380 498/1508/380
f 379/1509/381 378/1510/381 499/1511/381 500/1512/381
f 444/1513/382 442/1514/382 414/1515/382 413/1516/382
f 501/1517/383 502/1518/383 503/1519/383 504/1520/383
f 505/1521/384 506/1522/384 507/1523/384 508/1524/384
f 509/1525/385 510/1526/385 511/1527/385 512/1528/385
f 365/1529/386 364/1530/386 359/1531/386 362/1532/386
f 387/1533/387 386/1534/387 385/1535/387 384/1536/387
f 513/1537/388 514/1538/388 419/1539/388 418/1540/388
f 393/1541/389 363/1542/389 366/1543/389 394/1544/389
f 389/1545/390 388/1546/390 515/1547/390 516/1548/390
f 421/1549/391 420/1550/391 423/1551/391 422/1552/391
f 429/1553/392 428/1554/392 405/1555/392 404/1556/392
f 517/1557/393 518/1558/393 431/1559/393 430/1560/393
f 433/1561/394 392/1562/394 395/1563/394 434/1564/394
f 402/1565/395 332/1566/395 331/1567/395 403/1568/395
f 401/1569/396 400/1570/396 326/1571/396 325/1572/396
f 390/1573/397 519/1574/397 391/1575/397
f 355/1576/398 358/1577/398 503/1578/398 502/1579/398
f 508/1580/399 507/1581/399 381/1582/399 380/1583/399
f 512/1584/400 511/1585/400 417/1586/400 416/1587/400
f 361/1588/401 360/1589/401 501/1590/401 504/1591/401
f 382/1592/402 506/1593/402 505/1594/402 383/1595/402
f 514/1596/403 513/1597/403 510/1598/403 509/1599/403
f 520/1600/404 521/1601/404 427/1602/404 426/1603/404
f 396/1604/405 522/1605/405 397/1606/405
f 369/1607/406 432/1608/406 435/1609/406 367/1610/406
f 523/1611/407 524/1612/407 525/1613/407 526/1614/407
f 526/1615/408 525/1616/408 527/1617/408 528/1618/408
f 529/1619/409 530/1620/409 531/1621/409 532/1622/409
f 533/1623/410 534/1624/410 535/1625/410 536/1626/410
f 537/1627/411 533/1628/411 536/1629/411 538/1630/411
f 539/1631/412 410/1632/412 409/1633/412 540/1634/412
f 411/1635/413 541/1636/413 542/1637/413 408/1638/413
f 543/1639/414 544/1640/414 545/1641/414 546/1642/414
f 547/1643/415 537/1644/415 538/1645/415 548/1646/415
f 549/1647/416 550/1648/416 551/1649/416 552/1650/416
f 553/1651/417 554/1652/417 535/1653/417 534/1654/417
f 541/1655/418 546/1656/418 545/1657/418 542/1658/418
f 518/1659/419 517/1660/419 516/1661/419 515/1662/419
f 529/1663/420 532/1664/420 555/1665/420 556/1666/420
f 532/1667/421 557/1668/421 558/1669/421 555/1670/421
f 559/1671/422 527/1672/422 560/1673/422 561/1674/422
f 527/1675/423 525/1676/423 562/1677/423 560/1678/423
f 525/1679/424 524/1680/424 563/1681/424 562/1682/424
f 520/1683/425 426/1684/425 564/1685/425 565/1686/425
f 426/1687/426 429/1688/426 566/1689/426 564/1690/426
f 429/1691/427 404/1692/427 567/1693/427 566/1694/427
f 404/1695/428 407/1696/428 568/1697/428 567/1698/428
f 407/1699/429 424/1700/429 569/1701/429 568/1702/429
f 424/1703/430 423/1704/430 570/1705/430 569/1706/430
f 423/1707/431 420/1708/431 571/1709/431 570/1710/431
f 420/1711/432 419/1712/432 572/1713/432 571/1714/432
f 419/1715/433 514/1716/433 573/1717/433 572/1718/433
f 514/1719/434 509/1720/434 574/1721/434 573/1722/434
f 509/1723/435 512/1724/435 575/1725/435 574/1726/435
f 512/1727/436 416/1728/436 576/1729/436 575/1730/436
f 416/1731/437 415/1732/437 577/1733/437 576/1734/437
f 415/1735/438 414/1736/438 578/1737/438 577/1738/438
f 414/1739/439 442/1740/439 579/1741/439 578/1742/439
f 442/1743/440 440/1744/440 580/1745/440 579/1746/440
f 440/1747/441 436/1748/441 581/1749/441 580/1750/441
f 436/1751/442 439/1752/442 582/1753/442 581/1754/442
f 439/1755/443 452/1756/443 583/1757/443 582/1758/443
f 452/1759/444 455/1760/444 584/1761/444 583/1762/444
f 455/1763/445 585/1764/445 586/1765/445 584/1766/445
f 585/1767/446 543/1768/446 587/1769/446 586/1770/446
f 543/1771/447 546/1772/447 588/1773/447 587/1774/447
f 546/1775/448 541/1776/448 589/1777/448 588/1778/448
f 541/1779/449 411/1780/449 590/1781/449 589/1782/449
f 411/1783/450 410/1784/450 591/1785/450 590/1786/450
f 410/1787/451 539/1788/451 592/1789/451 591/1790/451
f 539/1791/452 593/1792/452 594/1793/452 592/1794/452
f 593/1795/453 553/1796/453 595/1797/453 594/1798/453
f 553/1799/454 534/1800/454 596/1801/454 595/1802/454
f 534/1803/455 533/1804/455 597/1805/455 596/1806/455
f 533/1807/456 537/1808/456 598/1809/456 597/1810/456
f 537/1811/457 547/1812/457 599/1813/457 598/1814/457
f 448/1815/458 446/1816/458 600/1817/458 601/1818/458
f 446/1819/459 444/1820/459 602/1821/459 600/1822/459
f 444/1823/460 413/1824/460 603/1825/460 602/1826/460
f 413/1827/461 412/1828/461 604/1829/461 603/1830/461
f 412/1831/462 417/1832/462 605/1833/462 604/1834/462
f 417/1835/463 511/1836/463 606/1837/463 605/1838/463
f 511/1839/464 510/1840/464 607/1841/464 606/1842/464
f 510/1843/465 513/1844/465 608/1845/465 607/1846/465
f 513/1847/466 418/1848/466 609/1849/466 608/1850/466
f 418/1851/467 421/1852/467 610/1853/467 609/1854/467
f 421/1855/468 422/1856/468 611/1857/468 610/1858/468
f 422/1859/469 425/1860/469 612/1861/469 611/1862/469
f 425/1863/470 406/1864/470 613/1865/470 612/1866/470
f 406/1867/471 405/1868/471 614/1869/471 613/1870/471
f 405/1871/472 428/1872/472 615/1873/472 614/1874/472
f 428/1875/473 427/1876/473 616/1877/473 615/1878/473
f 427/1879/474 521/1880/474 617/1881/474 616/1882/474
f 523/1883/475 526/1884/475 618/1885/475 619/1886/475
f 526/1887/476 528/1888/476 620/1889/476 618/1890/476
f 528/1891/477 621/1892/477 622/1893/477 620/1894/477
f 450/1895/478 448/1896/478 601/1897/478 623/1898/478
f 500/1899/479 499/1900/479 377/1901/479 376/1902/479
f 353/1903/480 354/1904/480 498/1905/480 497/1906/480
f 559/1907/481 621/1908/481 528/1909/481 527/1910/481
f 557/1911/482 532/1912/482 531/1913/482 624/1914/482
f 625/1915/483 626/1916/483 627/1917/483 628/1918/483
f 629/1919/484 630/1920/484 631/1921/484 632/1922/484
f 633/1923/485 629/1924/485 632/1925/485 634/1926/485
f 635/1927/486 633/1928/486 634/1929/486 636/1930/486
f 635/1931/487 636/1932/487 637/1933/487 638/1934/487
f 639/1935/488 638/1936/488 637/1937/488 640/1938/488
f 640/1939/489 641/1940/489 642/1941/489 639/1942/489
f 642/1943/490 641/1944/490 643/1945/490 644/1946/490
f 645/1947/491 644/1948/491 643/1949/491 646/1950/491
f 647/1951/492 645/1952/492 646/1953/492 648/1954/492
f 647/1955/493 648/1956/493 649/1957/493 650/1958/493
f 650/1959/494 649/1960/494 651/1961/494 652/1962/494
f 653/1963/495 654/1964/495 652/1965/495 651/1966/495
f 655/1967/496 656/1968/496 657/1969/496 658/1970/496
f 659/1971/497 660/1972/497 661/1973/497 662/1974/497
f 663/1975/498 664/1976/498 665/1977/498 666/1978/498
f 667/1979/499 668/1980/499 669/1981/499
f 670/1982/500 373/1983/500 372/1984/500 671/1985/500
f 671/1986/501 672/1987/501 673/1988/501 670/1989/501
f 672/1990/502 674/1991/502 675/1992/502 673/1993/502
f 676/1994/503 677/1995/503 678/1996/503 679/1997/503
f 680/1998/504 681/1999/504 682/2000/504 683/2001/504
f 684/2002/505 685/2003/505 686/2004/505 687/2005/505
f 688/2006/506 627/2007/506 626/2008/506 689/2009/506
f 690/2010/507 691/2011/507 692/2012/507 693/2013/507
f 694/2014/508 695/2015/508 696/2016/508 697/2017/508
f 698/2018/509 699/2019/509 700/2020/509 701/2021/509
f 702/2022/510 703/2023/510 704/2024/510 705/2025/510
f 706/2026/511 707/2027/511 708/2028/511 709/2029/511
f 707/2030/512 706/2031/512 710/2032/512 711/2033/512
f 712/2034/513 713/2035/513 714/2036/513 715/2037/513
f 716/2038/514 717/2039/514 718/2040/514 719/2041/514
f 717/2042/515 704/2043/515 703/2044/515 718/2045/515
f 720/2046/516 721/2047/516 722/2048/516 723/2049/516
f 724/2050/517 696/2051/517 695/2052/517 725/2053/517
f 726/2054/518 727/2055/518 728/2056/518 729/2057/518
f 730/2058/519 731/2059/519 732/2060/519 733/2061/519
f 730/2062/520 733/2063/520 734/2064/520 735/2065/520
f 735/2066/521 734/2067/521 736/2068/521 737/2069/521
f 738/2070/522 737/2071/522 736/2072/522 739/2073/522
f 740/2074/523 738/2075/523 739/2076/523 741/2077/523
f 740/2078/524 741/2079/524 742/2080/524 743/2081/524
f 450/2082/525 743/2083/525 742/2084/525 451/2085/525
f 744/2086/526 745/2087/526 746/2088/526 747/2089/526
f 731/2090/527 744/2091/527 747/2092/527 732/2093/527
f 748/2094/528 749/2095/528 750/2096/528 751/2097/528
f 752/2098/529 753/2099/529 748/2100/529 751/2101/529
f 754/2102/530 463/2103/530 755/2104/530
f 756/2105/531 463/2106/531 754/2107/531
f 750/2108/532 757/2109/532 758/2110/532 751/2111/532
f 758/2112/533 757/2113/533 759/2114/533 760/2115/533
f 761/2116/534 762/2117/534 758/2118/534 760/2119/534
f 756/2120/535 763/2121/535 463/2122/535
f 764/2123/536 463/2124/536 763/2125/536
f 765/2126/537 760/2127/537 759/2128/537 766/2129/537
f 767/2130/538 749/2131/538 748/2132/538 768/2133/538
f 748/2134/539 753/2135/539 769/2136/539 768/2137/539
f 463/2138/540 770/2139/540 755/2140/540
f 463/2141/541 480/2142/541 770/2143/541
f 481/2144/542 482/2145/542 768/2146/542 769/2147/542
f 463/2148/543 771/2149/543 483/2150/543
f 772/2151/544 486/2152/544 485/2153/544 773/2154/544
f 772/2155/545 774/2156/545 489/2157/545 486/2158/545
f 463/2159/546 775/2160/546 771/2161/546
f 463/2162/547 764/2163/547 775/2164/547
f 776/2165/548 765/2166/548 777/2167/548 778/2168/548
f 777/2169/549 765/2170/549 766/2171/549 779/2172/549
f 772/2173/550 777/2174/550 779/2175/550 774/2176/550
f 773/2177/551 778/2178/551 777/2179/551 772/2180/551
f 496/2181/552 767/2182/552 768/2183/552 482/2184/552
f 765/2185/553 776/2186/553 761/2187/553 760/2188/553
f 758/2189/554 762/2190/554 752/2191/554 751/2192/554
f 780/2193/555 781/2194/555 782/2195/555 783/2196/555
f 657/2197/556 784/2198/556 785/2199/556 658/2200/556
f 679/2201/557 786/2202/557 787/2203/557 676/2204/557
f 738/2205/558 709/2206/558 708/2207/558 737/2208/558
f 788/2209/559 789/2210/559 790/2211/559 791/2212/559
f 792/2213/560 793/2214/560 794/2215/560 795/2216/560
f 796/2217/561 797/2218/561 798/2219/561 799/2220/561
f 665/2221/562 660/2222/562 659/2223/562 666/2224/562
f 687/2225/563 682/2226/563 681/2227/563 684/2228/563
f 800/2229/564 712/2230/564 715/2231/564 801/2232/564
f 693/2233/565 692/2234/565 664/2235/565 663/2236/565
f 685/2237/566 802/2238/566 803/2239/566 686/2240/566
f 713/2241/567 716/2242/567 719/2243/567 714/2244/567
f 721/2245/568 702/2246/568 705/2247/568 722/2248/568
f 804/2249/569 724/2250/569 725/2251/569 805/2252/569
f 729/2253/570 728/2254/570 691/2255/570 690/2256/570
f 700/2257/571 699/2258/571 631/2259/571 630/2260/571
f 701/2261/572 625/2262/572 628/2263/572 698/2264/572
f 688/2265/573 689/2266/573 806/2267/573
f 655/2268/574 791/2269/574 790/2270/574 656/2271/574
f 793/2272/575 678/2273/575 677/2274/575 794/2275/575
f 797/2276/576 711/2277/576 710/2278/576 798/2279/576
f 661/2280/577 789/2281/577 788/2282/577 662/2283/577
f 680/2284/578 683/2285/578 792/2286/578 795/2287/578
f 801/2288/579 796/2289/579 799/2290/579 800/2291/579
f 807/2292/580 720/2293/580 723/2294/580 808/2295/580
f 694/2296/581 697/2297/581 809/2298/581
f 668/2299/582 667/2300/582 727/2301/582 726/2302/582
f 810/2303/583 811/2304/583 812/2305/583 813/2306/583
f 811/2307/584 814/2308/584 815/2309/584 812/2310/584
f 593/2311/585 539/2312/585 540/2313/585 816/2314/585
f 554/2315/586 553/2316/586 593/2317/586 816/2318/586
f 544/2319/587 543/2320/587 585/2321/587 817/2322/587
f 817/2323/588 585/2324/588 455/2325/588 782/2326/588
f 817/2327/589 782/2328/589 745/2329/589
f 805/2330/590 803/2331/590 802/2332/590 804/2333/590
f 530/2334/591 818/2335/591 819/2336/591 531/2337/591
f 531/2338/592 819/2339/592 820/2340/592 624/2341/592
f 821/2342/593 822/2343/593 823/2344/593 815/2345/593
f 815/2346/594 823/2347/594 824/2348/594 812/2349/594
f 812/2350/595 824/2351/595 825/2352/595 813/2353/595
f 807/2354/596 826/2355/596 827/2356/596 720/2357/596
f 720/2358/597 827/2359/597 828/2360/597 721/2361/597
f 721/2362/598 828/2363/598 829/2364/598 702/2365/598
f 702/2366/599 829/2367/599 830/2368/599 703/2369/599
f 703/2370/600 830/2371/600 831/2372/600 718/2373/600
f 718/2374/601 831/2375/601 832/2376/601 719/2377/601
f 719/2378/602 832/2379/602 833/2380/602 714/2381/602
f 714/2382/603 833/2383/603 834/2384/603 715/2385/603
f 715/2386/604 834/2387/604 835/2388/604 801/2389/604
f 801/2390/605 835/2391/605 836/2392/605 796/2393/605
f 796/2394/606 836/2395/606 837/2396/606 797/2397/606
f 797/2398/607 837/2399/607 838/2400/607 711/2401/607
f 711/2402/608 838/2403/608 839/2404/608 707/2405/608
f 707/2406/609 839/2407/609 840/2408/609 708/2409/609
f 708/2410/610 840/2411/610 841/2412/610 737/2413/610
f 737/2414/611 841/2415/611 842/2416/611 735/2417/611
f 735/2418/612 842/2419/612 843/2420/612 730/2421/612
f 730/2422/613 843/2423/613 844/2424/613 731/2425/613
f 731/2426/614 844/2427/614 845/2428/614 744/2429/614
f 744/2430/615 845/2431/615 846/2432/615 745/2433/615
f 745/2434/616 846/2435/616 847/2436/616 817/2437/616
f 817/2438/617 847/2439/617 848/2440/617 544/2441/617
f 544/2442/618 848/2443/618 849/2444/618 545/2445/618
f 545/2446/619 849/2447/619 850/2448/619 542/2449/619
f 542/2450/620 850/2451/620 851/2452/620 408/2453/620
f 408/2454/621 851/2455/621 852/2456/621 409/2457/621
f 409/2458/622 852/2459/622 853/2460/622 540/2461/622
f 540/2462/623 853/2463/623 854/2464/623 816/2465/623
f 816/2466/624 854/2467/624 855/2468/624 554/2469/624
f 554/2470/625 855/2471/625 856/2472/625 535/2473/625
f 535/2474/626 856/2475/626 857/2476/626 536/2477/626
f 536/2478/627 857/2479/627 858/2480/627 538/2481/627
f 538/2482/628 858/2483/628 859/2484/628 548/2485/628
f 743/2486/629 860/2487/629 861/2488/629 740/2489/629
f 740/2490/630 861/2491/630 862/2492/630 738/2493/630
f 738/2494/631 862/2495/631 863/2496/631 709/2497/631
f 709/2498/632 863/2499/632 864/2500/632 706/2501/632
f 706/2502/633 864/2503/633 865/2504/633 710/2505/633
f 710/2506/634 865/2507/634 866/2508/634 798/2509/634
f 798/2510/635 866/2511/635 867/2512/635 799/2513/635
f 799/2514/636 867/2515/636 868/2516/636 800/2517/636
f 800/2518/637 868/2519/637 869/2520/637 712/2521/637
f 712/2522/638 869/2523/638 870/2524/638 713/2525/638
f 713/2526/639 870/2527/639 871/2528/639 716/2529/639
f 716/2530/640 871/2531/640 872/2532/640 717/2533/640
f 717/2534/641 872/2535/641 873/2536/641 704/2537/641
f 704/2538/642 873/2539/642 874/2540/642 705/2541/642
f 705/2542/643 874/2543/643 875/2544/643 722/2545/643
f 722/2546/644 875/2547/644 876/2548/644 723/2549/644
f 723/2550/645 876/2551/645 877/2552/645 808/2553/645
f 810/2554/646 878/2555/646 879/2556/646 811/2557/646
f 811/2558/647 879/2559/647 880/2560/647 814/2561/647
f 814/2562/648 880/2563/648 881/2564/648 882/2565/648
f 450/2566/649 623/2567/649 860/2568/649 743/2569/649
f 786/2570/650 675/2571/650 674/2572/650 787/2573/650
f 653/2574/651 785/2575/651 784/2576/651 654/2577/651
f 821/2578/652 815/2579/652 814/2580/652 882/2581/652
f 460/2582/653 478/2583/653 883/2584/653 884/2585/653
f 478/2586/654 481/2587/654 885/2588/654 883/2589/654
f 481/2590/655 769/2591/655 886/2592/655 885/2593/655
f 769/2594/656 753/2595/656 887/2596/656 886/2597/656
f 753/2598/657 752/2599/657 888/2600/657 887/2601/657
f 752/2602/658 762/2603/658 889/2604/658 888/2605/658
f 762/2606/659 761/2607/659 890/2608/659 889/2609/659
f 761/2610/660 776/2611/660 891/2612/660 890/2613/660
f 776/2614/661 778/2615/661 892/2616/661 891/2617/661
f 778/2618/662 773/2619/662 893/2620/662 892/2621/662
f 773/2622/663 485/2623/663 894/2624/663 893/2625/663
f 485/2626/664 488/2627/664 895/2628/664 894/2629/664
f 488/2630/665 494/2631/665 896/2632/665 895/2633/665
f 494/2634/666 493/2635/666 897/2636/666 896/2637/666
f 493/2638/667 471/2639/667 898/2640/667 897/2641/667
f 471/2642/668 470/2643/668 899/2644/668 898/2645/668
f 470/2646/669 461/2647/669 900/2648/669 899/2649/669
f 461/2650/670 460/2651/670 884/2652/670 900/2653/670
f 884/2654/671 883/2655/671 479/2656/671 462/2657/671
f 883/2658/672 885/2659/672 480/2660/672 479/2661/672
f 885/2662/673 886/2663/673 770/2664/673 480/2665/673
f 886/2666/674 887/2667/674 755/2668/674 770/2669/674
f 887/2670/675 888/2671/675 754/2672/675 755/2673/675
f 888/2674/676 889/2675/676 756/2676/676 754/2677/676
f 889/2678/677 890/2679/677 763/2680/677 756/2681/677
f 890/2682/678 891/2683/678 764/2684/678 763/2685/678
f 891/2686/679 892/2687/679 775/2688/679 764/2689/679
f 892/2690/680 893/2691/680 771/2692/680 775/2693/680
f 893/2694/681 894/2695/681 483/2696/681 771/2697/681
f 894/2698/682 895/2699/682 484/2700/682 483/2701/682
f 895/2702/683 896/2703/683 491/2704/683 484/2705/683
f 896/2706/684 897/2707/684 473/2708/684 491/2709/684
f 897/2710/685 898/2711/685 472/2712/685 473/2713/685
f 898/2714/686 899/2715/686 465/2716/686 472/2717/686
f 899/2718/687 900/2719/687 464/2720/687 465/2721/687
f 900/2722/688 884/2723/688 462/2724/688 464/2725/688
f 901/2726/689 902/2727/689 903/2728/689 904/2729/689
f 905/2730/690 906/2731/690 902/2732/690 901/2733/690
f 907/2734/691 908/2735/691 906/2736/691 905/2737/691
f 909/2738/692 910/2739/692 911/2740/692 912/2741/692
f 907/2742/693 911/2743/693 910/2744/693 908/2745/693
f 912/2746/694 913/2747/694 914/2748/694 909/2749/694
f 915/2750/695 916/2751/695 914/2752/695 913/2753/695
f 917/2754/696 918/2755/696 916/2756/696 915/2757/696
f 917/2758/697 549/2759/697 552/2760/697 918/2761/697
f 550/2762/698 919/2763/698 920/2764/698 551/2765/698
f 919/2766/699 921/2767/699 922/2768/699 920/2769/699
f 923/2770/700 924/2771/700 922/2772/700 921/2773/700
f 923/2774/701 925/2775/701 926/2776/701 924/2777/701
f 925/2778/702 927/2779/702 928/2780/702 926/2781/702
f 927/2782/703 929/2783/703 930/2784/703 928/2785/703
f 919/2786/704 458/2787/704 467/2788/704 921/2789/704
f 458/2790/705 919/2791/705 550/2792/705 459/2793/705
f 475/2794/706 925/2795/706 923/2796/706 469/2797/706
f 929/2798/707 490/2799/707 489/2800/707 780/2801/707
f 917/2802/708 496/2803/708 476/2804/708 549/2805/708
f 549/2806/709 476/2807/709 459/2808/709 550/2809/709
f 490/2810/710 929/2811/710 927/2812/710 495/2813/710
f 495/2814/711 927/2815/711 925/2816/711 475/2817/711
f 469/2818/712 923/2819/712 921/2820/712 467/2821/712
f 749/2822/713 913/2823/713 912/2824/713 750/2825/713
f 911/2826/714 757/2827/714 750/2828/714 912/2829/714
f 759/2830/715 907/2831/715 905/2832/715 766/2833/715
f 780/2834/716 489/2835/716 774/2836/716 904/2837/716
f 766/2838/717 905/2839/717 901/2840/717 779/2841/717
f 779/2842/718 901/2843/718 904/2844/718 774/2845/718
f 915/2846/719 767/2847/719 496/2848/719 917/2849/719
f 913/2850/720 749/2851/720 767/2852/720 915/2853/720
f 757/2854/721 911/2855/721 907/2856/721 759/2857/721
f 929/2858/722 780/2859/722 783/2860/722 930/2861/722
f 904/2862/723 903/2863/723 781/2864/723 780/2865/723
f 455/2866/724 454/2867/724 783/2868/724 782/2869/724
f 454/2870/725 453/2871/725 930/2872/725 783/2873/725
f 453/2874/726 438/2875/726 928/2876/726 930/2877/726
f 438/2878/727 437/2879/727 926/2880/727 928/2881/727
f 437/2882/728 441/2883/728 924/2884/728 926/2885/728
f 924/2886/729 441/2887/729 443/2888/729 922/2889/729
f 443/2890/730 445/2891/730 920/2892/730 922/2893/730
f 445/2894/731 447/2895/731 551/2896/731 920/2897/731
f 447/2898/732 449/2899/732 552/2900/732 551/2901/732
f 449/2902/733 451/2903/733 918/2904/733 552/2905/733
f 918/2906/734 451/2907/734 742/2908/734 916/2909/734
f 916/2910/735 742/2911/735 741/2912/735 914/2913/735
f 914/2914/736 741/2915/736 739/2916/736 909/2917/736
f 909/2918/737 739/2919/737 736/2920/737 910/2921/737
f 736/2922/738 734/2923/738 908/2924/738 910/2925/738
f 908/2926/739 734/2927/739 733/2928/739 906/2929/739
f 906/2930/740 733/2931/740 732/2932/740 902/2933/740
f 902/2934/741 732/2935/741 747/2936/741 903/2937/741
f 903/2938/742 747/2939/742 746/2940/742 781/2941/742
f 781/2942/743 746/2943/743 745/2944/743 782/2945/743
f 599/2946/744 931/2947/744 391/2948/744 519/2949/744
f 931/2950/745 932/2951/745 328/2952/745 391/2953/745
f 932/2954/746 933/2955/746 325/2956/746 328/2957/746
f 933/2958/747 934/2959/747 401/2960/747 325/2961/747
f 934/2962/748 935/2963/748 402/2964/748 401/2965/748
f 935/2966/749 936/2967/749 332/2968/749 402/2969/749
f 936/2970/750 937/2971/750 329/2972/750 332/2973/750
f 937/2974/751 938/2975/751 333/2976/751 329/2977/751
f 938/2978/752 939/2979/752 335/2980/752 333/2981/752
f 939/2982/753 940/2983/753 337/2984/753 335/2985/753
f 940/2986/754 941/2987/754 339/2988/754 337/2989/754
f 941/2990/755 942/2991/755 341/2992/755 339/2993/755
f 942/2994/756 943/2995/756 343/2996/756 341/2997/756
f 943/2998/757 944/2999/757 345/3000/757 343/3001/757
f 944/3002/758 945/3003/758 347/3004/758 345/3005/758
f 945/3006/759 946/3007/759 349/3008/759 347/3009/759
f 946/3010/760 947/3011/760 351/3012/760 349/3013/760
f 947/3014/761 948/3015/761 354/3016/761 351/3017/761
f 948/3018/762 949/3019/762 498/3020/762 354/3021/762
f 949/3022/763 950/3023/763 357/3024/763 498/3025/763
f 950/3026/764 951/3027/764 358/3028/764 357/3029/764
f 951/3030/765 952/3031/765 503/3032/765 358/3033/765
f 952/3034/766 953/3035/766 504/3036/766 503/3037/766
f 953/3038/767 954/3039/767 361/3040/767 504/3041/767
f 954/3042/768 955/3043/768 362/3044/768 361/3045/768
f 955/3046/769 956/3047/769 365/3048/769 362/3049/769
f 956/3050/770 957/3051/770 366/3052/770 365/3053/770
f 957/3054/771 958/3055/771 394/3056/771 366/3057/771
f 958/3058/772 959/3059/772 395/3060/772 394/3061/772
f 959/3062/773 960/3063/773 434/3064/773 395/3065/773
f 960/3066/774 961/3067/774 435/3068/774 434/3069/774
f 961/3070/775 962/3071/775 367/3072/775 435/3073/775
f 962/3074/776 565/3075/776 368/3076/776 367/3077/776
f 565/3078/777 564/3079/777 369/3080/777 368/3081/777
f 564/3082/778 566/3083/778 432/3084/778 369/3085/778
f 566/3086/779 567/3087/779 433/3088/779 432/3089/779
f 567/3090/780 568/3091/780 392/3092/780 433/3093/780
f 568/3094/781 569/3095/781 393/3096/781 392/3097/781
f 569/3098/782 570/3099/782 363/3100/782 393/3101/782
f 570/3102/783 571/3103/783 364/3104/783 363/3105/783
f 571/3106/784 572/3107/784 359/3108/784 364/3109/784
f 572/3110/785 573/3111/785 360/3112/785 359/3113/785
f 573/3114/786 574/3115/786 501/3116/786 360/3117/786
f 574/3118/787 575/3119/787 502/3120/787 501/3121/787
f 575/3122/788 576/3123/788 355/3124/788 502/3125/788
f 576/3126/789 577/3127/789 356/3128/789 355/3129/789
f 577/3130/790 578/3131/790 497/3132/790 356/3133/790
f 578/3134/791 579/3135/791 353/3136/791 497/3137/791
f 579/3138/792 580/3139/792 352/3140/792 353/3141/792
f 580/3142/793 581/3143/793 350/3144/793 352/3145/793
f 581/3146/794 582/3147/794 348/3148/794 350/3149/794
f 582/3150/795 583/3151/795 346/3152/795 348/3153/795
f 583/3154/796 584/3155/796 344/3156/796 346/3157/796
f 584/3158/797 586/3159/797 342/3160/797 344/3161/797
f 586/3162/798 587/3163/798 340/3164/798 342/3165/798
f 587/3166/799 588/3167/799 338/3168/799 340/3169/799
f 588/3170/800 589/3171/800 336/3172/800 338/3173/800
f 589/3174/801 590/3175/801 334/3176/801 336/3177/801
f 590/3178/802 591/3179/802 330/3180/802 334/3181/802
f 591/3182/803 592/3183/803 331/3184/803 330/3185/803
f 592/3186/804 594/3187/804 403/3188/804 331/3189/804
f 594/3190/805 595/3191/805 400/3192/805 403/3193/805
f 595/3194/806 596/3195/806 326/3196/806 400/3197/806
f 596/3198/807 597/3199/807 327/3200/807 326/3201/807
f 597/3202/808 598/3203/808 390/3204/808 327/3205/808
f 598/3206/809 599/3207/809 519/3208/809 390/3209/809
f 601/3210/810 600/3211/810 374/3212/810 370/3213/810
f 600/3214/811 602/3215/811 376/3216/811 374/3217/811
f 602/3218/812 603/3219/812 500/3220/812 376/3221/812
f 603/3222/813 604/3223/813 379/3224/813 500/3225/813
f 604/3226/814 605/3227/814 380/3228/814 379/3229/814
f 605/3230/815 606/3231/815 508/3232/815 380/3233/815
f 606/3234/816 607/3235/816 505/3236/816 508/3237/816
f 607/3238/817 608/3239/817 383/3240/817 505/3241/817
f 608/3242/818 609/3243/818 384/3244/818 383/3245/818
f 609/3246/819 610/3247/819 387/3248/819 384/3249/819
f 610/3250/820 611/3251/820 388/3252/820 387/3253/820
f 611/3254/821 612/3255/821 515/3256/821 388/3257/821
f 612/3258/822 613/3259/822 518/3260/822 515/3261/822
f 613/3262/823 614/3263/823 431/3264/823 518/3265/823
f 614/3266/824 615/3267/824 399/3268/824 431/3269/824
f 615/3270/825 616/3271/825 396/3272/825 399/3273/825
f 616/3274/826 617/3275/826 522/3276/826 396/3277/826
f 617/3278/827 963/3279/827 397/3280/827 522/3281/827
f 963/3282/828 964/3283/828 398/3284/828 397/3285/828
f 964/3286/829 965/3287/829 430/3288/829 398/3289/829
f 965/3290/830 966/3291/830 517/3292/830 430/3293/830
f 966/3294/831 967/3295/831 516/3296/831 517/3297/831
f 967/3298/832 968/3299/832 389/3300/832 516/3301/832
f 968/3302/833 969/3303/833 386/3304/833 389/3305/833
f 969/3306/834 970/3307/834 385/3308/834 386/3309/834
f 970/3310/835 971/3311/835 382/3312/835 385/3313/835
f 971/3314/836 972/3315/836 506/3316/836 382/3317/836
f 972/3318/837 973/3319/837 507/3320/837 506/3321/837
f 973/3322/838 974/3323/838 381/3324/838 507/3325/838
f 974/3326/839 975/3327/839 378/3328/839 381/3329/839
f 975/3330/840 976/3331/840 499/3332/840 378/3333/840
f 976/3334/841 977/3335/841 377/3336/841 499/3337/841
f 977/3338/842 978/3339/842 375/3340/842 377/3341/842
f 978/3342/843 979/3343/843 371/3344/843 375/3345/843
f 979/3346/844 980/3347/844 372/3348/844 371/3349/844
f 980/3350/845 981/3351/845 671/3352/845 372/3353/845
f 981/3354/846 982/3355/846 672/3356/846 671/3357/846
f 982/3358/847 983/3359/847 674/3360/847 672/3361/847
f 983/3362/848 984/3363/848 787/3364/848 674/3365/848
f 984/3366/849 985/3367/849 676/3368/849 787/3369/849
f 985/3370/850 986/3371/850 677/3372/850 676/3373/850
f 986/3374/851 987/3375/851 794/3376/851 677/3377/851
f 987/3378/852 988/3379/852 795/3380/852 794/3381/852
f 988/3382/853 989/3383/853 680/3384/853 795/3385/853
f 989/3386/854 990/3387/854 681/3388/854 680/3389/854
f 990/3390/855 991/3391/855 684/3392/855 681/3393/855
f 991/3394/856 992/3395/856 685/3396/856 684/3397/856
f 992/3398/857 993/3399/857 802/3400/857 685/3401/857
f 993/3402/858 994/3403/858 804/3404/858 802/3405/858
f 994/3406/859 995/3407/859 724/3408/859 804/3409/859
f 995/3410/860 996/3411/860 696/3412/860 724/3413/860
f 996/3414/861 997/3415/861 697/3416/861 696/3417/861
f 997/3418/862 877/3419/862 809/3420/862 697/3421/862
f 877/3422/863 876/3423/863 694/3424/863 809/3425/863
f 876/3426/864 875/3427/864 695/3428/864 694/3429/864
f 875/3430/865 874/3431/865 725/3432/865 695/3433/865
f 874/3434/866 873/3435/866 805/3436/866 725/3437/866
f 873/3438/867 872/3439/867 803/3440/867 805/3441/867
f 872/3442/868 871/3443/868 686/3444/868 803/3445/868
f 871/3446/869 870/3447/869 687/3448/869 686/3449/869
f 870/3450/870 869/3451/870 682/3452/870 687/3453/870
f 869/3454/871 868/3455/871 683/3456/871 682/3457/871
f 868/3458/872 867/3459/872 792/3460/872 683/3461/872
f 867/3462/873 866/3463/873 793/3464/873 792/3465/873
f 866/3466/874 865/3467/874 678/3468/874 793/3469/874
f 865/3470/875 864/3471/875 679/3472/875 678/3473/875
f 864/3474/876 863/3475/876 786/3476/876 679/3477/876
f 863/3478/877 862/3479/877 675/3480/877 786/3481/877
f 862/3482/878 861/3483/878 673/3484/878 675/3485/878
f 861/3486/879 860/3487/879 670/3488/879 673/3489/879
f 860/3490/880 623/3491/880 373/3492/880 670/3493/880
f 623/3494/881 601/3495/881 370/3496/881 373/3497/881
f 998/3498/882 999/3499/882 626/3500/882 625/3501/882
f 999/3502/883 1000/3503/883 689/3504/883 626/3505/883
f 1000/3506/884 859/3507/884 806/3508/884 689/3509/884
f 859/3510/885 858/3511/885 688/3512/885 806/3513/885
f 858/3514/886 857/3515/886 627/3516/886 688/3517/886
f 857/3518/887 856/3519/887 628/3520/887 627/3521/887
f 856/3522/888 855/3523/888 698/3524/888 628/3525/888
f 855/3526/889 854/3527/889 699/3528/889 698/3529/889
f 854/3530/890 853/3531/890 631/3532/890 699/3533/890
f 853/3534/891 852/3535/891 632/3536/891 631/3537/891
f 852/3538/892 851/3539/892 634/3540/892 632/3541/892
f 851/3542/893 850/3543/893 636/3544/893 634/3545/893
f 850/3546/894 849/3547/894 637/3548/894 636/3549/894
f 849/3550/895 848/3551/895 640/3552/895 637/3553/895
f 848/3554/896 847/3555/896 641/3556/896 640/3557/896
f 847/3558/897 846/3559/897 643/3560/897 641/3561/897
f 846/3562/898 845/3563/898 646/3564/898 643/3565/898
f 845/3566/899 844/3567/899 648/3568/899 646/3569/899
f 844/3570/900 843/3571/900 649/3572/900 648/3573/900
f 843/3574/901 842/3575/901 651/3576/901 649/3577/901
f 842/3578/902 841/3579/902 653/3580/902 651/3581/902
f 841/3582/903 840/3583/903 785/3584/903 653/3585/903
f 840/3586/904 839/3587/904 658/3588/904 785/3589/904
f 839/3590/905 838/3591/905 655/3592/905 658/3593/905
f 838/3594/906 837/3595/906 791/3596/906 655/3597/906
f 837/3598/907 836/3599/907 788/3600/907 791/3601/907
f 836/3602/908 835/3603/908 662/3604/908 788/3605/908
f 835/3606/909 834/3607/909 659/3608/909 662/3609/909
f 834/3610/910 833/3611/910 666/3612/910 659/3613/910
f 833/3614/911 832/3615/911 663/3616/911 666/3617/911
f 832/3618/912 831/3619/912 693/3620/912 663/3621/912
f 831/3622/913 830/3623/913 690/3624/913 693/3625/913
f 830/3626/914 829/3627/914 729/3628/914 690/3629/914
f 829/3630/915 828/3631/915 726/3632/915 729/3633/915
f 828/3634/916 827/3635/916 668/3636/916 726/3637/916
f 827/3638/917 826/3639/917 669/3640/917 668/3641/917
f 826/3642/918 1001/3643/918 667/3644/918 669/3645/918
f 1001/3646/919 1002/3647/919 727/3648/919 667/3649/919
f 1002/3650/920 1003/3651/920 728/3652/920 727/3653/920
f 1003/3654/921 1004/3655/921 691/3656/921 728/3657/921
f 1004/3658/922 1005/3659/922 692/3660/922 691/3661/922
f 1005/3662/923 1006/3663/923 664/3664/923 692/3665/923
f 1006/3666/924 1007/3667/924 665/3668/924 664/3669/924
f 1007/3670/925 1008/3671/925 660/3672/925 665/3673/925
f 1008/3674/926 1009/3675/926 661/3676/926 660/3677/926
f 1009/3678/927 1010/3679/927 789/3680/927 661/3681/927
f 1010/3682/928 1011/3683/928 790/3684/928 789/3685/928
f 1011/3686/929 1012/3687/929 656/3688/929 790/3689/929
f 1012/3690/930 1013/3691/930 657/3692/930 656/3693/930
f 1013/3694/931 1014/3695/931 784/3696/931 657/3697/931
f 1014/3698/932 1015/3699/932 654/3700/932 784/3701/932
f 1015/3702/933 1016/3703/933 652/3704/933 654/3705/933
f 1016/3706/934 1017/3707/934 650/3708/934 652/3709/934
f 1017/3710/935 1018/3711/935 647/3712/935 650/3713/935
f 1018/3714/936 1019/3715/936 645/3716/936 647/3717/936
f 1019/3718/937 1020/3719/937 644/3720/937 645/3721/937
f 1020/3722/938 1021/3723/938 642/3724/938 644/3725/938
f 1021/3726/939 1022/3727/939 639/3728/939 642/3729/939
f 1022/3730/940 1023/3731/940 638/3732/940 639/3733/940
f 1023/3734/941 1024/3735/941 635/3736/941 638/3737/941
f 1024/3738/942 1025/3739/942 633/3740/942 635/3741/942
f 1025/3742/943 1026/3743/943 629/3744/943 633/3745/943
f 1026/3746/944 1027/3747/944 630/3748/944 629/3749/944
f 1027/3750/945 1028/3751/945 700/3752/945 630/3753/945
f 1028/3754/946 1029/3755/946 701/3756/946 700/3757/946
f 1029/3758/947 998/3759/947 625/3760/947 701/3761/947
f 521/3762/948 520/3763/948 524/3764/948 523/3765/948
f 520/3766/949 565/3767/949 563/3768/949 524/3769/949
f 565/3770/950 962/3771/950 562/3772/950 563/3773/950
f 962/3774/951 961/3775/951 560/3776/951 562/3777/951
f 961/3778/952 960/3779/952 561/3780/952 560/3781/952
f 960/3782/953 1030/3783/953 559/3784/953 561/3785/953
f 1030/3786/954 1031/3787/954 621/3788/954 559/3789/954
f 1031/3790/955 965/3791/955 622/3792/955 621/3793/955
f 965/3794/956 964/3795/956 620/3796/956 622/3797/956
f 964/3798/957 963/3799/957 618/3800/957 620/3801/957
f 963/3802/958 617/3803/958 619/3804/958 618/3805/958
f 617/3806/959 521/3807/959 523/3808/959 619/3809/959
f 547/3810/960 548/3811/960 530/3812/960 529/3813/960
f 548/3814/961 859/3815/961 818/3816/961 530/3817/961
f 859/3818/962 1000/3819/962 819/3820/962 818/3821/962
f 1000/3822/963 999/3823/963 820/3824/963 819/3825/963
f 999/3826/964 1032/3827/964 624/3828/964 820/3829/964
f 1032/3830/965 1033/3831/965 557/3832/965 624/3833/965
f 1033/3834/966 932/3835/966 558/3836/966 557/3837/966
f 932/3838/967 931/3839/967 555/3840/967 558/3841/967
f 931/3842/968 599/3843/968 556/3844/968 555/3845/968
f 599/3846/969 547/3847/969 529/3848/969 556/3849/969
f 1001/3850/970 826/3851/970 825/3852/970 824/3853/970
f 826/3854/971 807/3855/971 813/3856/971 825/3857/971
f 807/3858/972 808/3859/972 810/3860/972 813/3861/972
f 808/3862/973 877/3863/973 878/3864/973 810/3865/973
f 877/3866/974 997/3867/974 879/3868/974 878/3869/974
f 997/3870/975 996/3871/975 880/3872/975 879/3873/975
f 996/3874/976 995/3875/976 881/3876/976 880/3877/976
f 995/3878/977 1034/3879/977 882/3880/977 881/3881/977
f 1034/3882/978 1035/3883/978 821/3884/978 882/3885/978
f 1035/3886/979 1003/3887/979 822/3888/979 821/3889/979
f 1003/3890/980 1002/3891/980 823/3892/980 822/3893/980
f 1002/3894/981 1001/3895/981 824/3896/981 823/3897/981